Atoms: 57  Mode #:  1 Freq: -6.791033998702114 cm-1,Mass weighted displacment dq is: 
 [ 1.89344467e-05  1.83379096e-05 -2.10107197e-03 -3.77840379e-05  1.22434991e-04  1.94839021e-02  1.15271808e-04  2.19807921e-05 -2.09359030e-02  7.36153342e-05 -3.22868281e-05 -1.99351236e-02 -3.49561602e-05 -2.79954352e-05  1.77297204e-02 -2.63290254e-05  2.23618855e-05 -2.02587376e-02  1.94517448e-05  7.27690077e-05  1.82486895e-02 -7.86528885e-05 -3.58577375e-05 -2.20131487e-02  1.94028035e-05 -7.26871923e-05  1.92453824e-02 -1.56682763e-04 -2.22187846e-05  1.02924637e-01 -8.86865085e-05 -2.33489684e-05  3.11654131e-02 -3.40124041e-05 -2.49013721e-05 -5.64220615e-02 -1.22966852e-05 -3.99212555e-05 -1.23651949e-01 -1.27667874e-04 -3.44991149e-05  1.20802620e-01 -4.38537405e-05 -3.87182077e-05  5.38432312e-02  2.82893048e-04 -1.78703622e-04 -2.02222898e-01  2.34007319e-04 -1.80464826e-04 -1.62924885e-01  3.42360323e-04 -2.43293083e-04 -2.64269536e-01 -1.86040606e-04 -4.91649409e-05  2.00518912e-01 -2.48228532e-04 -1.42200090e-05  1.60528154e-01 -2.79904943e-04 -3.99215172e-05  2.62423290e-01  3.16034922e-04 -2.40775046e-04 -2.43430607e-01  8.60107077e-05 -7.30720113e-05 -3.34654840e-02  1.76253150e-04 -1.26143242e-04 -1.05145831e-01 -1.42557517e-06  2.22490738e-05 -1.05674457e-01 -1.69702359e-05  5.66350309e-05 -3.36116330e-02 -3.07645912e-04 -2.94035908e-05  2.41226138e-01 -2.59981855e-05  1.23060313e-04  5.43280135e-02 -5.10251741e-05  1.81074832e-04  1.21616373e-01  4.02093257e-05  8.04415769e-05  3.19981043e-02 -9.17611153e-06  1.56556637e-04  1.03950398e-01  2.02050568e-04 -1.16715376e-04 -1.22692159e-01  1.26717054e-04 -4.26224721e-05 -5.56556416e-02 -5.81055151e-06 -1.04674012e-04 -2.03707955e-01  2.14048959e-05  3.97184868e-05 -1.63486399e-01  1.87171231e-05 -9.80176210e-05 -2.65838922e-01  2.91684778e-05 -2.32036052e-05 -2.44510623e-01 -1.11840360e-04  2.40956845e-04  2.01436940e-01 -2.96531052e-05  1.99557148e-04  1.61868909e-01 -1.35095471e-04  2.85245644e-04  2.63643617e-01 -9.14285262e-05  2.58801781e-04  2.42655350e-01 -3.97996572e-05  7.50973778e-05  6.50339618e-02 -2.35212126e-06  5.44075985e-05  4.43545820e-02 -3.77243330e-05  7.40450720e-05  8.63400325e-02 -4.49616824e-05 -1.68165088e-05  6.48164939e-02 -8.14817939e-05  9.61622082e-07  4.39215517e-02 -1.17096508e-04 -1.93950039e-05  8.58585340e-02 -9.91423913e-05 -3.94988507e-06  9.81998248e-02  9.12866281e-05 -5.38476232e-05 -6.52273957e-02  6.40168040e-05 -5.23201143e-05 -4.46922677e-02  1.02344308e-04 -8.25579573e-05 -8.65374175e-02  1.18119722e-04 -8.86847329e-05 -9.86945913e-02 -1.71459481e-07 -4.89447547e-05 -6.57621861e-02  1.08888256e-05  2.74956001e-05 -4.47508602e-02  9.29283563e-06 -2.62162707e-06 -8.68642799e-02  8.78700912e-06 -4.62723749e-05 -9.92754198e-02 -5.67970463e-05  1.05877865e-04  9.85762449e-02]
Atoms: 57  Mode #:  2 Freq: -1.1078153271984899 cm-1,Mass weighted displacment dq is: 
 [-1.36087528e-06 -1.87148685e-06  1.35147015e-03 -3.72781827e-04  8.46108910e-04  1.72561462e-01  7.51201668e-04  2.12593494e-04 -1.17527405e-02  4.47125551e-04 -2.57193751e-04 -7.31036588e-02 -1.51309930e-04 -4.26388889e-04 -6.27562640e-02 -4.49641958e-04  2.54670729e-04  7.44686359e-02  1.51155303e-04  4.24774855e-04  6.41161311e-02 -7.47105080e-04 -2.12642599e-04  1.30786887e-02  3.66243939e-04 -8.50838228e-04 -1.71132169e-01 -4.65435299e-04 -7.67185800e-04 -1.00709506e-01 -4.46617736e-04 -4.27618674e-04 -4.31676510e-02 -6.73442044e-04  1.09834803e-04  6.27187227e-02 -9.36329637e-04  3.64038082e-04  1.21596428e-01 -1.57717004e-04 -9.44580750e-04 -1.53277143e-01  3.88877764e-05 -7.05946544e-04 -1.24631827e-01  1.22817372e-03 -3.65878114e-04 -1.36114777e-01  1.02722276e-03 -9.49402731e-04 -2.26493319e-01  1.42373961e-03 -6.59779713e-04 -1.97735851e-01 -9.14244915e-05 -1.29145641e-03 -2.18769793e-01 -7.19562420e-04 -9.25592217e-04 -1.10418173e-01 -3.41734025e-04 -1.45017235e-03 -2.29390345e-01  1.32403880e-03 -9.47562632e-04 -2.42437751e-01  5.08722767e-04 -5.70721586e-04 -1.30861628e-01  8.30430512e-04 -6.55950096e-04 -1.64474194e-01 -8.39817401e-04  6.49823606e-04  1.65782492e-01 -5.15441777e-04  5.66180944e-04  1.32160780e-01 -6.53784967e-04 -1.26994859e-03 -1.75436660e-01 -4.02201995e-05  7.03444152e-04  1.25925789e-01  1.61053714e-04  9.43561806e-04  1.54569990e-01  4.50824812e-04  4.27945698e-04  4.44069113e-02  4.72846358e-04  7.68401944e-04  1.01960912e-01  9.31992140e-04 -3.67751253e-04 -1.20322789e-01  6.72767834e-04 -1.11449679e-04 -6.14716421e-02 -1.23081842e-03  3.61970527e-04  1.37394555e-01 -1.04184294e-03  9.39386713e-04  2.27836184e-01 -1.43158211e-03  6.52133681e-04  1.99069646e-01 -1.33732610e-03  9.37197315e-04  2.43788415e-01  9.59260385e-05  1.28972333e-03  2.20094884e-01  7.32400595e-04  9.28904132e-04  1.11657132e-01  3.51993327e-04  1.45049175e-03  2.30688577e-01  6.68218067e-04  1.27293815e-03  1.76695692e-01 -4.27679958e-05  4.12606092e-04  7.55892229e-02  2.82754180e-04  2.29014879e-04  2.02500970e-02  2.51502111e-04  4.08389225e-04  5.39609851e-02  4.31943802e-05 -4.13635164e-04 -7.51956859e-02 -2.78224016e-04 -2.27502033e-04 -1.98996368e-02 -2.46012134e-04 -4.07063866e-04 -5.35997831e-02 -8.71660875e-05 -4.97565027e-04 -8.10385154e-02  3.77311257e-04 -4.15865984e-05 -2.92819624e-02  2.74556460e-04 -3.38821737e-04 -7.53598885e-02  4.29968932e-04 -3.39505436e-04 -8.39747869e-02  4.80608728e-04 -1.93438816e-04 -6.12607825e-02 -3.76725978e-04  4.13444196e-05  2.96468796e-02 -2.80160638e-04  3.34993275e-04  7.57568070e-02 -4.35107143e-04  3.35654638e-04  8.43758744e-02 -4.82940030e-04  1.91119698e-04  6.16523944e-02  9.05123863e-05  4.97545298e-04  8.14192957e-02]
Atoms: 57  Mode #:  3 Freq: -1.0872447000137604 cm-1,Mass weighted displacment dq is: 
 [-7.94380881e-06 -1.76273129e-05  6.65158628e-04  1.12681646e-05 -8.39492763e-05  1.26367220e-02 -2.30797888e-04  7.61318483e-05  1.72141051e-01 -1.00672974e-04  6.16582909e-05  6.38478505e-02  7.79670226e-05 -1.11196249e-05 -7.34511190e-02  9.23407529e-05 -7.76724226e-05 -6.30684015e-02 -8.54238535e-05 -7.50047438e-06  7.39944873e-02  2.25642681e-04 -9.87623547e-05 -1.71463580e-01 -2.10789172e-05  7.18335522e-05 -1.20116359e-02  1.94819592e-04 -2.40410191e-05 -1.65155344e-01  1.59532307e-04 -4.56267665e-05 -1.31291184e-01  1.71703366e-04 -1.04587088e-04 -1.24809291e-01  2.18001849e-04 -1.48151066e-04 -1.53246655e-01  1.24896341e-04  2.28507145e-05 -1.21001366e-01  5.13997308e-05  2.82212617e-05 -6.18751087e-02 -3.09179872e-04  1.87722541e-04  2.20226867e-01 -1.89410728e-04  1.56788424e-04  1.11976493e-01 -3.31448299e-04  2.21440875e-04  2.31048806e-01  1.34612040e-04  6.23290681e-05 -1.37086636e-01  2.80929454e-04 -3.87579405e-05 -2.27450217e-01  2.20785401e-04  4.70646980e-05 -1.99032987e-01 -2.71621256e-04  2.05077699e-04  1.77158404e-01 -8.64837710e-05  8.00706934e-05  4.42869557e-02 -1.67217400e-04  1.26420658e-04  1.02040447e-01  1.56310315e-04 -1.33308618e-04 -1.00745480e-01  7.68537785e-05 -9.04295159e-05 -4.34197132e-02  2.90273547e-04  2.28931172e-06 -2.43714114e-01 -5.88987725e-05 -4.39602783e-05  6.21891220e-02 -1.29912517e-04 -4.26342907e-05  1.20869291e-01 -1.64105143e-04  2.39580259e-05  1.31641852e-01 -1.97490262e-04 -5.69486324e-07  1.65058541e-01 -2.26645726e-04  1.37244465e-04  1.54561178e-01 -1.78546988e-04  8.86618941e-05  1.25704436e-01  3.01185906e-04 -1.97038414e-04 -2.18481090e-01  1.76094876e-04 -1.57816001e-04 -1.10280513e-01  3.21014129e-04 -2.24662759e-04 -2.28903986e-01  2.58432523e-04 -2.04173033e-04 -1.75027546e-01 -1.39178749e-04 -8.07683996e-05  1.36478693e-01 -2.79773522e-04  8.71627220e-06  2.26934832e-01 -2.21440886e-04 -7.09865459e-05  1.97968894e-01 -2.88344578e-04 -3.13893849e-05  2.42705237e-01 -2.34003397e-05 -3.37059911e-05  2.93753247e-02 -9.73505126e-05  1.24011655e-05  7.54909531e-02 -1.01517047e-04 -6.97328219e-06  8.40142820e-02  2.12331015e-05  2.96507513e-05 -2.95756253e-02  9.85388943e-05 -2.24001424e-05 -7.56413834e-02  1.03002688e-04 -2.68874460e-06 -8.44207645e-02  6.68631487e-05  1.98810050e-05 -6.17232775e-02 -1.02175451e-04  5.80791716e-05  7.56086370e-02 -4.18511806e-05  4.15466799e-05  2.03692807e-02 -8.42113482e-05  6.64533575e-05  5.41561539e-02 -1.14441999e-04  7.52851912e-05  8.15660261e-02  1.00413073e-04 -6.16037977e-05 -7.50848363e-02  3.74001629e-05 -4.10352223e-05 -1.98711117e-02  7.98595565e-05 -6.47970774e-05 -5.34316660e-02  1.11468888e-04 -7.57303172e-05 -8.08255949e-02 -6.68372961e-05 -2.69958142e-05  6.12788868e-02]
Atoms: 57  Mode #:  4 Freq: -0.7268517085978187 cm-1,Mass weighted displacment dq is: 
 [-2.33337308e-04 -5.19232698e-05 -2.70648382e-04 -3.42127743e-02  1.14505405e-01 -1.33598698e-03  1.14410406e-01  3.40705546e-02  1.65060986e-04  5.95010372e-02 -3.22247972e-02  4.67493633e-04 -3.23124817e-02 -5.96465968e-02  2.06577751e-04 -5.97349968e-02  3.21735810e-02 -7.06575494e-04  3.20781023e-02  5.95955025e-02 -5.10243442e-04 -1.14645031e-01 -3.41217851e-02 -3.96254757e-04  3.39787397e-02 -1.14555413e-01  1.02363842e-03 -8.47871390e-02 -1.08241713e-01  3.21935344e-04 -7.50849810e-02 -6.18033628e-02  1.20571548e-05 -9.66688681e-02  1.05974966e-02 -6.60413658e-04 -1.30293073e-01  4.41495587e-02 -1.06217034e-03 -4.42774497e-02 -1.30212852e-01  7.05217198e-04 -1.07265406e-02 -9.65863570e-02  6.24421671e-04  1.76029684e-01 -4.19265257e-02  1.29342374e-03  1.31136098e-01 -1.24100404e-01  1.74711038e-03  1.99030683e-01 -8.12208217e-02  1.80195521e-03 -4.20069552e-02 -1.76176792e-01  1.06640958e-03 -1.24187512e-01 -1.31278571e-01  2.90633330e-04 -8.13047419e-02 -1.99181824e-01  1.03365085e-03  1.77030713e-01 -1.21788376e-01  2.02490435e-03  6.16689373e-02 -7.50030151e-02  8.69479392e-04  1.08103177e-01 -8.47044023e-02  1.24448831e-03 -1.08321086e-01  8.46597274e-02 -1.32299086e-03 -6.18850915e-02  7.49576220e-02 -1.06934687e-03 -1.21875027e-01 -1.77180089e-01  6.54749858e-04  1.05093825e-02  9.65404825e-02 -9.72523003e-04  4.40604106e-02  1.30167741e-01 -1.16659421e-03  7.48686657e-02  6.17556989e-02 -3.15386560e-04  8.45717697e-02  1.08194594e-01 -7.47807285e-04  1.30073668e-01 -4.41968844e-02  1.01907125e-03  9.64513100e-02 -1.06457468e-02  5.05274202e-04 -1.76254312e-01  4.18789389e-02 -1.19963448e-03 -1.31356512e-01  1.24061047e-01 -1.73245670e-03 -1.99258210e-01  8.11772989e-02 -1.60753890e-03 -1.77255494e-01  1.21748926e-01 -1.87257240e-03  4.17894784e-02  1.76135395e-01 -1.66656111e-03  1.23976641e-01  1.31233377e-01 -8.11277229e-04  8.10919467e-02  1.99142715e-01 -1.73615130e-03  1.21664755e-01  1.77140257e-01 -1.31485227e-03  2.95727342e-03  5.58632878e-02 -5.77705360e-04  4.49702360e-02  3.30079386e-02 -1.41427705e-04  4.39994958e-02  5.68768307e-02 -4.01972206e-04 -3.02144712e-03 -5.58746958e-02  3.91078605e-04 -4.50301197e-02 -3.30217791e-02 -3.70447455e-06 -4.40594327e-02 -5.68878050e-02  1.84343295e-04 -2.34359277e-02 -6.79800526e-02  3.75089098e-04  5.58313227e-02 -2.99969518e-03  3.24901336e-04  3.29810260e-02 -4.50037632e-02  5.55698313e-04  5.68436742e-02 -4.40333029e-02  7.01978235e-04  6.79357555e-02 -2.34116495e-02  5.90452214e-04 -5.58970402e-02  2.98473835e-03 -2.85067005e-04 -3.30441576e-02  4.49936675e-02 -5.57151207e-04 -5.69094406e-02  4.40228588e-02 -6.31854443e-04 -6.80027412e-02  2.33990152e-02 -4.96230922e-04  2.33744407e-02  6.79700682e-02 -6.16998889e-04]
Atoms: 57  Mode #:  5 Freq: -0.011033579103312294 cm-1,Mass weighted displacment dq is: 
 [0.24753796 0.19217774 0.00680002 0.12395036 0.09632198 0.00339563 0.12405363 0.09626887 0.0034055  0.12401192 0.09621795 0.00341043 0.12394597 0.09620539 0.00341464 0.12392912 0.0962657  0.00339629 0.12399445 0.09628612 0.00340337 0.12389174 0.0962235  0.00340173 0.12399771 0.09616185 0.00342694 0.11473647 0.08905049 0.00318071 0.1147443  0.08908438 0.00316307 0.11473292 0.08913131 0.00314024 0.11471397 0.08915142 0.00312633 0.11476551 0.08903375 0.00318927 0.11479042 0.08905515 0.00317517 0.11493756 0.08908887 0.00314441 0.11489796 0.08901858 0.00315912 0.11495741 0.08905452 0.00314446 0.11476633 0.08900302 0.00321072 0.11470386 0.0890333  0.00319223 0.11473557 0.08898566 0.00322316 0.11493853 0.0890194  0.00315202 0.11484196 0.08906593 0.00316315 0.11487731 0.08905569 0.00315802 0.11472638 0.0891753  0.00312566 0.11475568 0.0891719  0.00313832 0.11470486 0.08900218 0.00321363 0.11480756 0.08918972 0.00315283 0.11483031 0.08921554 0.00316243 0.11485263 0.08916776 0.00315599 0.11485933 0.08919983 0.00316363 0.11489613 0.08908763 0.00315101 0.1148688  0.089114   0.0031531  0.11469231 0.08914948 0.0031152  0.1147154  0.08919232 0.00311415 0.11468098 0.0891688  0.00310299 0.11469221 0.08919005 0.00310256 0.11482763 0.08925144 0.00317247 0.11488572 0.08921652 0.00317412 0.11485604 0.08926838 0.00318349 0.1148838  0.08925355 0.00318402 0.03325706 0.02585904 0.00091938 0.03328811 0.02584116 0.00092007 0.0332872  0.02586002 0.00092521 0.03325295 0.02577993 0.00093264 0.03322174 0.02579571 0.00092306 0.03322238 0.025779   0.00093413 0.03323774 0.0257698  0.00093928 0.03330049 0.02581599 0.00090904 0.03327998 0.02577897 0.00091662 0.03330136 0.02578021 0.00091298 0.03331086 0.0257983  0.00090893 0.03322284 0.0258211  0.00090234 0.03323396 0.02584175 0.00090189 0.03322227 0.02584191 0.00089584 0.03321666 0.02583124 0.00089584 0.03327258 0.02586708 0.00092524]
Atoms: 57  Mode #:  6 Freq: -0.007325332371679279 cm-1,Mass weighted displacment dq is: 
 [-0.19225535  0.24755706  0.00267351 -0.09627452  0.12394184  0.00133615 -0.09632238  0.12397086  0.00133978 -0.09630626  0.12398988  0.00134068 -0.09627315  0.12399889  0.0013415  -0.09626598  0.12396651  0.00133535 -0.09629405  0.12395924  0.00133887 -0.09624615  0.12399265  0.00133618 -0.09629873  0.12401903  0.00134581 -0.08913006  0.1148443   0.0012482  -0.08913498  0.1148271   0.0012422  -0.08912966  0.1148018   0.00123413 -0.08911977  0.11478977  0.00122881 -0.08914457  0.11485318  0.00125148 -0.08915715  0.11483908  0.00124682 -0.08922197  0.11482016  0.00123639 -0.08920618  0.11484527  0.00124082 -0.08922909  0.11483283  0.0012359  -0.08914466  0.11487187  0.00125897 -0.08911187  0.11485463  0.0012519  -0.08912816  0.11488131  0.00126301 -0.08922273  0.11484453  0.0012382  -0.08918435  0.11483123  0.00124285 -0.08919903  0.11483479  0.0012409  -0.08912711  0.11477719  0.0012292  -0.08914213  0.11478055  0.00123441 -0.08911257  0.11487238  0.00125937 -0.08916343  0.11477486  0.00124068 -0.08917352  0.11476687  0.00124491 -0.08918436  0.11478605  0.00124181 -0.08918549  0.11477165  0.00124532 -0.08920569  0.11482165  0.00123881 -0.08919388  0.1148112   0.00123995 -0.08910741  0.11478939  0.00122397 -0.0891196   0.11476315  0.00122489 -0.08910013  0.11477673  0.00121938 -0.08910705  0.11476361  0.00121987 -0.08917222  0.1147565   0.00124923 -0.08919229  0.11476693  0.00124977 -0.08918129  0.11475115  0.00125389 -0.08919108  0.11475654  0.00125405 -0.02583003  0.03324263  0.00036203 -0.02583933  0.03324753  0.00036225 -0.02584016  0.03324215  0.00036447 -0.02582773  0.03327903  0.00036567 -0.02581061  0.03327002  0.00036201 -0.02581195  0.03327922  0.00036587 -0.02581963  0.03328386  0.00036784 -0.02584845  0.03325887  0.00035758 -0.02584051  0.03327226  0.00035988 -0.02584865  0.03327199  0.00035853 -0.02585177  0.03326592  0.00035728 -0.02581231  0.03325554  0.00035438 -0.02581853  0.03324288  0.00035488 -0.02581168  0.0332431   0.00035227 -0.02580802  0.03324965  0.00035193 -0.02583487  0.03323986  0.0003645 ]
Atoms: 57  Mode #:  7 Freq: 0.01432375755140606 cm-1,Mass weighted displacment dq is: 
 [ 0.00373653  0.00629038 -0.31296518  0.00189846  0.00305436 -0.15624328  0.00177525  0.00312303 -0.15633605  0.00182259  0.00317913 -0.15680985  0.00190012  0.00319888 -0.15731563  0.00191998  0.00312202 -0.15646194  0.00184215  0.00310191 -0.15647039  0.00196759  0.00317738 -0.15695899  0.00184486  0.00324519 -0.15773986  0.00180614  0.00300544 -0.14676897  0.00179699  0.00296724 -0.14587709  0.00181306  0.00290706 -0.14481835  0.00184055  0.00287928 -0.14423829  0.0017727   0.00302364 -0.14705576  0.00174398  0.00299671 -0.14626723  0.00158744  0.00295457 -0.14422654  0.00162493  0.0030219  -0.14514116  0.00156838  0.00298713 -0.14420756  0.00177147  0.00306109 -0.14808199  0.00183924  0.00302414 -0.14745145  0.00180479  0.00307958 -0.1488055   0.00158701  0.00302022 -0.1446737   0.00168294  0.00298074 -0.14547404  0.00164383  0.00298903 -0.14511098  0.00182174  0.00284533 -0.14408432  0.00178292  0.00285385 -0.14453823  0.00183827  0.00306161 -0.14847611  0.00172193  0.00283707 -0.14495371  0.00169429  0.00280905 -0.14523951  0.00166878  0.00286711 -0.14494252  0.00166059  0.00282776 -0.14519542  0.001625    0.00295596 -0.14467245  0.0016525   0.00292806 -0.14482943  0.00187926  0.00288141 -0.14386994  0.00184102  0.00281205 -0.14356765  0.00189826  0.00284833 -0.14332318  0.00187956  0.00281408 -0.14317644  0.00169611  0.00277098 -0.14563733  0.00162707  0.00280812 -0.14551156  0.00166329  0.0027513  -0.14597714  0.00162936  0.00276986 -0.14590298  0.00049895  0.00079872 -0.04222743  0.00046366  0.0008177  -0.04215684  0.00046482  0.00079782 -0.04235931  0.00050567  0.00089069 -0.04298941  0.00054029  0.00087194 -0.04266079  0.00053995  0.00089152 -0.04319242  0.00052295  0.00090046 -0.04337354  0.00045586  0.00084855 -0.04166947  0.00047494  0.00088283 -0.04213976  0.00045517  0.00088213 -0.04189887  0.00044576  0.00086536 -0.04165286  0.00054851  0.00084247 -0.04170072  0.00052902  0.00080687 -0.04155019  0.00054909  0.00080791 -0.04134535  0.00055853  0.00082533 -0.04141021  0.00048204  0.00078833 -0.04241006]
Atoms: 57  Mode #:  8 Freq: 36.09107603394746 cm-1,Mass weighted displacment dq is: 
 [-8.76782592e-05 -2.97544874e-05  1.01478143e-03 -2.42021202e-04  1.25916077e-04  2.33893271e-01  1.75406072e-04 -1.51327584e-04 -2.33239537e-01 -3.80329009e-05 -1.18667875e-05  3.35360949e-03 -3.64448909e-05 -1.22249685e-05 -2.70664358e-03 -3.76351096e-05 -1.57707658e-05  3.50792627e-03 -4.09520585e-05 -1.27539629e-05 -2.54366325e-03  1.88549358e-04 -1.62525509e-04 -2.33259745e-01 -2.30083061e-04  1.38704762e-04  2.33521347e-01  8.46660064e-05 -5.27475621e-05 -1.10992444e-01  9.59163869e-05 -8.97505306e-05 -1.32738111e-01  9.57894480e-05 -9.07970336e-05 -1.21709377e-01  9.13490978e-05 -8.16396834e-05 -8.54218059e-02 -1.00245642e-04  8.42279964e-05  8.54344984e-02 -1.42943229e-04  7.63525294e-05  1.22105989e-01  2.49381570e-04 -1.60782272e-04 -1.92698782e-01 -1.62980056e-04  6.47040271e-05  2.27524672e-01  1.91310025e-04 -1.30920172e-04 -8.60802270e-02 -1.89874618e-04  2.21082329e-04  1.92289024e-01  2.17463461e-04 -9.91282705e-05 -2.28071992e-01 -6.92979351e-05  1.81323917e-04  8.51573828e-02 -1.55161534e-05 -9.73940939e-06  1.29013114e-01 -1.43426323e-04  6.54769986e-05  1.33069952e-01 -9.56564208e-05  3.41435811e-05  1.10959048e-01 -1.09145518e-04  3.08097169e-05  1.11160172e-01 -1.52372926e-04  5.87271438e-05  1.33344816e-01  1.36705912e-04  2.97274397e-05 -1.30022683e-01 -1.47798813e-04  6.96528461e-05  1.22334251e-01 -1.03226418e-04  8.16443072e-05  8.55063728e-02  8.86672768e-05 -8.12419585e-05 -1.32714411e-01  8.07725039e-05 -3.97473731e-05 -1.11079431e-01  8.86597776e-05 -7.91898970e-05 -8.54099180e-02  8.88607295e-05 -8.64966801e-05 -1.21725531e-01  2.60404039e-04 -1.60896106e-04 -1.92942895e-01 -1.92567096e-04  6.48248303e-05  2.27742071e-01  1.87779451e-04 -1.27709687e-04 -8.63444721e-02 -3.92777097e-05 -6.48756016e-06  1.28993439e-01 -1.90307423e-04  2.10514877e-04  1.92257251e-01  2.16957167e-04 -7.06516701e-05 -2.28447516e-01 -6.63979045e-05  1.84881989e-04  8.48245344e-02  1.39464050e-04  5.27117951e-05 -1.30524849e-01 -1.04354105e-04  9.40468546e-05  1.03562196e-01  1.12447442e-04 -5.24075963e-05 -1.14174650e-01  7.43312199e-05  1.66414850e-05 -6.36722125e-02 -1.04503585e-04  1.01401982e-04  1.03537529e-01  1.12704317e-04 -6.47290370e-05 -1.14023892e-01  7.32886964e-05  7.23782788e-06 -6.34547168e-02 -3.88446924e-05  7.74003656e-05  4.85846751e-02  1.21714923e-04 -6.86592876e-05 -1.03640505e-01 -9.44812478e-05  4.04533815e-05  1.13842306e-01 -1.71490245e-05  5.02225736e-06  6.30350148e-02  8.63642493e-05 -5.67670245e-05 -4.89639752e-02  1.29400348e-04 -6.84324958e-05 -1.03767276e-01 -1.07291636e-04  4.04407752e-05  1.13955184e-01 -2.68669182e-05  6.13864342e-06  6.30263193e-02  8.61399385e-05 -5.52173419e-05 -4.91020174e-02 -3.73264713e-05  7.76742043e-05  4.84544498e-02]
Atoms: 57  Mode #:  9 Freq: 37.72327325310099 cm-1,Mass weighted displacment dq is: 
 [-3.74732051e-04  2.17436974e-04  4.09609204e-01 -8.36308442e-05  5.47145408e-05  9.94428260e-02 -7.72386390e-05  4.89278543e-05  1.00298370e-01 -1.43336247e-04  7.85946190e-05  1.64735552e-01 -1.35501728e-04  8.58216333e-05  1.64810500e-01 -1.42186271e-04  7.61978607e-05  1.65053967e-01 -1.34793550e-04  8.75435961e-05  1.64815597e-01 -7.40685046e-05  4.30622773e-05  1.00601598e-01 -8.85760852e-05  5.24182382e-05  9.90548768e-02  5.86765463e-06  1.63377845e-05  1.77131897e-02 -7.64377044e-05  4.85142385e-05  1.04988326e-01 -8.49859133e-05  3.80720088e-05  1.03715973e-01 -1.48317828e-05 -2.22881965e-05  1.50635306e-02 -1.58353552e-05  2.81380030e-05  1.44248975e-02 -9.55956713e-05  5.79568222e-05  1.02798914e-01  6.78901762e-05 -1.22534539e-04 -1.08696714e-01  7.70718688e-05 -9.98328586e-05 -1.01349036e-01  1.66597978e-04 -2.13452563e-04 -2.31991982e-01  7.74034361e-05  1.61845388e-05 -1.09984785e-01  1.46612405e-04 -2.69339077e-05 -9.99665581e-02  2.18292847e-04 -2.95879103e-05 -2.32718464e-01  1.67312688e-04 -1.97647651e-04 -2.27177324e-01 -9.30314422e-05  4.78446989e-05  1.04104773e-01 -2.08140729e-05 -1.52787372e-05  1.70113065e-02 -1.33030967e-05 -8.28634105e-06  1.72116655e-02 -8.86344182e-05  4.97807886e-05  1.04421211e-01  2.43152285e-04 -3.89844347e-05 -2.26513574e-01 -9.35957603e-05  5.94173854e-05  1.03011061e-01 -1.86427488e-05  3.23896323e-05  1.45631407e-02 -7.96178085e-05  5.35230848e-05  1.04782446e-01 -2.71646375e-06  2.35908561e-05  1.75295401e-02 -1.95680488e-05 -2.33148795e-05  1.49522870e-02 -8.67920631e-05  4.16617938e-05  1.03479275e-01  7.35294645e-05 -1.19681404e-04 -1.08880108e-01  9.16535381e-05 -8.03829889e-05 -1.01294752e-01  1.79691598e-04 -1.98559705e-04 -2.32386677e-01  1.83510515e-04 -1.75032694e-04 -2.27419326e-01  7.23120010e-05  2.09434291e-05 -1.09685684e-01  1.25337199e-04 -1.32497598e-05 -1.00359098e-01  2.01035450e-04 -1.80580409e-05 -2.32605089e-01  2.18424198e-04 -2.42902646e-05 -2.26755045e-01  1.09613736e-05  1.08287398e-05 -3.50023560e-02  4.82273587e-05 -1.05460860e-05 -3.00135012e-02  9.53500547e-05 -9.91286895e-06 -9.55711860e-02  1.00626999e-05  1.03866411e-05 -3.51678809e-02  5.67941273e-05 -1.59287723e-05 -2.98201492e-02  1.05730247e-04 -1.51166997e-05 -9.54555384e-02  8.83930872e-05 -2.25920343e-05 -9.95475911e-02  2.14146299e-05 -4.00305593e-05 -3.44879535e-02  2.41630390e-05 -2.79738296e-05 -3.05271307e-02  6.92873451e-05 -7.58554392e-05 -9.57940387e-02  7.14644379e-05 -8.72909665e-05 -9.91601208e-02  2.21061173e-05 -4.16312829e-05 -3.45735481e-02  2.98401213e-05 -1.98668014e-05 -3.04875316e-02  7.50820749e-05 -6.61110208e-05 -9.59075650e-02  7.68851883e-05 -8.21535808e-05 -9.93570927e-02  8.24697879e-05 -1.77602373e-05 -9.94790241e-02]
Atoms: 57  Mode #: 10 Freq: 53.89273614781488 cm-1,Mass weighted displacment dq is: 
 [-7.82899316e-06 -2.71670862e-06 -3.84951663e-04 -1.46278021e-04  8.01333538e-05  1.70877585e-01  1.54054812e-04 -1.32041770e-04 -2.13792410e-01  1.26609595e-04 -8.78179166e-05 -1.64044768e-01 -4.50956874e-06  1.71692694e-05  1.93518595e-02 -1.34822296e-04  8.25149434e-05  1.63767577e-01 -2.77710285e-06 -1.82768236e-05 -1.96779237e-02 -1.61954476e-04  1.37231287e-04  2.13780873e-01  1.36962631e-04 -9.32147026e-05 -1.71227476e-01 -7.84251070e-05  7.03931235e-05  1.11129229e-01 -1.03330338e-04  9.12134443e-05  1.39566367e-01 -1.21690026e-04  8.51706868e-05  1.56961534e-01 -4.35027016e-05  1.68381446e-05  7.22870406e-02  8.47890124e-05 -5.69393359e-05 -8.84431953e-02  9.43221210e-05 -5.74641877e-05 -1.03721658e-01 -5.73566005e-05  8.08185863e-05  5.53114479e-02 -9.63802807e-05  1.11833920e-04  9.37980145e-02 -1.92770465e-04  2.10676278e-04  2.14851009e-01  1.96742973e-04 -1.71676250e-04 -2.26747459e-01 -1.70851347e-04  1.30716973e-04  2.20296851e-01  1.21746888e-04 -1.22733257e-04 -1.36715772e-01 -2.08750572e-04  2.21310694e-04  2.33830937e-01  1.02093064e-04 -6.67210564e-05 -1.32155554e-01  3.21275683e-05 -5.63868280e-06 -5.37447308e-02 -2.86037668e-05  1.54375488e-06  5.36790610e-02 -1.07728029e-04  5.88906314e-05  1.31901385e-01 -7.07999476e-05  2.49037199e-05  9.65615992e-02 -1.01375438e-04  4.89404523e-05  1.03403153e-01 -8.93270383e-05  5.11092176e-05  8.82670079e-02  9.57908293e-05 -8.44503321e-05 -1.39689657e-01  7.32383054e-05 -5.96872514e-05 -1.11151474e-01  4.56968562e-05 -2.06135090e-05 -7.22298742e-02  1.15921163e-04 -8.79644418e-05 -1.57042328e-01  6.73392107e-05 -8.14993577e-05 -5.50094787e-02  1.13502779e-04 -1.08508544e-04 -9.37315422e-02  2.17204008e-04 -2.04402447e-04 -2.14435659e-01  2.35466831e-04 -2.13714069e-04 -2.33512710e-01 -1.97996530e-04  1.54418511e-04  2.26669428e-01  1.67871682e-04 -1.05916998e-04 -2.20041485e-01 -1.20357045e-04  1.17810135e-04  1.36901439e-01  7.12333291e-05 -8.52709574e-06 -9.61971486e-02 -9.98837545e-05  7.46938127e-05  1.17031549e-01  9.12977713e-05 -5.90710998e-05 -1.14501902e-01  4.48126952e-05 -5.28543473e-06 -5.07328328e-02  1.00166124e-04 -8.44865326e-05 -1.17091300e-01 -9.26622832e-05  7.07537686e-05  1.14617980e-01 -4.44683401e-05  1.26094765e-05  5.09050054e-02  6.03240897e-05 -5.81320560e-05 -7.14647417e-02 -1.58141739e-05  2.11856870e-05  1.42602768e-02 -3.31683224e-05  3.82166542e-05  3.41186329e-02 -9.01124229e-05  9.17663940e-05  1.06864911e-01 -8.52116295e-05  8.92088832e-05  9.77663478e-02  1.79776629e-05 -2.23932725e-05 -1.41443437e-02  3.94526578e-05 -3.59764621e-05 -3.41228942e-02  1.00684600e-04 -8.73075567e-05 -1.06738630e-01  9.60292969e-05 -8.63380959e-05 -9.75896232e-02 -5.90469485e-05  5.49755217e-05  7.15442298e-02]
Atoms: 57  Mode #: 11 Freq: 53.93471705069269 cm-1,Mass weighted displacment dq is: 
 [-3.54034470e-06  8.45978669e-06  1.28138687e-04  2.07915555e-04 -1.22470195e-04 -2.13606749e-01  1.44558098e-04 -8.49234328e-05 -1.71240080e-01 -2.92719241e-05  2.23482640e-05  1.95465125e-02 -1.63117817e-04  9.55361041e-05  1.63936022e-01  2.80616044e-05 -1.42592191e-05 -1.94643448e-02  1.57691340e-04 -8.70221630e-05 -1.63821055e-01 -1.57860439e-04  9.43287257e-05  1.70994785e-01 -2.03572623e-04  1.30158376e-04  2.13963916e-01 -4.54369857e-05  5.41981285e-05  5.37371643e-02 -1.21722862e-04  7.23730766e-05  1.32014736e-01 -1.03103766e-04  5.62546884e-05  1.03538430e-01 -1.28098162e-04  6.72894086e-05  8.83295609e-02 -9.10943318e-05  8.33424348e-05  7.23970364e-02 -1.66944303e-04  1.02468007e-04  1.57126715e-01  3.29640701e-04 -1.66868692e-04 -2.27009088e-01 -1.20848238e-04  5.32373820e-05  2.20255604e-01  2.94871087e-04 -1.64223020e-04 -1.37075147e-01  1.75981364e-06  9.38607394e-05 -5.49393446e-02  1.33668065e-04  2.05657467e-06 -9.37955690e-02  1.84765006e-04  3.52977213e-05 -2.14492998e-01  6.55478526e-05 -4.01165995e-05  9.63064571e-02 -1.29787365e-04  8.22172713e-05  1.39726264e-01 -6.82550956e-05  4.34505742e-05  1.11169102e-01  7.91431249e-05 -3.85548762e-05 -1.11081771e-01  1.36325684e-04 -7.44785492e-05 -1.39526858e-01  2.39087703e-04  5.27522615e-06 -2.33650253e-01  1.63737384e-04 -9.68267770e-05 -1.56869412e-01  8.66458005e-05 -8.61028993e-05 -7.21940945e-02  1.13839271e-04 -6.67100216e-05 -1.32098985e-01  4.05587460e-05 -5.81617159e-05 -5.38098595e-02  1.22521512e-04 -6.26506866e-05 -8.84942051e-02  9.47025819e-05 -4.84889747e-05 -1.03666497e-01 -3.45760111e-04  1.68302368e-04  2.26623770e-01  1.46284154e-04 -5.09391352e-05 -2.20091997e-01 -2.98509160e-04  1.62218893e-04  1.36768272e-01 -4.78445998e-05  3.84971741e-05 -9.63406497e-02 -3.38113162e-06 -1.05596321e-04  5.52682291e-02 -1.31800643e-04 -2.01527008e-05  9.35118360e-02 -1.80232948e-04 -6.17256542e-05  2.14628729e-01 -2.33488884e-04 -3.38116393e-05  2.33467028e-01  1.98145016e-05 -4.18769685e-05  1.42731652e-02 -5.99479743e-05  6.91345515e-06  3.40033489e-02 -1.11693285e-04 -6.42449424e-06  1.06706272e-01 -2.10812453e-05  3.90480998e-05 -1.41092092e-02  6.16007275e-05 -1.33485647e-05 -3.41564279e-02  1.15427025e-04 -4.68568651e-06 -1.06807556e-01  8.10759896e-05 -2.89157153e-06 -9.76156170e-02  1.51011252e-04 -6.83710123e-05 -1.17183691e-01 -8.65408063e-05  3.57579342e-05  1.14630600e-01  1.03122590e-05 -8.80349155e-06  5.08091386e-02  1.25880041e-04 -7.26469307e-05 -7.16200720e-02 -1.60443060e-04  6.82769193e-05  1.17009323e-01  9.84113962e-05 -3.46698159e-05 -1.14521361e-01 -2.46556491e-06  7.95169656e-06 -5.08034002e-02 -1.28475865e-04  7.11258648e-05  7.14839862e-02 -7.87749353e-05 -8.58451097e-06  9.76818175e-02]
Atoms: 57  Mode #: 12 Freq: 104.12856884312687 cm-1,Mass weighted displacment dq is: 
 [-7.27186511e-05 -1.97252893e-04  1.43735921e-02 -1.39077288e-05 -4.18433782e-05  4.07659420e-04 -2.32430850e-06 -5.69677721e-05  4.75200810e-04 -4.08631537e-05 -6.53500332e-05  3.94624216e-03 -4.47336803e-05 -1.02809447e-04  3.88698000e-03 -4.36086638e-06 -8.41029553e-05  3.91682411e-03 -1.92034571e-05 -7.01082196e-05  3.96383417e-03  8.03387192e-06 -1.05231216e-04  4.47443933e-04 -6.62404445e-05 -5.33457345e-05  3.62207074e-04  1.49448313e-04 -6.90200925e-05 -9.33403994e-02  7.01035438e-05 -1.38521636e-04 -5.74585065e-02 -5.63971847e-05 -5.36373601e-05  5.97864814e-02 -1.32822478e-04 -5.70707096e-06  8.99767173e-02 -1.06049631e-04  1.08670311e-04  8.99161694e-02 -1.26160592e-04 -4.09213690e-06  5.97129225e-02 -2.30745011e-04  1.37854811e-04  2.54995514e-01  2.05319685e-04 -2.80099957e-04 -2.60627693e-01 -1.30405352e-04  4.20097898e-05  1.46495951e-01 -2.53884508e-04  4.70632900e-04  2.54905899e-01  4.93622329e-04 -5.39108289e-05 -2.60585254e-01  1.27705811e-05  5.25834449e-04  1.46494239e-01  1.17664377e-04 -1.97492150e-04 -1.51662760e-01  4.98322808e-07 -9.35668165e-05 -5.74571355e-02  5.26606268e-05 -1.29988589e-04 -9.33100120e-02  5.45844008e-05 -9.43270996e-05 -9.33888040e-02  4.26558111e-05 -8.01765884e-05 -5.74903631e-02  4.02952835e-04  2.60008309e-04 -1.51622814e-01 -8.28397331e-05 -2.29030974e-06  5.98095822e-02 -8.51898458e-05  6.45758703e-05  9.00221734e-02  6.07866468e-05 -1.01134816e-04 -5.74153160e-02  1.19092330e-04 -7.09269128e-05 -9.33101897e-02 -9.12763739e-05  9.49043647e-06  9.00180965e-02 -5.91525202e-05 -1.62829352e-05  5.98221669e-02 -3.88216486e-04  1.11433022e-04  2.55018942e-01  1.78902958e-04 -1.55861673e-04 -2.60732876e-01 -3.23789313e-04  9.15811511e-05  1.46543123e-01 -1.00134553e-05 -7.80460733e-05 -1.51706982e-01 -2.21336800e-04  3.10018017e-04  2.55021467e-01  3.76217534e-04 -8.44177956e-05 -2.60673257e-01 -2.98090001e-05  3.29162983e-04  1.46489046e-01  2.90548479e-04  1.28001320e-04 -1.51734554e-01 -1.39716841e-04  1.38362178e-04  1.32970458e-01  1.88328201e-04 -7.42036725e-05 -1.34569490e-01  1.40073689e-04  4.19389717e-05 -8.11095457e-02 -1.72235796e-04  2.02246826e-04  1.32917939e-01  2.43875586e-04 -8.22485461e-05 -1.34521358e-01  1.89186290e-04  8.69076609e-05 -8.10473088e-02 -2.62254207e-05  2.19947046e-04  8.03821449e-02 -1.17872482e-04  8.62463217e-05  1.32945573e-01  1.06230529e-04 -1.28655002e-04 -1.34550806e-01  6.45379407e-05 -8.65224898e-05 -8.10769581e-02 -6.29657883e-05  4.18009595e-05  8.03760506e-02 -1.80980988e-04  5.55686315e-05  1.32968856e-01  1.15760834e-04 -7.09255238e-05 -1.34594793e-01  2.10400331e-05 -3.53988274e-05 -8.10926928e-02 -1.40360914e-04  5.49150179e-05  8.04119901e-02 -3.72709512e-05  1.41789125e-04  8.03763815e-02]
Atoms: 57  Mode #: 13 Freq: 111.12624370145737 cm-1,Mass weighted displacment dq is: 
 [ 5.93325345e-06 -5.94490949e-06 -2.54701850e-06  6.46364811e-02  1.87711361e-02  4.40242989e-04 -1.87630358e-02  6.46340861e-02 -2.84808693e-04 -4.83025926e-02  2.71259980e-02 -9.11667141e-04 -2.71296356e-02 -4.83095258e-02  1.83729098e-05  4.83079594e-02 -2.71337786e-02  9.11095261e-04  2.71333910e-02  4.83072010e-02 -2.32968768e-05  1.87690882e-02 -6.46391469e-02  2.76518940e-04 -6.46306942e-02 -1.87713283e-02 -4.48251806e-04  4.56640598e-02  8.77725748e-03 -1.10956887e-04  1.57640146e-02 -4.92825992e-02  1.50253528e-05  1.28511037e-02 -5.12097688e-02  6.97292918e-04 -4.40357182e-02 -1.94772152e-02  6.36512974e-04 -1.94723168e-02  4.40316080e-02  3.55634720e-04 -5.12035603e-02 -1.28537563e-02  5.92726937e-05  1.81060689e-01  2.98597613e-02  1.57048998e-04  7.43233892e-02 -1.64953278e-01 -2.17575341e-04  2.48489881e-01 -7.50795820e-02  9.91108282e-04 -2.98637159e-02  1.81069893e-01  8.57800155e-04  1.64956628e-01  7.43222498e-02 -7.02095022e-04  7.50793501e-02  2.48503556e-01  4.76533718e-04  2.00171281e-01 -1.63722382e-01  7.93462952e-04 -4.92756514e-02 -1.57665884e-02 -8.99771794e-04  8.78128681e-03 -4.56652379e-02 -8.65559111e-04 -8.78025323e-03  4.56635906e-02  9.38435886e-04  4.92803706e-02  1.57646224e-02  9.42919496e-04  1.63725973e-01  2.00181439e-01 -5.24564960e-04  5.12061185e-02  1.28544419e-02 -1.09796157e-04  1.94767193e-02 -4.40263519e-02 -4.27617571e-04 -1.57590175e-02  4.92802405e-02  2.36441870e-05 -4.56555822e-02 -8.77346678e-03  1.78165901e-04  4.40339282e-02  1.94686268e-02 -7.02175315e-04 -1.28478367e-02  5.12003675e-02 -7.43507954e-04 -1.81077563e-01 -2.98705469e-02 -3.43309019e-04 -7.43278580e-02  1.64960998e-01  4.17145827e-04 -2.48513698e-01  7.50776404e-02 -1.09750704e-03 -2.00188976e-01  1.63729818e-01 -6.81712749e-04  2.98673021e-02 -1.81052564e-01 -1.04770792e-03 -1.64939743e-01 -7.43127045e-02  9.00968733e-04 -7.50697329e-02 -2.48481571e-01 -5.80941127e-04 -1.63710003e-01 -2.00163164e-01  6.40228596e-04  3.87961750e-02 -6.84146026e-02 -5.17807979e-04 -7.62479372e-02 -5.62520217e-03  4.81152935e-04 -6.87371047e-02 -7.17121698e-02  4.22570555e-04 -3.87974936e-02  6.84208842e-02  4.20567216e-04  7.62547589e-02  5.62711633e-03 -3.77806534e-04  6.87431284e-02  7.17184928e-02 -3.67797847e-04  2.14581399e-02  9.70465647e-02  2.37900512e-04  6.84173950e-02  3.87953308e-02  6.76820565e-05  5.62800335e-03 -7.62529188e-02 -9.62082701e-05  7.17136961e-02 -6.87388533e-02  4.41919474e-04  9.70418157e-02 -2.14582778e-02  5.22782754e-04 -6.84241393e-02 -3.88020901e-02 -1.63517506e-04 -5.62807555e-03  7.62576026e-02  1.99295127e-04 -7.17205989e-02  6.87437557e-02 -3.90088030e-04 -9.70507286e-02  2.14575379e-02 -5.81814870e-04 -2.14555764e-02 -9.70394895e-02 -2.95292365e-04]
Atoms: 57  Mode #: 14 Freq: 115.48562910596351 cm-1,Mass weighted displacment dq is: 
 [ 1.06338992e-04  1.77895394e-04  5.16616815e-05  3.65172216e-04  8.48305614e-05 -6.88646023e-02 -1.48420027e-04  3.52070691e-04  5.66933612e-02 -3.34969179e-04  2.67910347e-04  1.98219382e-01 -4.15989502e-05 -1.16388515e-04  2.66473965e-02  4.22965163e-04 -1.33446261e-04 -1.98306437e-01  1.31219857e-04  2.68633878e-04 -2.65135475e-02  1.56094104e-04 -2.20318347e-04 -5.67196297e-02 -2.46556654e-04 -6.90613091e-06  6.88893595e-02  9.40328154e-05  8.67179376e-05  1.11420812e-01  5.46741068e-05 -1.02242751e-04  5.46304751e-02  2.58462671e-04 -2.34050084e-04 -1.88491407e-01  6.01103881e-05 -1.14588822e-04 -2.07192009e-01  5.31655085e-05  7.58399112e-05 -5.36240513e-02 -9.07992975e-05 -4.42936417e-05 -4.62189793e-03  6.21926935e-04  1.66990783e-04  7.92518382e-02  2.94982025e-04 -6.30961536e-04 -2.65477151e-03  1.04657186e-03 -3.92389072e-04 -1.25952917e-01  1.81447132e-04  2.82386480e-04 -2.46009209e-01  2.88410839e-04  3.44600207e-04  2.60668890e-01  4.01158347e-04  4.98882280e-04 -1.71392914e-01  9.05555184e-04 -7.61055454e-04 -1.73656796e-01 -3.04611911e-04  6.56890467e-05  1.74598176e-01 -1.07221373e-04 -4.54452374e-05  1.78895951e-01  1.77666805e-04  1.57622708e-04 -1.79010227e-01  4.04351898e-04  3.16465914e-05 -1.74668241e-01  3.91235922e-04  5.60459531e-04  1.31256843e-01  2.31106583e-04  9.67010532e-05  4.73365113e-03  1.73723724e-05 -1.72015624e-04  5.37443331e-02 -7.88398984e-05  2.45269139e-04 -5.45167511e-02 -2.00510411e-04 -7.42762729e-05 -1.11272491e-01 -1.23948456e-06  2.26610702e-04  2.07013622e-01 -2.16859763e-04  3.54984465e-04  1.88365469e-01 -5.73545035e-04 -5.30111613e-05 -7.93714663e-02 -2.53444118e-04  7.64789253e-04  2.67923614e-03 -1.02876006e-03  5.14008373e-04  1.26000427e-01 -8.86801423e-04  8.89622391e-04  1.73769285e-01 -7.83177664e-05 -7.76893645e-04  2.45997020e-01 -7.24756075e-04 -4.97006729e-04 -2.60584172e-01 -5.85176322e-04 -1.17083547e-03  1.71273288e-01 -8.21574091e-04 -1.07149121e-03 -1.31307514e-01  9.23704635e-05 -2.77623167e-04  1.29238582e-01 -3.17671814e-04 -8.87548204e-05 -1.32269699e-01 -3.20418121e-04 -3.89318446e-04 -6.96424796e-02  2.20130723e-05  8.46013739e-05 -1.29260169e-01  1.10130451e-04  9.46540793e-05  1.32302122e-01  1.37034401e-04  2.06922793e-04  6.96063875e-02  1.50887774e-04  1.80624453e-04 -9.51934827e-02  2.34128369e-04  1.66014522e-04  2.82397580e-02  3.67900855e-05 -3.00156983e-04 -1.39915186e-02  3.56322065e-04 -3.38367336e-04 -1.02300902e-01  4.32235040e-04 -1.43359689e-04 -7.65715132e-02 -2.20556506e-04 -1.35160474e-04 -2.82869351e-02 -2.41767346e-05  3.41540619e-04  1.40189119e-02 -3.56548354e-04  3.74070413e-04  1.02373917e-01 -4.34609792e-04  1.77639373e-04  7.66091639e-02 -2.02089707e-04 -4.47309608e-04  9.51186191e-02]
Atoms: 57  Mode #: 15 Freq: 115.49923723054502 cm-1,Mass weighted displacment dq is: 
 [-1.80377597e-04  1.11476388e-04 -6.46005157e-05 -9.45473836e-05 -7.52109396e-05 -5.67358767e-02  5.01044243e-05 -6.31354275e-05 -6.88919770e-02  1.13354739e-05  1.78358633e-05 -2.65486063e-02 -2.20153602e-04  2.53324989e-04  1.98192647e-01 -1.66270251e-04  7.52196767e-05  2.66062955e-02  8.42930859e-05 -1.61642570e-04 -1.98318428e-01 -1.29743753e-04  1.86726039e-04  6.88962879e-02 -3.85498387e-05  8.44676781e-05  5.67230594e-02 -2.98722078e-04  1.61985784e-04  1.78911123e-01 -2.39102356e-04  2.43292683e-04  1.74589274e-01 -5.08004686e-05  1.11278084e-04 -4.61829465e-03  1.47021990e-04 -1.01024096e-05 -5.35906908e-02 -2.26154225e-04  1.19520154e-04  2.07097479e-01 -1.69350895e-04  1.73446661e-04  1.88404088e-01 -1.90492567e-04  2.38382889e-04  2.46062803e-01  2.24742934e-04 -1.83020901e-04 -2.60587600e-01 -1.13141940e-04  1.64781350e-04  1.71341345e-01 -1.15513077e-04 -1.41812157e-04  7.93664299e-02 -3.50721335e-04 -4.64834233e-05 -2.71032389e-03 -1.13226902e-04 -3.68265080e-04 -1.25940749e-01  1.34923587e-04 -8.46066867e-05 -1.31265097e-01  3.70090972e-05 -4.06060848e-06 -5.45287711e-02  8.46259607e-05 -4.64554353e-05 -1.11269179e-01 -9.67890894e-05 -6.07540062e-05  1.11385793e-01 -1.82355825e-04 -1.96874520e-05  5.45891225e-02 -2.20706556e-04 -3.12748558e-04 -1.73731952e-01  4.82822592e-05 -1.30544763e-04 -1.88490614e-01  1.12993755e-04 -6.09383382e-05 -2.07183723e-01  1.39471050e-04 -1.39420714e-04 -1.74713425e-01  1.82692408e-04 -9.00639669e-05 -1.79067704e-01 -4.82671727e-05  8.39795064e-05  5.37740379e-02 -2.72907064e-06  3.38008929e-05  4.72913064e-03  6.96350070e-04 -1.31397944e-04 -2.45892170e-01 -6.84932320e-05 -2.61904605e-04  2.60585149e-01  8.00764612e-04 -3.51517048e-04 -1.71318449e-01  3.87967007e-04 -3.53984105e-04  1.31205125e-01  9.25153431e-07  1.83809501e-04 -7.92858051e-02  2.07196286e-04  8.70103861e-05  2.58031888e-03 -1.41775518e-05  3.77282739e-04  1.26093737e-01  8.22325969e-05  3.25006272e-04  1.73758711e-01 -3.42253063e-05  7.08223655e-05 -2.82447390e-02  8.72211953e-05  1.12499563e-05  1.39650530e-02  1.45571034e-05  1.37229871e-04  1.02365095e-01  4.64564241e-06 -5.98975828e-05  2.82966732e-02 -1.32820638e-04  1.94887900e-06 -1.40230479e-02 -5.41652040e-05 -1.39804039e-04 -1.02344778e-01 -2.15427347e-06 -1.74465672e-04 -7.65677303e-02 -1.02514154e-04  1.18568501e-04  1.29255247e-01  1.08435758e-04 -1.02025854e-04 -1.32280988e-01  6.70019444e-05 -5.28704001e-05 -6.96329258e-02 -6.24200942e-05  8.33782594e-05  9.51456678e-02  2.99931855e-04 -1.19655753e-06 -1.29192261e-01 -1.14355631e-04 -1.09832671e-04  1.32255200e-01  1.19657733e-04 -1.34365283e-04  6.95789784e-02  3.35304370e-04 -1.35375262e-04 -9.51566471e-02 -3.38338454e-05  1.68461297e-04  7.66571830e-02]
Atoms: 57  Mode #: 16 Freq: 118.45457786483901 cm-1,Mass weighted displacment dq is: 
 [ 1.76728778e-01  1.04009548e-01  4.52701639e-04  8.17519386e-02  3.23890441e-02  2.14043234e-04  2.31237482e-02  2.96792874e-02 -2.37774528e-04  7.10196097e-02  3.56315961e-02  1.60959709e-04  7.06086796e-02  4.78229790e-02 -3.18243331e-05  7.10213326e-02  3.56249670e-02  5.46368003e-04  7.06100667e-02  4.78316497e-02 -1.64589412e-04  2.31239548e-02  2.96688441e-02 -6.87142498e-05  8.17465511e-02  3.23859135e-02  1.40170606e-04 -1.87813758e-02 -1.14609911e-02 -5.57959657e-04  1.33664131e-02  4.00799712e-02 -3.35911053e-04  2.79795032e-02  1.76592657e-02  4.06572521e-04  4.67735607e-04  2.94648201e-02  4.46258894e-04  5.72225311e-02 -4.89073059e-02 -4.85981274e-05  8.96298504e-02  1.78818284e-02  5.44565507e-05 -9.24775527e-02  2.46490750e-02  1.39108329e-04 -1.96786330e-02  1.64888845e-01 -3.10245110e-04 -1.42779550e-01  1.01856153e-01 -9.76303823e-05  7.09302962e-02 -2.17051648e-01  5.43436025e-04 -1.57815518e-01 -8.94279651e-02 -7.83304200e-04 -5.31481265e-02 -2.97465116e-01  5.09021101e-04 -1.08428016e-01  1.64303626e-01 -3.80924517e-04  7.44487435e-02  4.56852742e-02  1.23806691e-04  2.95636280e-02  7.16489547e-02  9.77785506e-06  2.95613570e-02  7.16453165e-02  4.46588564e-04  7.44496385e-02  4.56832346e-02  4.94886736e-04 -1.57247652e-01 -2.41052864e-01 -1.80625342e-04  8.96326301e-02  1.78862933e-02 -1.25109731e-04  5.72239003e-02 -4.89026423e-02 -3.32133120e-04  1.33655090e-02  4.00894141e-02 -3.99950729e-04 -1.87836893e-02 -1.14524781e-02 -5.26662947e-04  4.71096536e-04  2.94714749e-02  1.20286151e-04  2.79797695e-02  1.76672310e-02  6.98059816e-05 -9.24834644e-02  2.46411932e-02  4.60770941e-05 -1.96809533e-02  1.64884368e-01 -4.83071852e-05 -1.42786015e-01  1.01847684e-01 -4.88190471e-04 -1.08432613e-01  1.64298295e-01 -5.58389214e-04  7.09316403e-02 -2.17049490e-01  4.08310175e-05 -1.57824641e-01 -8.94210531e-02 -3.28855952e-04 -5.31534816e-02 -2.97465814e-01  3.19834788e-04 -1.57257830e-01 -2.41051479e-01  1.94518468e-04  5.69335251e-02 -8.21762168e-02  7.44473988e-05 -8.03532922e-02 -6.61839799e-03 -1.26626225e-04 -7.10278586e-02 -8.61625273e-02  2.14962062e-04  5.69323317e-02 -8.21764191e-02  3.24196946e-04 -8.03485814e-02 -6.62187819e-03 -3.70121468e-04 -7.10239774e-02 -8.61625787e-02  1.44275866e-05 -1.49932485e-02 -1.15527125e-01  3.05729189e-04 -3.82449696e-02 -1.45996572e-02  1.06653159e-04  6.37933782e-03  6.91204869e-02 -1.42197167e-04 -4.06647029e-02  6.19570996e-02 -1.81144670e-04 -5.93842957e-02  2.93564101e-02 -9.90203469e-06 -3.82468241e-02 -1.46023813e-02  3.29814533e-05  6.37854410e-03  6.91191442e-02 -3.19371374e-05 -4.06665557e-02  6.19564219e-02 -2.95494644e-04 -5.93860085e-02  2.93536537e-02 -2.40558806e-04 -1.49949806e-02 -1.15529767e-01  2.08038296e-04]
Atoms: 57  Mode #: 17 Freq: 118.45913023341348 cm-1,Mass weighted displacment dq is: 
 [-1.04012453e-01  1.76724742e-01  7.49619608e-05 -2.96743186e-02  2.31265208e-02 -1.42277141e-05 -3.23895643e-02  8.17520954e-02 -1.06066009e-06 -4.78340678e-02  7.06034033e-02 -1.37454505e-04 -3.56296369e-02  7.10095210e-02 -1.87237052e-04 -4.78292103e-02  7.06100114e-02 -5.00452141e-06 -3.56260531e-02  7.10232960e-02  2.10152543e-04 -3.23928631e-02  8.17429850e-02 -7.76207126e-05 -2.96808220e-02  2.31123556e-02 -1.87973852e-04 -7.16451460e-02  2.95511353e-02 -3.36102983e-04 -4.56846345e-02  7.44385889e-02 -2.53120545e-04 -1.78881798e-02  8.96314619e-02  5.19540053e-05  4.88966179e-02  5.72265043e-02  1.35816350e-04 -2.94693248e-02  4.60120587e-04 -1.31748810e-04 -1.76663208e-02  2.79688397e-02 -1.53280409e-04  2.17055189e-01  7.09255927e-02 -1.79058679e-06  8.94240714e-02 -1.57840674e-01  1.38354598e-04  2.97472102e-01 -5.31635478e-02  2.96981369e-04 -2.46473019e-02 -9.24830014e-02  2.20378290e-04 -1.64874931e-01 -1.96875080e-02 -4.25608729e-04 -1.01845781e-01 -1.42781393e-01  2.73747267e-04  2.41054849e-01 -1.57273032e-01  4.00507457e-04 -4.00912339e-02  1.33551788e-02 -1.78386561e-04  1.14528060e-02 -1.87954246e-02 -1.32348039e-04  1.14496698e-02 -1.87795014e-02 -1.68609143e-04 -4.00873699e-02  1.33674129e-02 -1.15904309e-04 -1.64289302e-01 -1.08431724e-01 -8.93023113e-05 -1.76603339e-02  2.79814202e-02  1.95095026e-04 -2.94660140e-02  4.68268222e-04  2.06252445e-04 -4.56854298e-02  7.44518262e-02  1.28061484e-04 -7.16485897e-02  2.95630457e-02  1.11510068e-04  4.89035684e-02  5.72161693e-02 -1.51438923e-04 -1.78874807e-02  8.96286502e-02 -1.29068339e-04  2.17041578e-01  7.09361208e-02  5.12828859e-04  8.94167275e-02 -1.57816318e-01 -3.29881638e-04  2.97455223e-01 -5.31451622e-02  4.92874198e-04  2.41040204e-01 -1.57248606e-01  1.69837336e-05 -2.46423575e-02 -9.24907735e-02  1.30211166e-04 -1.64892456e-01 -1.96826412e-02 -1.63922648e-04 -1.01854563e-01 -1.42797660e-01 -1.26282234e-04 -1.64307178e-01 -1.08443646e-01 -2.77928095e-04  1.46031124e-02 -3.82494679e-02  7.08563560e-05 -6.91230248e-02  6.37920132e-03 -9.52704533e-05 -6.19601974e-02 -4.06706689e-02 -1.40593012e-04  1.45979946e-02 -3.82452422e-02  1.43734675e-04 -6.91139529e-02  6.37520612e-03 -2.04688621e-04 -6.19523530e-02 -4.06654513e-02 -1.99948177e-05 -2.93531226e-02 -5.93829627e-02  1.84905357e-04  8.21795488e-02  5.69351018e-02 -4.41115974e-05  6.61888006e-03 -8.03587301e-02  5.37586006e-05  8.61626585e-02 -7.10306522e-02  2.13939389e-04  1.15531949e-01 -1.49977249e-02  1.35985572e-04  8.21747976e-02  5.69368767e-02  2.11779926e-04  6.61808887e-03 -8.03497764e-02 -1.96658536e-04  8.61580460e-02 -7.10229131e-02  9.36833336e-06  1.15524830e-01 -1.49923273e-02  2.37574154e-04 -2.93557707e-02 -5.93909606e-02 -5.11659161e-05]
Atoms: 57  Mode #: 18 Freq: 126.88195592193215 cm-1,Mass weighted displacment dq is: 
 [-2.96911024e-04 -8.97623146e-05  1.04469538e-04 -1.22493204e-04 -3.86691811e-05 -4.19064305e-03 -4.09452596e-05 -5.73372784e-06  4.11368625e-03 -2.45033011e-04  7.98394728e-05  1.68838376e-01  2.98036797e-05 -1.56610680e-04 -1.68805139e-01 -2.61655918e-04  7.40997069e-05  1.68678991e-01  2.28377722e-05 -1.40648055e-04 -1.68719001e-01 -4.46058813e-05 -1.38418658e-05  4.03007439e-03 -1.12738573e-04 -4.22398888e-05 -4.13790905e-03  1.96133680e-04 -1.17722157e-04 -2.21204090e-01  1.06952651e-04 -1.42588458e-04 -1.65415968e-01 -1.91719684e-04  1.06746743e-04  1.69892762e-01 -1.85877858e-04  1.13645143e-04  2.23569050e-01  9.52455707e-05 -7.05645954e-05 -2.23760851e-01  1.02231749e-05 -1.24515922e-04 -1.70059796e-01  1.18729122e-04  2.76036458e-06  5.92943672e-02  8.67605317e-06 -2.21534147e-04  5.67972131e-02  3.68348204e-04 -2.80812216e-04 -1.44549115e-01 -5.13676013e-05  2.44126757e-04 -5.94484854e-02  2.54040383e-04  8.42424532e-05 -5.66605612e-02 -4.98870207e-05  4.73566535e-04  1.44544520e-01  3.12241321e-04 -3.75922030e-04 -1.44611705e-01 -2.42606961e-04  5.12584283e-05  1.65402335e-01 -2.11180457e-04  4.87602068e-05  2.21201667e-01 -2.31851001e-04  3.67743878e-05  2.21017144e-01 -2.59319461e-04  4.37003979e-05  1.65235076e-01  1.00030408e-04  3.86431613e-04  1.44770578e-01  2.13528505e-06 -1.07441558e-04 -1.69974954e-01  8.42885670e-05 -4.84048212e-05 -2.23623350e-01  9.92529181e-05 -1.26698563e-04 -1.65343650e-01  1.84490563e-04 -9.65186491e-05 -2.21161286e-01 -1.65019750e-04  1.23469940e-04  2.23657871e-01 -1.74828738e-04  1.13235925e-04  1.70014201e-01  1.15347224e-04 -3.04592876e-06  5.94116924e-02  5.95616001e-06 -2.31051601e-04  5.66524884e-02  3.86806412e-04 -2.82807650e-04 -1.44349865e-01  3.29410154e-04 -3.80007471e-04 -1.44550436e-01 -5.87658574e-05  2.51362401e-04 -5.92626547e-02  2.46816253e-04  8.88302083e-05 -5.67929553e-02 -5.18641882e-05  4.60470471e-04  1.44591707e-01  9.78139491e-05  3.73684952e-04  1.44621580e-01 -6.78902085e-05  1.00977219e-04 -9.83906602e-03  1.08749928e-04  5.84742619e-06 -8.61132686e-03  2.22638904e-05  1.49748136e-04  9.35241681e-02 -6.57063930e-05  9.94551703e-05 -9.92726694e-03  1.10362195e-04  5.45646440e-06 -8.53501527e-03  2.07019474e-05  1.57940769e-04  9.36121398e-02 -5.54002739e-05  2.14965232e-04  9.42315188e-02  5.88811753e-05  3.13972371e-05  9.84761702e-03 -8.70959721e-06 -1.01696401e-04  8.60474175e-03  1.45371156e-04 -1.67768388e-04 -9.35285580e-02  1.78355960e-04 -1.21774089e-04 -9.42375024e-02  5.87397650e-05  3.02258370e-05  9.91444860e-03 -8.77028102e-06 -1.04440078e-04  8.53714121e-03  1.55202285e-04 -1.67101263e-04 -9.34926474e-02  1.90303147e-04 -1.20865550e-04 -9.41268246e-02 -5.45615526e-05  2.05094521e-04  9.42516431e-02]
Atoms: 57  Mode #: 19 Freq: 155.50761486614465 cm-1,Mass weighted displacment dq is: 
 [ 7.03589026e-04 -3.60714794e-04 -7.16380215e-01 -9.49115853e-05  1.07023037e-04  1.47638930e-01 -1.08220009e-04  1.27590362e-04  1.47661951e-01  9.18531212e-05 -1.66827094e-05 -7.49207185e-02  6.63879655e-05  1.05239104e-05 -7.49910764e-02  8.50766556e-05 -2.94111681e-05 -7.49642041e-02  8.37893477e-05  1.40435205e-06 -7.49890430e-02 -1.26628033e-04  1.36558314e-04  1.47652066e-01 -8.92565611e-05  1.24208222e-04  1.47664409e-01 -1.65075366e-04  1.16943087e-04  1.46868180e-01 -8.33452652e-05  9.96960866e-05  7.41561159e-02 -6.40511809e-05  6.86607811e-05  7.60225245e-02 -1.22247785e-04  1.06505688e-04  1.49459709e-01 -1.16922895e-04  9.12171735e-05  1.49335761e-01 -3.71112294e-05  7.86141761e-05  7.59605148e-02 -2.50804219e-05  5.39781561e-05  5.70619161e-02 -1.40102609e-05  5.05516334e-05  5.10082410e-02  1.11230695e-04 -7.56664875e-05 -1.05514883e-01 -3.81521767e-05 -5.20524375e-05  5.70285336e-02 -1.80921520e-04  1.30977374e-05  5.09620516e-02  1.31752457e-05 -1.99449089e-04 -1.05432714e-01  1.13899204e-04 -7.33495271e-05 -1.08488862e-01 -3.28329214e-05  7.64559850e-05  7.42554103e-02 -9.71542026e-05  1.24916466e-04  1.47011490e-01 -1.18751874e-04  1.02055492e-04  1.46977232e-01 -4.58585999e-05  5.71116040e-05  7.42118017e-02 -5.94985671e-05 -1.56466956e-04 -1.08403858e-01 -2.14440726e-05  6.28773465e-05  7.59604277e-02 -9.19690310e-05  6.90223497e-05  1.49353745e-01 -6.11262179e-05  8.38676440e-05  7.41677261e-02 -1.38856448e-04  9.34580825e-05  1.46883308e-01 -1.01442312e-04  1.27620957e-04  1.49465140e-01 -4.88209423e-05  8.01328712e-05  7.60426760e-02 -4.57923757e-05  3.35414345e-05  5.70950657e-02 -2.85398513e-05  3.49103828e-05  5.09833023e-02  1.03910073e-04 -8.85283314e-05 -1.05478121e-01  1.07615031e-04 -8.49446942e-05 -1.08471237e-01 -1.36356094e-05 -7.52739962e-05  5.70439099e-02 -1.61178518e-04 -3.27585174e-06  5.09570112e-02  3.03336044e-05 -2.09586945e-04 -1.05440017e-01 -4.36598227e-05 -1.65349705e-04 -1.08425209e-01  1.83673095e-05 -3.37076459e-05  1.53708238e-02 -6.50770623e-05  9.20537904e-06  1.22509198e-02  2.60694391e-06 -7.32766942e-05 -7.11341664e-02  9.13324127e-06 -2.58775358e-05  1.53646266e-02 -6.92381359e-05  1.28987235e-05  1.22550176e-02  7.59690015e-07 -7.35258322e-05 -7.11215731e-02  3.44830923e-05 -1.04886650e-04 -6.99621969e-02 -6.83072541e-06  1.48717491e-05  1.53663647e-02 -1.62225389e-06  1.27748966e-05  1.22635401e-02  6.44497795e-05 -4.98915733e-05 -7.11806658e-02  6.48728787e-05 -5.27714272e-05 -7.00201223e-02 -1.38611725e-05  6.87021397e-06  1.53831347e-02 -4.77392895e-06  9.86887159e-06  1.22511815e-02  6.56103406e-05 -5.05826179e-05 -7.11718641e-02  6.67562975e-05 -5.54241508e-05 -7.00016646e-02  3.83792389e-05 -1.03898693e-04 -6.99669906e-02]
Atoms: 57  Mode #: 20 Freq: 185.83344694636935 cm-1,Mass weighted displacment dq is: 
 [ 3.53627320e-06 -3.63980306e-07 -7.60862486e-05 -1.98282170e-02  6.82525067e-02 -7.87529436e-05 -6.82637935e-02 -1.98363987e-02 -9.29158853e-05 -6.32358053e-02 -1.15957073e-01 -8.70387182e-05  1.15958594e-01 -6.32234756e-02  1.82741807e-04  6.32373788e-02  1.15954355e-01  7.52317951e-05 -1.15955004e-01  6.32253685e-02 -1.94457666e-04  6.82660469e-02  1.98374646e-02  1.14323645e-04  1.98317408e-02 -6.82495975e-02  9.67337541e-05  1.40105951e-01 -7.65395755e-02  1.46077604e-04  1.20438530e-01 -4.52677978e-02  1.53685599e-04  7.63865473e-02  1.03073160e-01  9.81108967e-05  7.47187732e-02  1.40706100e-01  4.66189110e-05  1.40711185e-01 -7.47032058e-02  2.52167431e-04  1.03076727e-01 -7.63716207e-02  2.13569263e-04 -9.04635400e-02 -1.49651808e-01  6.78119184e-05 -7.39848847e-02 -1.60213425e-01  2.37629631e-05 -8.91827232e-02 -1.64987928e-01  1.41926667e-04  1.49653274e-01 -9.04440149e-02  2.79034014e-04  1.60210222e-01 -7.39679114e-02  4.98169495e-05  1.64983506e-01 -8.91671775e-02  1.79025624e-04 -8.55624292e-02 -1.67476247e-01  1.01299221e-04 -4.52815871e-02 -1.20432127e-01 -2.67005388e-05 -7.65587205e-02 -1.40101517e-01 -4.32670293e-05  7.65570709e-02  1.40102722e-01  5.02527631e-05  4.52828709e-02  1.20432919e-01  3.17049879e-05  1.67472923e-01 -8.55482588e-02  7.43948232e-05 -1.03072882e-01  7.63745552e-02 -2.02659854e-04 -1.40707088e-01  7.47075406e-02 -2.35157968e-04 -1.20435945e-01  4.52695243e-02 -1.46589208e-04 -1.40101214e-01  7.65427728e-02 -1.37490614e-04 -7.47223334e-02 -1.40708854e-01 -3.03084278e-05 -7.63862169e-02 -1.03076601e-01 -8.62697806e-05  9.04509434e-02  1.49647398e-01 -5.07246510e-05  7.39801496e-02  1.60219303e-01 -2.24228847e-05  8.91673779e-02  1.64987031e-01 -1.34195208e-04  8.55496135e-02  1.67481726e-01 -9.81882039e-05 -1.49648658e-01  9.04492695e-02 -2.61084050e-04 -1.60203091e-01  7.39721662e-02 -4.90560515e-05 -1.64978833e-01  8.91725519e-02 -1.71647084e-04 -1.67465266e-01  8.55519165e-02 -7.36189223e-05 -4.55338126e-02  2.73404758e-02 -9.95891570e-05 -4.91184320e-02  2.33299112e-02 -2.41813861e-06 -4.52175967e-02  2.68184737e-02 -5.51841621e-05  4.55350438e-02 -2.73388327e-02  1.06633539e-04  4.91208121e-02 -2.33286951e-02  2.42056532e-06  4.52195254e-02 -2.68177251e-02  6.07179865e-05  4.79063949e-02 -2.29822501e-02  3.17383552e-05 -2.73448347e-02 -4.55353361e-02  2.67635756e-05 -2.33345478e-02 -4.91233666e-02 -2.46934637e-06 -2.68207742e-02 -4.52220767e-02  1.39678499e-05 -2.29858004e-02 -4.79079933e-02  3.82488078e-05  2.73402615e-02  4.55323771e-02 -2.01909746e-05  2.33338864e-02  4.91263705e-02  2.96310616e-06  2.68162868e-02  4.52250191e-02 -6.71829678e-06  2.29805778e-02  4.79074875e-02 -3.72508790e-05 -4.79051605e-02  2.29847156e-02 -3.08944045e-05]
Atoms: 57  Mode #: 21 Freq: 209.0001320302838 cm-1,Mass weighted displacment dq is: 
 [-5.50650798e-05 -2.03704526e-06 -5.05806401e-06 -2.77443205e-04  5.21200186e-05  3.25818853e-01  1.00573213e-04 -2.30602055e-04 -3.25792595e-01 -1.40955696e-04  8.00334536e-05  2.19386171e-03  6.42043356e-05  9.65437370e-05 -2.20253574e-03  7.13932733e-05 -5.80700613e-05  2.22245727e-03 -7.56005562e-05 -1.16419159e-04 -2.21445128e-03  4.05045571e-04 -1.68093844e-04 -3.25815916e-01 -3.37915473e-04  3.56482708e-04  3.25744470e-01  8.12305368e-05  1.13724448e-04 -1.98792576e-02  1.89083094e-04  1.50805391e-05 -1.43788511e-01  2.22430059e-04 -1.50173466e-04 -1.41199969e-01  1.07613748e-04 -9.54227443e-05 -1.85945713e-02  8.78381243e-05  1.19988625e-04  1.86302457e-02 -5.10827523e-05  2.05210786e-04  1.41197964e-01 -3.25155624e-05  2.54390016e-04  1.47242603e-01  7.24883439e-05 -2.41818789e-04 -1.48939593e-01  8.09888727e-05  9.57986525e-05  1.29696076e-01  2.42428372e-04 -1.56473159e-04 -1.47193840e-01 -1.71288710e-04  1.53585068e-04  1.48958953e-01  1.29563269e-04 -2.22945728e-04 -1.29700103e-01  2.36245061e-04 -2.31158384e-04 -1.33277535e-01 -2.60457010e-04  1.59161051e-04  1.43769111e-01 -1.56860532e-04  5.26337413e-05  1.99167750e-02  8.47396774e-05 -4.45691813e-05  1.99117350e-02 -4.95775627e-05  1.87251030e-05  1.43815930e-01 -1.56138621e-04 -2.04649843e-05  1.33286488e-01 -1.99505471e-04 -2.79483924e-05  1.41197319e-01 -1.09265511e-04 -7.23109621e-05  1.85755897e-02  4.76497376e-05 -1.96765198e-04 -1.43815077e-01 -1.70690114e-05 -1.27898044e-04 -1.99381688e-02 -8.51219471e-05  9.99148643e-05 -1.85649896e-02 -1.08923902e-05 -3.73026940e-06 -1.41181620e-01 -1.83768170e-04  1.50008169e-05  1.47239014e-01  1.90053141e-04 -5.38390469e-05 -1.48984605e-01 -2.31760293e-04  9.43169444e-05  1.29723592e-01  5.23962454e-05 -4.01445073e-05 -1.33308665e-01  1.16272202e-06 -4.24924739e-06 -1.47240857e-01  1.60490478e-05  3.68236748e-05  1.48944906e-01  1.26716157e-04  9.12611653e-05 -1.29678497e-01  3.41380138e-05  1.65158969e-04  1.33329504e-01 -1.33479348e-05  1.13919208e-06 -7.69193903e-02  1.71025426e-05  6.68476850e-06  7.73525581e-02  6.62040952e-07  7.56826705e-05  7.83403481e-02  1.33246477e-04 -8.64477857e-05 -7.69035231e-02 -1.13314287e-04  8.60050534e-05  7.73534655e-02 -1.02755803e-04 -4.32304159e-06  7.83102181e-02  6.89325058e-05 -1.11990726e-04 -7.75152807e-02 -1.61064318e-05  1.44181635e-04  7.69093450e-02  2.46107709e-05 -1.39351709e-04 -7.73555283e-02  1.18445459e-04 -1.25316984e-04 -7.83191752e-02  2.65837480e-05  5.96653856e-05  7.75012677e-02 -1.03427976e-04 -1.70771388e-06  7.69133248e-02  1.04188997e-04 -8.88200246e-06 -7.73744045e-02  3.91952652e-05 -2.18129825e-05 -7.83334003e-02 -1.21498531e-04  5.73317406e-05  7.75234464e-02  6.61986255e-05  3.65796268e-05 -7.74979035e-02]
Atoms: 57  Mode #: 22 Freq: 211.44026041925653 cm-1,Mass weighted displacment dq is: 
 [-2.86984879e-07  3.47672219e-06 -4.87463134e-07  4.68134815e-02 -1.58179493e-01 -1.75694045e-04 -1.58178654e-01 -4.68025238e-02  1.74235900e-04 -1.22490733e-01  6.71809345e-02 -1.59485208e-04  6.71707722e-02  1.22489534e-01 -3.70944703e-05  1.22490986e-01 -6.71792549e-02  1.73570670e-04 -6.71706986e-02 -1.22487397e-01  2.31862316e-05  1.58178134e-01  4.68038392e-02  4.21767626e-04 -4.68122459e-02  1.58179795e-01 -4.19900956e-04  4.38924659e-02  1.44125384e-01 -7.26837217e-05  6.82641952e-02  1.29136333e-01  9.14219803e-05  1.27574110e-01 -7.21225849e-02  3.00981850e-04  1.14453895e-01 -9.82622655e-02  1.70517337e-04  9.82513345e-02  1.14453405e-01 -3.44657192e-05  7.21134447e-02  1.27574410e-01 -1.68343742e-04  6.68190045e-02  1.19791111e-01 -1.55809795e-04 -6.37996079e-02 -1.17896694e-01  1.86380737e-04  1.59672676e-01 -1.63776901e-02 -6.65555001e-06  1.19778306e-01 -6.68166467e-02  2.77638093e-04 -1.17907318e-01  6.37987780e-02 -3.02053971e-04 -1.63918008e-02 -1.59672366e-01  2.26607059e-04  1.03015132e-01 -1.20876270e-01  2.59741294e-04 -1.29138628e-01  6.82713793e-02 -2.63316115e-04 -1.44125363e-01  4.39011267e-02 -1.25480586e-04  1.44126552e-01 -4.39026362e-02  1.00144849e-04  1.29138854e-01 -6.82715945e-02  1.46681507e-05 -1.20887206e-01 -1.03016624e-01 -1.44912184e-04 -7.21125871e-02 -1.27574620e-01 -1.01047943e-04 -9.82517642e-02 -1.14456103e-01 -1.20007684e-05 -6.82656699e-02 -1.29134498e-01  1.57649467e-04 -4.38950295e-02 -1.44126252e-01  9.83019191e-05 -1.14452355e-01  9.82626655e-02 -1.23976784e-04 -1.27574268e-01  7.21245505e-02 -3.14536650e-05 -6.68139341e-02 -1.19790464e-01 -1.10163233e-04  6.38026603e-02  1.17891341e-01  8.48378057e-05 -1.59665955e-01  1.63748359e-02 -2.33906796e-04 -1.03009507e-01  1.20870718e-01 -2.79689948e-05 -1.19778672e-01  6.68099047e-02 -1.19224288e-05  1.17901207e-01 -6.38018990e-02  3.10582921e-05  1.63886468e-02  1.59663008e-01  1.39030964e-05  1.20881658e-01  1.03009121e-01 -8.67875100e-05 -7.72823767e-02  4.18513778e-02 -2.55683390e-05  7.69519073e-02 -4.24677891e-02  2.86857563e-05  6.09482676e-02  4.62986482e-02 -5.48877970e-05  7.72832378e-02 -4.18538551e-02  1.66760295e-04 -7.69550835e-02  4.24677069e-02 -1.70607529e-04 -6.09501726e-02 -4.63010709e-02 -8.18054765e-05 -4.30759792e-03 -7.68744583e-02  1.25246549e-04  4.18549236e-02  7.72875091e-02 -7.57268428e-05 -4.24675418e-02 -7.69512592e-02  1.00044585e-04  4.63006366e-02 -6.09472724e-02  1.33859720e-04  7.68751564e-02 -4.30350878e-03 -1.64881843e-05 -4.18531817e-02 -7.72869340e-02 -6.56414869e-05  4.24678365e-02  7.69488164e-02  4.20142287e-05 -4.62989979e-02  6.09456053e-02  2.88590402e-06 -7.68715971e-02  4.30269849e-03 -1.26465450e-04  4.30667934e-03  7.68715090e-02  1.76439501e-05]
Atoms: 57  Mode #: 23 Freq: 235.32685506088745 cm-1,Mass weighted displacment dq is: 
 [ 9.16689826e-07  2.01072266e-06 -2.73900421e-05  2.65434916e-01  7.87981437e-02 -7.28149751e-05 -7.87964982e-02  2.65440757e-01 -4.75146589e-04 -1.93084768e-01  1.04375211e-01 -3.00578602e-04 -1.04366990e-01 -1.93095780e-01  2.43387857e-04  1.93083891e-01 -1.04376696e-01  3.03010833e-04  1.04366138e-01  1.93092597e-01 -2.42356145e-04  7.87959030e-02 -2.65444589e-01  4.88962223e-04 -2.65438079e-01 -7.88013035e-02  8.92094769e-05 -1.09001037e-02 -1.09214933e-01 -2.02498790e-04 -1.39349900e-03 -1.80575541e-01  1.88118042e-04  1.00017820e-01 -1.50191937e-01  3.53410582e-04  6.87592707e-02 -8.52423490e-02  1.14728959e-04 -8.52286863e-02 -6.87703142e-02 -2.71985519e-04 -1.50183035e-01 -1.00026115e-01  7.65019937e-06 -5.53544590e-02  9.00404878e-02  8.79629646e-06 -1.05728398e-01 -3.07391377e-03 -1.10881395e-04 -4.29826818e-02  6.01952850e-02 -2.61480174e-05 -9.00254195e-02 -5.53607947e-02 -1.99327344e-04  3.10487385e-03 -1.05735778e-01 -1.49142244e-04 -6.01676971e-02 -4.29824177e-02  1.21973183e-04 -7.38022870e-02  2.94520568e-03 -1.97195118e-04 -1.80562362e-01  1.39961999e-03 -3.08958282e-07 -1.09201679e-01  1.09144671e-02  6.06347831e-06  1.09200015e-01 -1.09167238e-02 -1.01192092e-05  1.80560379e-01 -1.40189710e-03  5.31498285e-06 -2.91264004e-03 -7.38043149e-02  1.49523604e-04  1.50180790e-01  1.00023294e-01 -1.36893362e-06  8.52279130e-02  6.87699640e-02  2.67554500e-04  1.39371957e-03  1.80571553e-01 -1.84657398e-04  1.09021583e-02  1.09212962e-01  1.98080475e-04 -6.87605911e-02  8.52412213e-02 -1.19441564e-04 -1.00018844e-01  1.50190399e-01 -3.47668704e-04  5.53540308e-02 -9.00411585e-02 -1.75475242e-05  1.05726967e-01  3.07010644e-03  1.10156948e-04  4.29835713e-02 -6.01971470e-02  3.04712864e-05  7.38019065e-02 -2.94910342e-03  2.10412944e-04  9.00241248e-02  5.53665087e-02  1.90677554e-04 -3.09649769e-03  1.05737153e-01  1.49163790e-04  6.01727563e-02  4.29919457e-02 -1.18371831e-04  2.92157034e-03  7.38115411e-02 -1.36090164e-04  2.77274703e-02  1.50550395e-02  5.34624916e-05 -3.66770998e-03  3.22114050e-02  4.45432614e-05 -9.23842976e-03  1.49721652e-02 -1.40224306e-04 -2.77294981e-02 -1.50525144e-02 -5.86431551e-05  3.67109982e-03 -3.22115054e-02 -4.48646534e-05  9.24177155e-03 -1.49696614e-02  1.51723789e-04 -1.75740139e-02 -1.27759668e-04  1.16611679e-04 -1.50509497e-02  2.77334600e-02  4.64756441e-05 -3.22073175e-02 -3.65877091e-03 -4.19077063e-05 -1.49690944e-02 -9.23241523e-03 -1.02299434e-04 -1.30445914e-04  1.75821353e-02  2.53923895e-05  1.50512558e-02 -2.77329061e-02 -5.18465570e-05  3.22066931e-02  3.65716630e-03  4.11403425e-05  1.49691790e-02  9.23096306e-03  1.13764560e-04  1.31639501e-04 -1.75825776e-02 -2.26948616e-05  1.75755474e-02  1.31980896e-04 -1.14354183e-04]
Atoms: 57  Mode #: 24 Freq: 241.82947341594928 cm-1,Mass weighted displacment dq is: 
 [-7.16517120e-06 -2.94762885e-06 -1.84480871e-05 -2.00276620e-04  6.27988797e-05  1.39513980e-01  3.06172927e-04 -3.78290053e-04 -2.90529059e-01  1.93185870e-04 -2.91484677e-04 -1.73425224e-01 -1.38668535e-04  1.89797785e-04  6.29229033e-02 -1.85227953e-04  2.92551855e-04  1.73445124e-01  1.22922960e-04 -2.02076307e-04 -6.29468066e-02 -3.17168479e-04  3.71355346e-04  2.90553665e-01  1.97502424e-04 -8.86213896e-05 -1.39501829e-01 -1.25246325e-04  9.82631924e-05 -4.05633061e-02 -2.31844602e-04  2.62553284e-04  1.60300099e-01 -1.18555853e-04  2.66975673e-04  9.73805619e-02  2.28754203e-04  5.87492428e-05 -2.21995023e-01 -4.16524290e-05  1.27270769e-05 -1.24404955e-01  3.79754530e-05 -1.98135228e-05 -1.24675124e-01 -2.66656131e-04 -1.08524457e-04  1.91259460e-01 -1.07033683e-04 -1.03337171e-04  1.25615590e-01 -3.77976480e-05 -3.37622271e-04 -9.76264378e-02 -1.97240509e-04  1.98315923e-04  3.39429494e-02 -9.17908483e-05  3.20194419e-05 -1.46132419e-01 -3.23723907e-04  2.69368850e-04  1.47894690e-01  5.04633077e-05 -3.46685268e-04 -1.69162626e-01  2.63299453e-05 -8.81667433e-05  1.80846510e-03 -2.10875014e-04  2.32710773e-05  2.50112868e-01  2.55463297e-04 -4.27124471e-06 -2.50123936e-01 -6.79417863e-06  9.01763137e-05 -1.79649406e-03 -1.74589933e-04  1.42720397e-04 -5.47206783e-02 -5.41716175e-05 -3.14913912e-06  1.24662265e-01  2.65573247e-05 -3.44987460e-05  1.24392125e-01  2.21381807e-04 -2.69453347e-04 -1.60303226e-01  1.19389813e-04 -1.16486167e-04  4.05533162e-02 -1.92140158e-04 -4.80885416e-05  2.21969932e-01  1.25598215e-04 -2.66153207e-04 -9.73718059e-02  2.92304522e-04  1.19244015e-04 -1.91292524e-01  1.31872794e-04  1.36888537e-04 -1.25618188e-01  2.50616001e-05  3.54612330e-04  9.76343182e-02 -6.39198822e-05  3.72998566e-04  1.69174987e-01  1.75879581e-04 -1.93089810e-04 -3.39481537e-02  9.40017514e-05 -5.85248485e-05  1.46127925e-01  3.05631662e-04 -2.47614149e-04 -1.47882088e-01  1.72526179e-04 -1.48349868e-04  5.47271550e-02  7.45685303e-05 -7.10390378e-05 -3.11546824e-02  1.11462178e-05 -6.45803014e-06  6.53922969e-02  3.54100159e-05 -4.59467375e-05  2.50852354e-02 -8.37204145e-05  7.58780178e-05  3.11527686e-02 -8.36293051e-06 -4.34208882e-06 -6.53953200e-02 -3.33242730e-05  4.52033346e-05 -2.50819996e-02 -1.38035161e-04  1.05609586e-04  9.98022843e-02 -9.50604324e-05 -3.68449357e-05  6.57345909e-02 -2.34815670e-05 -2.97632949e-05  3.04330194e-02  6.75808001e-05 -1.40965119e-04 -1.27836823e-01  3.39793042e-05 -1.41465094e-04 -8.41743169e-02  1.02159568e-04  3.73805709e-05 -6.57506932e-02  3.17396080e-05  4.22048345e-05 -3.04328216e-02 -8.02765629e-05  1.47202013e-04  1.27846584e-01 -4.78211265e-05  1.44805027e-04  8.41811659e-02  1.31158884e-04 -9.12028045e-05 -9.97952290e-02]
Atoms: 57  Mode #: 25 Freq: 241.83349643230702 cm-1,Mass weighted displacment dq is: 
 [-3.77891114e-06  6.95861429e-06  2.25646816e-05 -2.25830882e-05 -2.53047081e-04 -2.90508305e-01  1.73853459e-04 -2.99932020e-04 -1.39595458e-01  1.52546034e-04  1.71329858e-05  6.29575156e-02  5.59028452e-06  2.41408933e-04  1.73459924e-01 -1.64952716e-04 -9.90779345e-07 -6.29782065e-02 -4.15967230e-06 -2.49970327e-04 -1.73450633e-01 -1.99849168e-04  3.02574660e-04  1.39490731e-01  1.51462409e-05  2.63959069e-04  2.90552610e-01  2.88017600e-04 -1.12158747e-04 -2.50099050e-01  4.00151051e-05  1.04783909e-04 -1.79360083e-03 -2.28430400e-04  1.64359885e-04  1.24639974e-01 -2.32042306e-04  9.03387719e-05  1.24408720e-01  3.10722406e-04 -1.05762255e-04 -2.21951618e-01  1.00947449e-04  1.37901278e-04  9.74120260e-02  1.17326764e-04  6.24882293e-05  3.39750344e-02  2.67814224e-04 -1.46048511e-05 -1.46151550e-01  1.62974126e-05  1.83779432e-04  1.47917814e-01  3.01776635e-04 -1.08552127e-04 -1.91273286e-01  2.57535613e-04 -1.83685438e-05 -1.25633548e-01  1.00318156e-04  8.27751128e-05  9.76099225e-02  2.01450663e-04  5.84645920e-05 -5.47150147e-02  6.83706203e-05  1.49497068e-04  1.60310875e-01  1.78616529e-04  3.29801192e-05 -4.05661461e-02 -1.96951631e-04 -2.68448374e-05  4.05775640e-02 -7.53474663e-05 -1.38843226e-04 -1.60298612e-01  4.49898794e-05  1.19720837e-04  1.69148800e-01 -1.00086483e-04 -1.45304293e-04 -9.73789488e-02 -2.99986326e-04  6.89656161e-05  2.21968444e-01 -3.76593817e-05 -1.24840412e-04  1.75146901e-03 -2.68956375e-04  6.72779266e-05  2.50096610e-01  2.10044555e-04 -7.48163112e-05 -1.24395775e-01  2.05462032e-04 -1.47793983e-04 -1.24687494e-01 -1.12172593e-04 -4.04020846e-05 -3.39167176e-02 -2.94912462e-04  1.31325519e-05  1.46140707e-01  5.43396323e-06 -1.64638410e-04 -1.47894265e-01 -2.07600090e-04 -5.55478061e-05  5.46960753e-02 -2.90821515e-04  8.25856858e-05  1.91258950e-01 -2.23092328e-04 -6.97016670e-06  1.25667125e-01 -8.24852564e-05 -7.07641412e-05 -9.76462522e-02 -1.75962756e-05 -1.07294446e-04 -1.69128543e-01 -9.23990473e-05  3.00335346e-05  6.57400960e-02 -6.22201974e-05 -3.55622066e-06  3.04615479e-02  6.28853648e-05 -5.98693230e-05 -1.27817102e-01  9.29517673e-05 -3.71585443e-05 -6.57507107e-02  7.51002269e-05 -4.96853599e-06 -3.04452673e-02 -5.61845574e-05  7.20720188e-05  1.27828905e-01 -1.34436582e-05  6.69608083e-05  8.41629778e-02  1.80821668e-05  3.91532458e-05  3.11636697e-02  9.72741400e-05 -2.01350075e-05 -6.54058172e-02  6.42011948e-05  1.15766851e-05 -2.50830037e-02 -5.29077215e-05  9.77775089e-05  9.98143108e-02 -1.32623381e-05 -2.98607066e-05 -3.11373155e-02 -1.08238815e-04  1.76742967e-05  6.53967667e-02 -6.50748810e-05 -1.34705920e-05  2.50673812e-02  6.74607699e-05 -9.05762942e-05 -9.98050540e-02  1.70644115e-05 -5.34075545e-05 -8.41858897e-02]
Atoms: 57  Mode #: 26 Freq: 255.10450095251858 cm-1,Mass weighted displacment dq is: 
 [ 1.69216659e-06  3.67697304e-08  4.55409028e-06  4.98012099e-02  1.33830796e-02 -2.70205648e-04  1.33772848e-02 -4.97602833e-02  2.66782155e-04 -5.66396848e-02 -1.02070600e-01  2.70833528e-04 -1.02085637e-01  5.66200617e-02 -1.73525435e-04  5.66407275e-02  1.02064922e-01 -2.52279796e-04  1.02088884e-01 -5.66136622e-02  1.49570147e-04 -1.33754668e-02  4.97619823e-02 -3.40572904e-04 -4.97952786e-02 -1.33803270e-02  3.18200644e-04 -1.21156155e-01  7.64767300e-02 -2.34872592e-04 -7.17787355e-02  7.31671796e-02 -3.45588468e-04  2.23024699e-02  9.93060944e-02 -7.97958280e-05  6.14778794e-02  1.28870309e-01  3.41426050e-04 -1.28888007e-01  6.14778006e-02 -1.76345326e-04 -9.93308591e-02  2.22960808e-02  6.21444531e-05 -1.08630500e-01 -1.51685100e-01 -1.81051111e-04 -6.79145129e-02 -1.76169876e-01 -1.87501325e-04 -1.00367990e-01 -1.83551949e-01  3.18095460e-04 -1.51693932e-01  1.08618103e-01 -4.06245097e-04 -1.76183165e-01  6.79047482e-02 -1.33498915e-06 -1.83565030e-01  1.00352346e-01 -3.25831145e-04 -9.61702608e-02 -1.86713652e-01  2.50367863e-04 -7.31855641e-02 -7.17723481e-02  8.65017681e-05 -7.64835037e-02 -1.21148298e-01 -3.23555051e-04  7.64811527e-02  1.21145475e-01  3.43687044e-04  7.31866718e-02  7.17701813e-02 -4.93120290e-05 -1.86729048e-01  9.61559430e-02  2.20915583e-05  9.93367218e-02 -2.22934448e-02 -5.79793611e-05  1.28892167e-01 -6.14762759e-02  1.63122506e-04  7.17773821e-02 -7.31612560e-02  3.02165696e-04  1.21153417e-01 -7.64716148e-02  2.20053124e-04 -6.14806837e-02 -1.28876938e-01 -3.37624156e-04 -2.23027306e-02 -9.93119487e-02  5.74490030e-05  1.08617955e-01  1.51676405e-01  2.04517298e-04  6.79083190e-02  1.76171451e-01  1.79457812e-04  1.00352093e-01  1.83548004e-01 -2.97182632e-04  9.61566349e-02  1.86715009e-01 -2.65336938e-04  1.51699582e-01 -1.08623652e-01  3.66805921e-04  1.76172046e-01 -6.79028526e-02  1.83002012e-05  1.83564512e-01 -1.00361522e-01  2.91225446e-04  1.86717243e-01 -9.61591878e-02 -1.39885863e-05  4.76638906e-02 -3.32697235e-02  1.51569788e-04  5.53530573e-02 -2.26278574e-02 -1.69844413e-05  4.76949767e-02 -3.19264249e-02 -5.64789958e-06 -4.76609198e-02  3.32674190e-02 -1.68556577e-04 -5.53576163e-02  2.26290028e-02  2.55863083e-05 -4.76997986e-02  3.19249724e-02  5.15121166e-06 -5.33276723e-02  2.24803946e-02 -1.05977271e-04 -3.32734535e-02 -4.76636266e-02 -5.00060501e-05 -2.26308020e-02 -5.53519619e-02 -6.94263351e-05 -3.19287304e-02 -4.76958445e-02  1.29275768e-04 -2.24854785e-02 -5.33240397e-02  1.81750999e-04  3.32684668e-02  4.76583197e-02  6.22537962e-05  2.26293727e-02  5.53534631e-02  6.67245221e-05  3.19243137e-02  4.76971356e-02 -1.31643827e-04  2.24798480e-02  5.33228743e-02 -1.70666207e-04  5.33279065e-02 -2.24857269e-02  9.16134721e-05]
Atoms: 57  Mode #: 27 Freq: 283.46613120479867 cm-1,Mass weighted displacment dq is: 
 [ 3.89966568e-05 -1.33204749e-05  2.65087724e-05  1.28306125e-04 -5.60847470e-05 -1.18080424e-01  2.46234994e-04 -1.97862179e-04 -3.28813521e-01 -1.71014170e-04  1.45835919e-04  2.08697673e-01  3.63478368e-04 -3.01103622e-04 -4.44635491e-01  1.97379369e-04 -1.50129339e-04 -2.09243387e-01 -3.58406559e-04  2.76850844e-04  4.45155929e-01 -2.68389833e-04  1.98992193e-04  3.28750527e-01 -1.04673000e-04  6.37956801e-05  1.18066970e-01 -5.62642571e-05  2.77212869e-05  7.37480105e-02  4.38045374e-05 -5.14755381e-05 -5.21128063e-02 -5.56030270e-05  3.04379747e-05  6.87766748e-02 -6.49290179e-05  3.84600876e-05  7.25775907e-02 -1.36715300e-05 -1.84876384e-06  2.70676557e-02  1.35848095e-04 -1.15609259e-04 -1.66654648e-01 -1.20448606e-05  2.13435285e-05  1.26281881e-02  7.23414276e-05 -4.44706977e-05 -8.72702646e-02 -9.40718952e-05  1.02794229e-04  1.02044478e-01 -7.48410311e-05  5.25585381e-05  1.03902846e-01 -4.63917966e-05  1.81757307e-05  5.53564588e-02  2.76562159e-05 -2.96480966e-05 -2.82372214e-02  3.04453508e-05 -1.05081373e-05 -4.40871930e-02 -1.39046883e-04  1.17078460e-04  1.71929885e-01 -1.82511062e-05  2.21760352e-05  2.66214298e-02  2.65477658e-05 -2.26166211e-05 -2.64562690e-02  1.63290736e-04 -1.09867282e-04 -1.72109945e-01  7.14363764e-05 -5.99760911e-05 -9.79777706e-02 -1.33377426e-04  1.05011506e-04  1.66831652e-01 -2.12934444e-06  7.57394231e-06 -2.71850165e-02 -5.54608597e-05  5.05690711e-05  5.22551026e-02  3.46960191e-05 -1.37595696e-05 -7.38800324e-02  6.13074802e-05 -4.83162537e-05 -7.24038605e-02  5.21629791e-05 -4.22253956e-05 -6.89695210e-02  1.15081743e-05 -3.13424900e-05 -1.23996759e-02 -7.67711564e-05  4.34341406e-05  8.74744643e-02  1.01057013e-04 -1.06026198e-04 -1.02186390e-01 -3.53628682e-05  1.00666000e-05  4.39406568e-02  5.23044690e-05 -2.44787940e-05 -1.04076462e-01  2.27145038e-05 -4.23853830e-06 -5.55152713e-02 -4.87127707e-05  4.60236459e-05  2.83423328e-02 -9.22318673e-05  6.97570806e-05  9.81007707e-02  2.58840997e-05 -1.52863398e-05 -4.72614552e-02  9.81001171e-06 -3.43265013e-06 -2.16457252e-02 -5.48909964e-05  3.85947802e-05  6.80222616e-02 -3.54349483e-05  2.64866079e-05  4.71925628e-02 -1.57090177e-05  7.44070697e-06  2.15836429e-02  5.15389200e-05 -3.87179381e-05 -6.79260576e-02  2.04478390e-05 -2.26107086e-05 -2.46946581e-02 -9.94369186e-06  8.54144248e-06  1.01106895e-02  3.67893546e-05 -2.28942710e-05 -4.24713993e-02  1.80112803e-05 -1.20656562e-05 -2.39039513e-02 -5.83085570e-05  5.88909184e-05  6.69763941e-02  9.71770963e-06 -1.25527703e-05 -1.00171014e-02 -3.92742937e-05  2.30795567e-05  4.25526103e-02 -2.11351104e-05  1.27538542e-05  2.37893478e-02  6.28756131e-05 -5.88585727e-05 -6.70893819e-02 -2.61769429e-05  2.44047711e-05  2.47796672e-02]
Atoms: 57  Mode #: 28 Freq: 283.46943740082065 cm-1,Mass weighted displacment dq is: 
 [ 1.34849038e-05  3.93388511e-05 -6.85012654e-06 -2.57315862e-04  1.97031464e-04  3.28823177e-01  6.32619247e-05 -3.56359943e-05 -1.18064129e-01 -3.96953068e-04  2.95474119e-04  4.44742648e-01 -1.62734099e-04  1.22062342e-04  2.09100955e-01  4.19373324e-04 -2.88054074e-04 -4.45009247e-01  1.68074912e-04 -9.74851771e-05 -2.08822251e-01 -7.31507753e-05  5.99933865e-05  1.18102514e-01  2.52986995e-04 -2.19203709e-04 -3.28800948e-01 -1.15328471e-05  7.75144904e-06  2.65099131e-02 -1.24935599e-04  9.96657272e-05  1.72082008e-01  1.69537988e-04 -1.16775138e-04 -1.66774073e-01 -7.24817227e-06  2.01304656e-05  2.71526830e-02  6.52817313e-05 -5.54787508e-05 -7.25316358e-02  5.81740107e-05 -5.64608815e-05 -6.88416326e-02  6.73221399e-05 -9.38766582e-05 -1.03943851e-01  1.97156732e-05 -6.60720964e-05 -5.53748005e-02 -4.06830562e-05  3.05838078e-06  2.82574283e-02 -2.03021889e-06 -6.44821540e-06  1.24683209e-02  6.52018160e-05 -6.93904237e-05 -8.74213714e-02 -8.34213240e-05  4.52482352e-05  1.02145490e-01 -1.00381058e-04  5.10794588e-05  9.80285756e-02 -6.84533843e-05  2.43611498e-05  5.21087872e-02  3.37152987e-05 -6.97150323e-05 -7.37929639e-02 -5.10831658e-05  4.85477207e-05  7.38466205e-02  6.65599662e-05 -3.53928910e-05 -5.21976999e-02  2.96633702e-05 -4.32452247e-05 -4.40043245e-02 -4.60350165e-05  5.22712650e-05  6.89298555e-02 -5.37957010e-05  5.08638852e-05  7.24321963e-02  1.18576910e-04 -7.72366732e-05 -1.71985206e-01  1.38281367e-05 -1.29787710e-06 -2.66075355e-02 -9.94763460e-07 -3.36697377e-05 -2.70908887e-02 -1.60641010e-04  1.21937648e-04  1.66699937e-01 -9.57060851e-05  7.42989653e-05  1.04023590e-01 -3.64456101e-05  4.14605818e-05  5.54511702e-02  2.54853853e-05 -2.27634714e-05 -2.83190303e-02  9.09150478e-05 -7.26863480e-05 -9.80829390e-02  1.41043937e-05  4.17313237e-06 -1.25847227e-02 -6.01919565e-05  6.38041710e-05  8.73061478e-02  8.96493425e-05 -3.97627345e-05 -1.02064136e-01 -2.55135759e-05  3.68459385e-05  4.40808646e-02  7.56825112e-06 -1.51016697e-06 -1.00933687e-02 -2.90051900e-05  2.64589394e-05  4.24832636e-02 -1.87717654e-05  1.21076278e-05  2.38907864e-02 -2.93079363e-06  7.81399859e-07  1.00476827e-02  3.02213905e-05 -2.93555389e-05 -4.25291750e-02  1.91144023e-05 -1.56335050e-05 -2.38297265e-02 -5.30052776e-05  3.62269623e-05  6.70585161e-02  3.55279383e-05 -3.94097915e-05 -4.72069877e-02  8.41547957e-06 -2.60421426e-05 -2.15884209e-02 -6.10397773e-05  4.34798445e-05  6.79601714e-02 -2.52389903e-05  1.35868938e-05  2.47080892e-02 -4.66352556e-05  3.11677497e-05  4.72407664e-02 -1.35505717e-05  1.93868853e-05  2.16193356e-02  6.17368070e-05 -4.74604378e-05 -6.80024639e-02  2.44742316e-05 -1.88835473e-05 -2.47549257e-02  5.37724062e-05 -3.18297502e-05 -6.69941400e-02]
Atoms: 57  Mode #: 29 Freq: 284.7132783523707 cm-1,Mass weighted displacment dq is: 
 [ 7.67229408e-05 -1.86570125e-05  5.94435424e-05 -4.05759742e-05  4.37092485e-05  7.38071467e-04 -4.33184045e-05  5.30210365e-05 -4.81990248e-04  2.16400113e-04 -2.18391456e-04 -3.68415895e-01 -2.45764047e-04  2.51300915e-04  3.68342418e-01  2.44270223e-04 -2.12525679e-04 -3.67764385e-01 -2.39964559e-04  2.23504755e-04  3.67853355e-01 -3.72575277e-05  5.48693685e-05 -1.03751278e-03 -4.37163621e-05  4.89229327e-05  7.89077062e-04  1.22611948e-04 -5.45900778e-05 -1.03544772e-01 -7.62616532e-05  8.47777842e-05  1.17209626e-01  5.20111715e-05 -4.15262765e-05 -1.18066567e-01 -1.55055158e-04  1.05274172e-04  1.03701305e-01  1.27591274e-04 -4.57000411e-05 -1.03767797e-01 -5.98213940e-05  9.90571228e-05  1.18225597e-01 -1.40661832e-04  1.27008297e-04  1.30426590e-01 -1.67090524e-04  1.66995109e-05  1.28602880e-01  7.97607047e-05 -1.13145342e-04 -9.01181592e-02  1.57785710e-04 -1.00490652e-04 -1.30484338e-01  1.63143815e-04 -6.98824279e-05 -1.28545437e-01 -9.61816189e-06  3.30414804e-05  8.99978488e-02  5.85434416e-05 -1.60283000e-04 -9.08977579e-02  1.71486149e-05 -6.81576973e-05 -1.17373254e-01 -1.75111996e-04  6.72268836e-05  1.03493721e-01 -1.81602980e-04  6.73529029e-05  1.03459883e-01  2.64349619e-05 -6.57693511e-05 -1.17080748e-01 -7.09874105e-07  2.50146816e-05  9.09461061e-02 -5.75960643e-05  8.51132535e-05  1.17948633e-01  1.28465526e-04 -4.35539495e-05 -1.03776292e-01 -7.43959323e-05  7.59328657e-05  1.17254104e-01  1.22588136e-04 -4.77920659e-05 -1.03420450e-01 -1.53154372e-04  1.04502888e-04  1.03834974e-01  3.77603819e-05 -4.33139066e-05 -1.18096493e-01 -1.51310895e-04  1.24168287e-04  1.30369894e-01 -1.80477263e-04  1.87812713e-05  1.28420276e-01  9.13262042e-05 -1.01917016e-04 -8.99412608e-02  6.51757277e-05 -1.47146226e-04 -9.08783543e-02  1.54855047e-04 -8.96248446e-05 -1.30334708e-01  1.65220126e-04 -5.61853954e-05 -1.28528637e-01  1.21454271e-06  2.19118206e-05  9.00322833e-02  1.22238344e-05  1.88698862e-05  9.07834055e-02  6.02777525e-05 -3.61525995e-05 -5.21903424e-02  5.67893780e-05 -2.27163774e-05 -5.12004765e-02 -3.48950117e-05  2.16061270e-05  7.11046754e-02  6.27103166e-05 -4.14501078e-05 -5.22616573e-02  5.49553465e-05 -2.70859674e-05 -5.12006550e-02 -3.97028849e-05  2.80111736e-05  7.12143759e-02 -3.72054315e-05  4.40006182e-05  7.10122082e-02 -4.73769928e-05  6.05908985e-05  5.22284593e-02 -6.76682330e-05  1.52827451e-06  5.12322277e-02  5.74385432e-05 -8.59034517e-05 -7.11803951e-02  7.71343258e-05 -6.73915148e-05 -7.10846533e-02 -5.26575900e-05  5.81671299e-05  5.22121133e-02 -7.19443102e-05  3.36578301e-06  5.11488566e-02  6.40588435e-05 -8.10077825e-05 -7.11570234e-02  8.44923747e-05 -6.28868631e-05 -7.09634157e-02 -3.28898317e-05  3.68087445e-05  7.10250352e-02]
Atoms: 57  Mode #: 30 Freq: 289.64181782217884 cm-1,Mass weighted displacment dq is: 
 [ 2.84128505e-04 -3.57050452e-04 -2.88859201e-01 -2.52873486e-04  3.40677573e-05  2.59725575e-01 -1.80962284e-04 -1.62499089e-05  2.59742710e-01  6.27942658e-05  7.73701313e-05  9.12842590e-02 -2.08760000e-04 -6.68958827e-05  9.12411187e-02  4.46089315e-05  7.58338299e-05  9.12771244e-02 -2.05523382e-04 -8.58636155e-05  9.13190781e-02 -2.03769514e-04  5.95719979e-06  2.59771624e-01 -2.28355982e-04  5.75309700e-05  2.59818411e-01  2.60891917e-05 -1.98662354e-04 -1.50716561e-01 -1.24750230e-04 -7.02839912e-05  9.06983968e-02 -1.32896903e-05  4.22393699e-05  8.99140705e-02  2.40165029e-04 -6.11254795e-05 -1.51732485e-01 -7.53717567e-05 -1.58855980e-04 -1.51730545e-01 -2.30580100e-04 -2.26611598e-05  8.99198583e-02  2.67642670e-04 -4.53355527e-05 -1.58926843e-01  2.50327306e-04  8.29528626e-05 -1.57531286e-01  1.43125203e-05  2.47455814e-04  1.01060557e-01 -1.11169961e-04 -2.91467457e-05 -1.58939235e-01  9.30264951e-05 -1.72403910e-04 -1.57518268e-01 -2.41189431e-04  1.88935450e-04  1.01035472e-01  3.47758068e-05  2.97848016e-04  1.00921475e-01  4.64371350e-05  8.98178171e-05  9.07405168e-02  2.72968941e-04 -2.43218122e-05 -1.50722581e-01  2.83064996e-04 -2.35477266e-05 -1.50709867e-01  3.10317949e-05  7.93301475e-05  9.07039903e-02 -1.16473300e-04  1.08673770e-04  1.00932549e-01 -2.33069912e-04 -3.58981297e-05  8.99153332e-02 -7.13177950e-05 -1.49390881e-04 -1.51730381e-01 -1.12336417e-04 -8.67100114e-05  9.07412024e-02  3.09511878e-05 -1.91716771e-04 -1.50697782e-01  2.27843103e-04 -6.28505602e-05 -1.51761876e-01 -8.96910935e-07  3.76073537e-05  8.98849522e-02  2.76090695e-04 -4.40289075e-05 -1.58939652e-01  2.59290605e-04  8.78303504e-05 -1.57497063e-01 -6.86361186e-06  2.43946270e-04  1.01026754e-01  1.53849010e-05  2.95427043e-04  1.00925281e-01 -1.04890353e-04 -2.71331799e-05 -1.58937939e-01  9.72908223e-05 -1.66412643e-04 -1.57534488e-01 -2.27731381e-04  1.62263025e-04  1.01059257e-01 -1.04054728e-04  8.40249450e-05  1.00924909e-01 -4.65435787e-05 -1.84061097e-06 -6.04927882e-02  5.73795916e-05 -6.57648377e-05 -5.96955131e-02 -4.23662445e-05  6.53076982e-05  8.22034909e-02 -4.97607897e-05 -3.08992435e-06 -6.04936810e-02  5.68684117e-05 -6.90043508e-05 -5.96852199e-02 -4.71193132e-05  7.80754515e-05  8.22098194e-02 -1.11395252e-04  1.16373829e-04  8.26277234e-02  8.97473767e-05 -2.64135719e-05 -6.04752530e-02  9.30132774e-05  2.90701435e-05 -5.96848378e-02 -3.36788081e-05  1.26240669e-04  8.22075496e-02 -6.37471996e-05  1.13126787e-04  8.26501089e-02  9.30740597e-05 -2.69811112e-05 -6.04858294e-02  9.73470304e-05  3.14018654e-05 -5.96697310e-02 -4.47150905e-05  1.23864867e-04  8.22089594e-02 -7.62905212e-05  1.10640588e-04  8.26278895e-02 -1.05996751e-04  1.02821805e-04  8.26413705e-02]
Atoms: 57  Mode #: 31 Freq: 298.18212692721454 cm-1,Mass weighted displacment dq is: 
 [ 8.85704823e-02  7.58363607e-02 -1.34744641e-04  1.32588614e-01  7.86953062e-02  1.85304659e-04  7.40120474e-02  8.49668230e-02  1.25033522e-04  2.26319853e-02 -1.11785676e-01  1.25321466e-04  4.82383128e-02  1.69262067e-01 -2.26043909e-06  2.26278205e-02 -1.11792266e-01  1.75855663e-04  4.82360155e-02  1.69263886e-01 -2.78450970e-05  7.40109833e-02  8.49640282e-02  1.46889392e-04  1.32591685e-01  7.86976925e-02  2.28663550e-04 -1.30005635e-02  1.79611475e-01 -2.34411666e-04 -1.42422896e-04  1.65076345e-01 -5.52438517e-05  2.58428782e-02 -1.02931197e-01  1.25609721e-04 -1.60853890e-03 -1.59936216e-01 -3.30559704e-05  6.06381568e-02  1.28285337e-01 -1.83969307e-04  9.12979419e-02  1.03322857e-01  4.45945915e-05 -1.02940750e-01 -1.97797082e-01 -2.79903535e-05 -3.86861334e-03 -1.52840141e-01 -2.11535876e-05 -1.15687777e-01 -2.05430311e-01  1.89288717e-04  6.75235533e-02  7.33016938e-02 -1.28505284e-04 -1.23105564e-01  1.45639528e-01 -2.65060251e-04 -3.29619708e-02  1.75185266e-02  5.84124820e-05 -8.70207117e-02 -1.69120976e-01  1.32624227e-04  2.70199631e-02 -5.06836113e-02  1.13093323e-04 -3.21181232e-03 -1.15705282e-01 -3.43241154e-05 -3.21636339e-03 -1.15714153e-01 -5.30712451e-05  2.70150191e-02 -5.06896067e-02  1.07838960e-04 -1.27921204e-01  6.49388503e-02 -2.90618380e-05  9.12950030e-02  1.03322659e-01  2.93295227e-05  6.06356403e-02  1.28289228e-01 -1.51598013e-04 -1.42498087e-04  1.65078806e-01 -5.70824459e-05 -1.30011907e-02  1.79614444e-01 -1.96449470e-04 -1.60594199e-03 -1.59928609e-01 -2.19577751e-05  2.58452406e-02 -1.02925759e-01  9.32708051e-05 -1.02940887e-01 -1.97804697e-01 -7.07285124e-05 -3.87152242e-03 -1.52853868e-01 -3.62344316e-05 -1.15686734e-01 -2.05439733e-01  1.77505979e-04 -8.70204390e-02 -1.69134995e-01  1.43811102e-04  6.75200607e-02  7.33095489e-02 -9.95227093e-05 -1.23105648e-01  1.45643237e-01 -2.33509067e-04 -3.29644439e-02  1.75272759e-02  4.82232075e-05 -1.27921199e-01  6.49457101e-02 -3.86217301e-05  3.73931516e-02  1.16181550e-02 -2.09275411e-05 -5.98834686e-02  5.61268239e-02 -1.04301481e-04 -5.32394035e-02  8.59361188e-03 -3.69089651e-05  3.73948859e-02  1.16154402e-02 -2.82883356e-05 -5.98840695e-02  5.61261124e-02 -1.16753083e-04 -5.32394439e-02  8.59175490e-03 -3.22378794e-05 -9.26031576e-03 -2.27372066e-02  7.29730419e-05 -3.75896956e-02 -7.26576694e-02 -2.03949491e-05  1.54927000e-04 -4.09234563e-02 -3.30958956e-05 -3.62738655e-02 -3.16471502e-02  2.92848285e-05 -3.46449447e-02 -5.98009479e-02  7.04753917e-05 -3.75894432e-02 -7.26594449e-02 -3.97402382e-05  1.53494439e-04 -4.09285452e-02 -4.05701245e-05 -3.62735551e-02 -3.16515974e-02  3.50909171e-05 -3.46440201e-02 -5.98033532e-02  7.00897287e-05 -9.26102314e-03 -2.27340595e-02  6.11805570e-05]
Atoms: 57  Mode #: 32 Freq: 298.18364973525814 cm-1,Mass weighted displacment dq is: 
 [ 7.58227079e-02 -8.85761505e-02  3.64557572e-04  8.49665999e-02 -7.40103559e-02 -1.19234029e-04  7.86953326e-02 -1.32588094e-01 -1.24813956e-04  1.69260806e-01 -4.82376527e-02 -2.70435954e-05 -1.11790555e-01 -2.26292381e-02  3.93236549e-05  1.69263709e-01 -4.82364914e-02 -5.68808473e-05 -1.11791397e-01 -2.26278408e-02 -2.03786934e-05  7.86976089e-02 -1.32590987e-01 -1.68012048e-04  8.49661080e-02 -7.40117576e-02 -1.03856215e-04 -1.15711120e-01  3.21482824e-03 -4.62995247e-06 -5.06870059e-02 -2.70162001e-02 -6.34959120e-05  1.03324575e-01 -9.12960608e-02 -1.22743298e-05  1.28289789e-01 -6.06355660e-02  3.53843082e-04 -1.59931568e-01  1.60709162e-03 -8.64213617e-05 -1.02928183e-01 -2.58434718e-02 -9.08731894e-05  7.33101696e-02 -6.75228878e-02  3.03466450e-04  1.45644040e-01  1.23101804e-01  1.64421403e-04  1.75292270e-02  3.29593285e-02 -1.01015778e-04 -1.97799047e-01  1.02936363e-01 -1.96276424e-04 -1.52849894e-01  3.86987195e-03  2.05099590e-06 -2.05432805e-01  1.15682718e-01 -2.74170401e-04  6.49481383e-02  1.27916869e-01 -1.78472827e-04  1.65076840e-01  1.41296568e-04  3.69804047e-05  1.79613882e-01  1.29992801e-02  3.08867060e-04  1.79615813e-01  1.30014172e-02  3.47267379e-04  1.65078284e-01  1.43218602e-04  3.59496991e-05 -1.69130795e-01  8.70190004e-02 -1.96941116e-04 -1.02929082e-01 -2.58421902e-02 -1.24084246e-04 -1.59933098e-01  1.60834857e-03 -7.30528975e-05 -5.06881103e-02 -2.70150107e-02 -6.22795952e-05 -1.15711547e-01  3.21522671e-03  1.53427104e-05  1.28288388e-01 -6.06377742e-02  3.22417151e-04  1.03322329e-01 -9.12964009e-02  5.40199140e-06  7.33112912e-02 -6.75202923e-02  3.32753857e-04  1.45646448e-01  1.23102770e-01  1.95957429e-04  1.75314649e-02  3.29606097e-02 -1.10863805e-04  6.49499688e-02  1.27917653e-01 -1.88692110e-04 -1.97800645e-01  1.02938000e-01 -1.53013895e-04 -1.52848288e-01  3.87069276e-03  1.80066125e-05 -2.05435632e-01  1.15684098e-01 -2.64286815e-04 -1.69129123e-01  8.70186876e-02 -2.09063592e-04 -7.26561949e-02  3.75876422e-02 -5.82553659e-05 -4.09259695e-02 -1.54127900e-04  1.75192758e-05 -3.16492039e-02  3.62733105e-02 -1.24993200e-04 -7.26559971e-02  3.75872839e-02 -7.76740004e-05 -4.09269102e-02 -1.54283128e-04  1.00457969e-05 -3.16495964e-02  3.62735874e-02 -1.18595235e-04 -5.98012308e-02  3.46427273e-02 -7.81099047e-05  1.16182997e-02 -3.73938383e-02  8.48081528e-05  5.61265962e-02  5.98817108e-02  4.49508257e-05  8.59407454e-03  5.32388398e-02 -1.20624206e-04 -2.27340615e-02  9.25951684e-03 -1.03875058e-04  1.16186496e-02 -3.73929529e-02  9.21704125e-05  5.61271397e-02  5.98816438e-02  5.75166984e-05  8.59462339e-03  5.32391259e-02 -1.25503588e-04 -2.27322370e-02  9.25991316e-03 -1.15426822e-04 -5.98023048e-02  3.46440318e-02 -7.90803788e-05]
Atoms: 57  Mode #: 33 Freq: 350.21035101922905 cm-1,Mass weighted displacment dq is: 
 [ 1.62536844e-01 -8.40778423e-01  6.36644111e-04 -2.77476250e-02  1.06767720e-01 -1.41795536e-04  2.32802140e-03  3.21379268e-02 -7.74973609e-05 -2.47062276e-02 -4.65295876e-02  1.15961795e-04  3.79200033e-02 -1.95174279e-02  8.41510049e-05 -2.47038468e-02 -4.65298054e-02  8.80780623e-05  3.79208445e-02 -1.95172390e-02  3.99133493e-05  2.32861925e-03  3.21366149e-02 -6.62339942e-05 -2.77507308e-02  1.06767738e-01 -1.66989299e-04  1.36007863e-02  1.02474067e-01 -3.98421842e-05  2.50712724e-02  2.09121482e-02  2.36731896e-05 -1.44064566e-02 -2.77117318e-03 -3.47693675e-07 -4.71377193e-02  7.12034818e-02 -9.39952052e-05  3.27172543e-02  1.05866075e-01 -4.70338425e-05  2.62561993e-02  9.13513013e-02 -5.42522288e-05  2.94228912e-02  9.83299206e-02 -5.16461076e-05 -4.02163261e-02  1.79537300e-02 -5.21157304e-05  6.49185520e-02  6.06343696e-02  4.02347759e-06  4.39902686e-02  3.21256441e-02  2.20159455e-05 -7.78859659e-02  7.77232632e-02 -1.05020552e-04 -3.55577807e-02 -1.80446149e-02 -1.46337826e-05  4.14615564e-02  2.11556766e-02  5.99064965e-06 -6.83464248e-02  5.77855179e-02 -5.67998529e-05 -6.61214079e-02  6.82399708e-02 -8.64150837e-05 -6.61195060e-02  6.82398357e-02 -9.12117259e-05 -6.83437258e-02  5.77860046e-02 -6.27059232e-05 -8.65671957e-02  7.90012221e-03 -8.30089400e-05  2.62573687e-02  9.13520406e-02 -5.69660019e-05  3.27177663e-02  1.05867778e-01 -3.28070935e-05  2.50716192e-02  2.09128835e-02  1.34198767e-07  1.36012028e-02  1.02475390e-01 -3.28103602e-05 -4.71385866e-02  7.12054929e-02 -8.86224280e-05 -1.44068946e-02 -2.76945509e-03  9.59098303e-06  2.94228576e-02  9.83271467e-02 -4.20907116e-05 -4.02149644e-02  1.79551464e-02 -5.63344978e-05  6.49178105e-02  6.06327852e-02  1.14771599e-05  4.14617594e-02  2.11568978e-02  6.48137695e-06  4.39904326e-02  3.21271904e-02  3.23261625e-05 -7.78864347e-02  7.77243586e-02 -8.51455790e-05 -3.55588792e-02 -1.80434480e-02 -2.42423837e-05 -8.65679338e-02  7.90110446e-03 -8.19128769e-05  3.35480743e-02 -1.75581277e-03  3.63572164e-05 -4.53709646e-02  3.54473767e-02 -4.57772655e-05 -3.57930613e-02 -4.48483464e-03 -3.53201253e-05  3.35480195e-02 -1.75626846e-03  3.36949578e-05 -4.53708498e-02  3.54470346e-02 -5.62624631e-05 -3.57927012e-02 -4.48499776e-03 -3.47599403e-05 -1.01097011e-02 -2.37545487e-02  1.18703689e-05  1.84577159e-02  4.75147620e-02 -1.90518864e-05 -2.08622176e-02 -1.14673040e-02 -8.43055950e-06  2.07988631e-02 -7.62416219e-03  2.53825987e-05  2.80729424e-02  1.77883581e-02  1.85276409e-05  1.84576024e-02  4.75136774e-02 -1.39134925e-05 -2.08616483e-02 -1.14665280e-02 -1.05407647e-05  2.07987487e-02 -7.62354855e-03  2.72553578e-05  2.80718806e-02  1.77877997e-02  2.13414632e-05 -1.01100620e-02 -2.37543184e-02  3.65538659e-06]
Atoms: 57  Mode #: 34 Freq: 350.2124433977363 cm-1,Mass weighted displacment dq is: 
 [ 8.40781280e-01  1.62534560e-01  4.28843811e-04 -3.21348511e-02  2.32711382e-03 -2.20989378e-04 -1.06765034e-01 -2.77532714e-02 -2.75868858e-04  1.95220351e-02  3.79194775e-02  2.32528506e-04  4.65287004e-02 -2.47048119e-02  2.35710071e-04  1.95193945e-02  3.79186583e-02  2.77803080e-04  4.65279993e-02 -2.47053259e-02  2.07814130e-04 -1.06766238e-01 -2.77512367e-02 -3.01230820e-04 -3.21328785e-02  2.32822488e-03 -2.30806817e-04 -6.82420327e-02 -6.61199033e-02  1.99564646e-06 -5.77866585e-02 -6.83452490e-02  1.83055619e-05 -9.13507103e-02  2.62543287e-02 -3.98744519e-05 -1.05865257e-01  3.27156787e-02 -1.31337366e-04 -7.12060445e-02 -4.71380072e-02 -3.37807206e-05  2.77042911e-03 -1.44056971e-02  2.92653478e-05 -3.21275489e-02  4.39870220e-02 -8.40710474e-05 -7.77203189e-02 -7.78857225e-02 -3.10552211e-05  1.80414579e-02 -3.55599627e-02  5.45046892e-05 -9.83302168e-02  2.94231503e-02 -1.04488475e-04 -1.79571502e-02 -4.02152333e-02  3.38650271e-05 -6.06350416e-02  6.49193323e-02 -8.00888278e-05 -7.90174988e-03 -8.65668777e-02  6.56387820e-05 -2.09079713e-02  2.50721307e-02  2.42543351e-05 -1.02471084e-01  1.36009067e-02 -9.27232975e-05 -1.02472567e-01  1.36007878e-02 -1.00245283e-04 -2.09097551e-02  2.50712173e-02  4.72924567e-05 -2.11592531e-02  4.14635320e-02 -3.79720716e-05  2.76936849e-03 -1.44070502e-02  1.84938111e-05 -7.12065205e-02 -4.71385682e-02 -3.92482949e-05 -5.77866647e-02 -6.83459490e-02  1.30734297e-05 -6.82417072e-02 -6.61206251e-02 -2.02026748e-06 -1.05864639e-01  3.27149940e-02 -1.17586216e-04 -9.13497306e-02  2.62535894e-02 -4.37024218e-05 -3.21261751e-02  4.39882862e-02 -9.47083019e-05 -7.77222049e-02 -7.78842664e-02 -5.14442221e-05  1.80425657e-02 -3.55578799e-02  6.38285260e-05 -7.90121246e-03 -8.65653899e-02  6.49830105e-05 -9.83305987e-02  2.94224199e-02 -9.51841751e-05 -1.79559271e-02 -4.02158111e-02  2.95183296e-05 -6.06353631e-02  6.49184993e-02 -7.22600719e-05 -2.11578074e-02  4.14620565e-02 -3.78323053e-05 -4.75139592e-02  1.84571164e-02 -4.81220886e-05  1.14665254e-02 -2.08619394e-02  2.70062122e-05  7.62391930e-03  2.07991790e-02 -2.56530474e-05 -4.75139770e-02  1.84573743e-02 -5.31347533e-05  1.14664246e-02 -2.08619764e-02  2.93074799e-05  7.62348260e-03  2.07996521e-02 -2.72057889e-05 -1.77884492e-02  2.80726911e-02 -2.16581561e-05  1.75546106e-03  3.35466037e-02 -2.90691360e-05 -3.54458243e-02 -4.53702159e-02 -7.36418910e-06  4.48388352e-03 -3.57916238e-02  3.77048742e-05  2.37533295e-02 -1.01103806e-02  3.75007485e-05  1.75607646e-03  3.35473371e-02 -3.19255625e-05 -3.54463300e-02 -4.53697689e-02 -1.81767936e-05  4.48444086e-03 -3.57918477e-02  3.86102791e-05  2.37530604e-02 -1.01097557e-02  4.55484555e-05 -1.77885942e-02  2.80729398e-02 -1.86068236e-05]
Atoms: 57  Mode #: 35 Freq: 366.6786410842656 cm-1,Mass weighted displacment dq is: 
 [-2.75518940e-04 -1.85391501e-04 -3.48535204e-01  2.80624382e-04 -1.88367549e-04 -3.08273437e-01  2.85484544e-04 -1.75790792e-04 -3.08270526e-01 -2.88552215e-04  2.09832541e-04  3.29682564e-01 -2.99180126e-04  2.29385766e-04  3.29682461e-01 -3.14786096e-04  2.00818835e-04  3.29676986e-01 -2.91100846e-04  2.03938720e-04  3.29680273e-01  3.08938124e-04 -1.83457654e-04 -3.08265276e-01  2.73859775e-04 -2.12007059e-04 -3.08278799e-01  2.86053929e-05  4.20101057e-05  2.33415982e-02 -2.63866041e-05  8.76119806e-05  7.12026314e-02 -1.82828170e-05  3.75051445e-05  7.37586480e-02  4.00178667e-05 -1.48129864e-05  2.49306095e-02  2.71897517e-05  2.86983383e-05  2.49330576e-02 -6.35327371e-05  4.04667622e-05  7.37565913e-02  4.63010465e-05 -6.66582386e-05 -3.21263809e-02  7.65882977e-05  1.42974643e-05 -3.18581250e-02 -3.29325380e-05  2.53191641e-05  2.02013274e-02  9.06922185e-05 -5.03530659e-05 -3.21392209e-02  6.43606732e-05 -2.08822354e-06 -3.18757171e-02  4.54635563e-05 -2.92229441e-05  2.02200307e-02 -1.59882202e-05  6.02911883e-05  2.16702738e-02 -4.48338558e-05  2.69125120e-05  7.11798623e-02  4.60212645e-05 -2.74592128e-06  2.33234208e-02  4.09490798e-05 -2.42129224e-06  2.33280342e-02 -5.29999415e-05  2.53485974e-05  7.11820199e-02  2.77909479e-05 -1.81072406e-05  2.16707186e-02 -5.92626903e-05  3.30724788e-05  7.37643283e-02  2.77060259e-05  2.38367828e-05  2.49407914e-02 -2.52716539e-05  8.02023225e-05  7.11966947e-02  2.73052941e-05  3.76988224e-05  2.33404178e-02  4.55698786e-05 -1.30671367e-05  2.49300846e-02 -1.05557601e-05  4.27515984e-05  7.37619245e-02  4.83743312e-05 -6.75354708e-05 -3.21292081e-02  7.79005862e-05  1.19246617e-05 -3.18584507e-02 -3.44527936e-05  2.12960362e-05  2.02042837e-02 -1.80728652e-05  5.65809474e-05  2.16693859e-02  9.00755422e-05 -4.72926501e-05 -3.21406494e-02  6.50372252e-05 -3.55210079e-07 -3.18768333e-02  4.76240522e-05 -2.97519439e-05  2.02178703e-02  2.96516892e-05 -1.94215436e-05  2.16749229e-02  4.38268013e-05 -2.49203384e-05 -2.28483012e-02  2.24326402e-05 -3.42308812e-06 -2.25729947e-02 -4.56148544e-06 -8.75690866e-06  1.22394996e-02  4.51564990e-05 -2.75740147e-05 -2.28473170e-02  2.18387283e-05 -4.81366519e-06 -2.25720877e-02 -5.55865872e-06 -7.98739429e-06  1.22370360e-02  9.00266822e-06 -5.90226813e-06  1.13112969e-02  1.74258588e-05 -4.39092827e-05 -2.28340030e-02  4.13644007e-05  8.75919795e-06 -2.25575277e-02 -1.44910225e-05  2.98390246e-05  1.22400562e-02 -2.69054222e-05  1.14838414e-05  1.13023630e-02  1.99059845e-05 -4.29149128e-05 -2.28366323e-02  4.26634915e-05  7.71377826e-06 -2.25582198e-02 -1.55490072e-05  2.83767202e-05  1.22388776e-02 -2.78013747e-05  1.01602125e-05  1.13039071e-02  9.78615725e-06 -6.53624726e-06  1.13091400e-02]
Atoms: 57  Mode #: 36 Freq: 406.57198287422455 cm-1,Mass weighted displacment dq is: 
 [-5.54908754e-05  6.52998457e-05 -8.77574023e-04 -1.99271838e-05 -5.68130006e-06 -1.79849765e-03  1.25348897e-05 -3.27749212e-05 -1.84262919e-03 -2.17847269e-06  3.24338613e-06  1.13364875e-03  6.56718349e-06 -2.09736233e-05  1.14004141e-03 -4.03241739e-06  5.40679993e-06  1.02311078e-03  2.61645511e-06 -2.18230249e-05  1.19654626e-03  1.88139874e-05 -2.00082987e-05 -1.78163297e-03 -5.28998327e-06 -1.14743171e-05 -1.79622501e-03 -1.32939547e-04  9.67291423e-05  1.87476895e-01 -1.64827845e-04  1.28172073e-04  2.25258722e-01  2.08967708e-04 -1.44991421e-04 -2.24713300e-01  1.74723169e-04 -1.11237301e-04 -1.83798182e-01  1.67258191e-04 -1.35930758e-04 -1.83911788e-01  1.91668354e-04 -1.58419912e-04 -2.24697575e-01  1.51524611e-05  3.39330561e-05 -1.60062240e-02 -3.98856809e-05  8.98976293e-06  1.42406326e-02 -1.29557325e-04  1.67795064e-04  1.63284172e-01  3.89204486e-05 -3.28353694e-05 -1.60204990e-02 -1.26837527e-05 -1.77872497e-05  1.42613601e-02 -1.17919457e-04  7.82040909e-05  1.63284567e-01  1.22823670e-04 -1.23912536e-04 -1.63973584e-01 -1.93931166e-04  1.46000996e-04  2.25261044e-01 -1.81215823e-04  1.38679069e-04  1.87478687e-01 -1.82221474e-04  1.28186564e-04  1.87646669e-01 -2.11803260e-04  1.37886070e-04  2.25304066e-01  1.20805577e-04 -1.04315443e-04 -1.63991487e-01  1.85212679e-04 -1.32539368e-04 -2.24749658e-01  1.70554172e-04 -1.01905236e-04 -1.84001253e-01 -1.58152331e-04  1.12071610e-04  2.25288813e-01 -1.24541591e-04  9.76246929e-05  1.87460715e-01  1.41618406e-04 -1.05966647e-04 -1.83899121e-01  1.83323960e-04 -1.49823006e-04 -2.24719470e-01  2.08040371e-05  2.06496728e-05 -1.61775516e-02 -2.39357845e-05  9.74405779e-06  1.41028372e-02 -1.49507801e-04  1.56635315e-04  1.63373414e-01  1.41811390e-04 -1.17706852e-04 -1.63940274e-01  4.93755822e-05 -2.48033509e-05 -1.59491893e-02 -1.72544129e-05 -1.08669525e-06  1.43367636e-02 -1.10026603e-04  6.07320005e-05  1.63281599e-01  1.11297436e-04 -8.42413376e-05 -1.64055830e-01  1.54938734e-05 -7.00144605e-06  3.36841174e-03  2.37924561e-06 -5.18472777e-06 -5.01208549e-03  8.28183915e-05 -5.06160833e-05 -1.13307624e-01  9.40143121e-06 -7.08240613e-06  3.30598860e-03  6.99775516e-06 -1.26595587e-05 -5.06976630e-03  9.03371133e-05 -6.09190243e-05 -1.13273168e-01 -8.51236954e-05  5.80902914e-05  1.13444797e-01 -1.84740702e-06  1.58869422e-05  3.30762243e-03 -4.27732530e-06 -5.91380560e-06 -5.08643787e-03  9.43093340e-05 -9.35681740e-05 -1.13272043e-01 -8.24762119e-05  1.00042420e-04  1.13443405e-01 -2.36223538e-06  8.92371241e-06  3.17104100e-03  3.04560804e-06 -2.47365504e-06 -5.21323041e-03  1.04324612e-04 -8.65243379e-05 -1.13274985e-01 -9.71341883e-05  9.49359501e-05  1.13480883e-01 -8.09217577e-05  4.39078786e-05  1.13454163e-01]
Atoms: 57  Mode #: 37 Freq: 409.877423503125 cm-1,Mass weighted displacment dq is: 
 [ 1.17818785e-06 -2.33540260e-06 -1.21653433e-05  2.71160401e-05 -2.27708284e-05 -4.11451433e-02  3.58920285e-05 -2.83734926e-05 -5.13014092e-02 -1.61192778e-05  1.82739545e-05  2.13929517e-02  1.46465288e-04 -1.08769587e-04 -1.81047934e-01  9.88869140e-06 -1.52206450e-05 -2.16251975e-02 -1.42513210e-04  1.03287709e-04  1.81328551e-01 -4.03364178e-05  4.13346421e-05  5.13154434e-02 -3.03188948e-05  2.94319273e-05  4.11518719e-02 -1.78848732e-04  1.42643330e-04  2.28001021e-01 -2.52824213e-05  2.59023834e-05  3.33468713e-02  5.54649323e-05 -4.29319689e-05 -6.58671396e-02  3.08619941e-05 -2.32266764e-05 -3.05090648e-02 -1.94497782e-04  1.49393432e-04  2.41539664e-01 -4.18739158e-05  3.76899846e-05  5.06146735e-02 -3.61311801e-05  3.17211766e-05  4.34312358e-02 -1.45504153e-05  1.96319668e-05  2.51443708e-02  6.15472488e-05 -6.07213443e-05 -6.76522392e-02  2.08802604e-04 -1.86225012e-04 -2.83283785e-01  2.31066121e-04 -1.69300330e-04 -2.84404630e-01 -8.82185373e-05  8.35013696e-05  1.25311282e-01 -2.10868702e-05  2.67559540e-05  3.64088412e-02  6.56627964e-05 -4.78939191e-05 -7.61520307e-02  7.82626680e-05 -6.05014735e-05 -8.83558735e-02 -8.43723165e-05  5.67830355e-05  8.85447492e-02 -7.42863801e-05  4.55102607e-05  7.61087245e-02 -9.59380283e-05  9.06400407e-05  1.37493982e-01  4.04396899e-05 -3.08880452e-05 -5.05625083e-02  1.84675009e-04 -1.32690814e-04 -2.41811718e-01  2.35694447e-05 -1.78221458e-05 -3.34419690e-02  1.70370752e-04 -1.27614468e-04 -2.28398112e-01 -2.51555232e-05  2.20579111e-05  3.08082339e-02 -5.14583840e-05  4.61090846e-05  6.59704364e-02  4.11673332e-05 -3.45233510e-05 -4.37137380e-02  2.08187261e-05 -1.84574359e-05 -2.54267311e-02 -7.02671120e-05  5.67037370e-05  6.77346614e-02  2.43818690e-05 -2.53311501e-05 -3.62293104e-02 -2.08714578e-04  1.52298831e-04  2.83643830e-01 -2.14246174e-04  1.34572309e-04  2.84747092e-01  8.83969415e-05 -6.85957317e-05 -1.25544281e-01  1.01633933e-04 -7.70665867e-05 -1.37603681e-01 -1.78428847e-04  1.29292931e-04  2.42136286e-01 -1.80801160e-04  1.19175159e-04  2.41254738e-01  3.91982648e-05 -1.28718790e-05 -4.60814721e-02  1.80967697e-04 -1.53946482e-04 -2.41826769e-01  1.92509273e-04 -1.46218355e-04 -2.40938954e-01 -3.76908932e-05  1.63565727e-05  4.60806516e-02 -2.85906009e-05  3.40060044e-05  3.86344914e-02 -2.27326327e-05  2.19123118e-05  2.77573394e-02 -2.46962031e-05  2.16605312e-05  3.06954533e-02 -2.52060261e-05  2.57060411e-05  3.24025876e-02  3.50697100e-05 -3.57123280e-05 -4.26262313e-02  2.55726593e-05 -2.31138033e-05 -2.80089329e-02  2.96061829e-05 -1.97869064e-05 -3.09391636e-02  2.78949663e-05 -2.37783054e-05 -3.23330397e-02 -4.04941541e-05  3.39054849e-05  4.26291810e-02  2.85204292e-05 -2.63771210e-05 -3.87208874e-02]
Atoms: 57  Mode #: 38 Freq: 409.8854388326268 cm-1,Mass weighted displacment dq is: 
 [-2.33040093e-06 -6.28466253e-07 -1.02372582e-05  8.80042657e-05 -3.02237398e-05 -5.13064121e-02 -6.07767001e-05  6.42506682e-05  4.11727578e-02  1.16453749e-04 -1.04586163e-04 -1.81138647e-01  2.36056976e-05 -2.67824197e-05 -2.15363503e-02 -1.21248461e-04  1.00423096e-04  1.81226204e-01 -2.01276984e-05  3.37278828e-05  2.14747170e-02  6.77446036e-05 -6.15345776e-05 -4.11729513e-02 -7.43632144e-05  3.45690695e-05  5.13132275e-02 -5.29970022e-05  7.54907399e-05  8.85443671e-02 -4.35436331e-05  4.10242559e-05  7.61941675e-02  7.07952975e-05 -4.83427452e-05 -5.06515444e-02  1.94657317e-04 -1.37849908e-04 -2.41752636e-01  4.85667739e-05 -2.02152210e-06 -3.06752977e-02  5.46136195e-05 -4.11604455e-05 -6.59773992e-02  2.57730281e-04 -2.78912787e-04 -2.83424501e-01  2.59690111e-04 -1.89463971e-04 -2.84508588e-01 -1.29170060e-04  9.46204937e-05  1.25447699e-01  6.43401160e-05 -3.84993567e-05 -4.36179041e-02 -1.07283718e-07 -8.07237763e-06 -2.53141862e-02 -5.33332657e-05  1.32846905e-05  6.77624798e-02 -1.26968682e-04  1.39202049e-04  1.37495229e-01 -4.79995596e-05  2.37325579e-05  3.34606036e-02 -1.65075522e-04  1.51820634e-04  2.28196748e-01  1.80609654e-04 -1.43372368e-04 -2.28208683e-01  5.68605114e-05 -2.17808566e-05 -3.33462173e-02  4.41991321e-06 -3.55407352e-05 -3.63547075e-02 -5.13648488e-05  3.72323341e-05  6.58690281e-02 -5.01893660e-05 -3.64249477e-06  3.06400465e-02  4.13997464e-05 -3.22117819e-05 -7.60696278e-02  4.87814226e-05 -6.93227061e-05 -8.83848747e-02 -1.77669066e-04  1.47484813e-04  2.41550134e-01 -6.33133994e-05  4.95494421e-05  5.05320142e-02 -2.92813287e-04  2.78521193e-04  2.83539307e-01 -2.95704193e-04  1.71509829e-04  2.84625205e-01  1.44354573e-04 -9.51942407e-05 -1.25413584e-01  1.40991596e-04 -1.45880734e-04 -1.37619821e-01 -6.72829284e-05  3.42434152e-05  4.35339393e-02  1.14531760e-06  2.19409547e-06  2.52501924e-02  4.85756249e-05 -4.27382956e-06 -6.76391363e-02 -3.76384302e-06  3.24783241e-05  3.63076482e-02 -3.97845568e-05  2.25721701e-05  2.78545235e-02 -8.86210136e-06  7.55193174e-06  3.07834893e-02 -1.46673131e-05  2.06801558e-05  3.23497596e-02  3.86863902e-05 -2.50299648e-05 -2.79206135e-02  1.08432684e-05 -1.21737204e-05 -3.08515372e-02  1.64479109e-05 -2.31990050e-05 -3.23987780e-02 -3.31821383e-05  1.32252257e-05  4.26650386e-02  2.04797360e-04 -2.12398038e-04 -2.41922258e-01  2.14239816e-04 -1.62094794e-04 -2.41043408e-01 -4.16918982e-05  4.94224189e-05  4.60567552e-02 -5.37540795e-05  3.01982701e-05  3.87091118e-02 -2.30328736e-04  2.09740347e-04  2.42030613e-01 -2.42366628e-04  1.49808268e-04  2.41133021e-01  4.52931112e-05 -5.12329178e-05 -4.61245281e-02  6.16646634e-05 -3.02031356e-05 -3.86679926e-02  3.11833086e-05 -7.76125610e-06 -4.25955128e-02]
Atoms: 57  Mode #: 39 Freq: 412.578360274315 cm-1,Mass weighted displacment dq is: 
 [-1.52939595e-05  1.75738777e-05  3.81159580e-05  3.60995650e-05 -5.91770785e-06  5.13082192e-05  2.09026289e-05 -3.09404799e-05 -1.39187730e-04 -9.56701235e-05  8.28504112e-05  1.56702412e-01  1.16392677e-04 -9.75555766e-05 -1.56873850e-01 -1.01187843e-04  8.37487146e-05  1.56582652e-01  1.17201576e-04 -9.16895072e-05 -1.56598271e-01  2.20521447e-05 -2.07337420e-05 -4.05453522e-05  2.54578022e-05 -4.91780086e-06  8.87816135e-05 -1.46880694e-04  1.17209118e-04  1.78799444e-01 -1.43554849e-05  1.34927793e-05  1.71498065e-02  3.46415987e-05 -2.40320592e-05 -1.71771779e-02  1.51852340e-04 -1.13250773e-04 -1.78140342e-01 -1.49099796e-04  1.12208489e-04  1.78399849e-01 -1.53241812e-05  1.28115199e-05  1.70485341e-02 -1.79442170e-04  1.83982772e-04  1.99062337e-01 -1.76538745e-04  1.30771495e-04  1.98769890e-01  9.53063038e-05 -7.57338487e-05 -9.52585525e-02  1.39840178e-04 -1.19634431e-04 -1.99272943e-01  1.40739490e-04 -1.16908390e-04 -1.98991111e-01 -8.52886882e-05  7.15582074e-05  9.53955205e-02  8.72233108e-05 -9.50193624e-05 -9.50619818e-02  3.15324224e-05 -1.87001220e-05 -1.71030464e-02  1.39375722e-04 -1.24647497e-04 -1.78531477e-01  1.55337541e-04 -1.20048626e-04 -1.78285567e-01  4.02115603e-05 -1.67234499e-05 -1.69625088e-02 -8.97530056e-05  7.33297806e-05  9.51150321e-02 -1.01894527e-05  9.57802524e-06  1.69320123e-02 -1.42388932e-04  9.91019583e-05  1.77997187e-01 -1.26064574e-05  4.96456222e-06  1.71341652e-02 -1.42507527e-04  1.00882461e-04  1.78480367e-01  1.39031777e-04 -1.19970318e-04 -1.78202255e-01  3.12217131e-05 -2.88015504e-05 -1.70968146e-02 -2.05729360e-04  1.84318939e-04  1.98866520e-01 -1.97522541e-04  1.20457317e-04  1.98594717e-01  1.02424997e-04 -7.58588776e-05 -9.50908558e-02  9.63391438e-05 -9.96508699e-05 -9.50470096e-02  1.39874103e-04 -9.34747617e-05 -1.98840232e-01  1.30676664e-04 -9.63202773e-05 -1.98544224e-01 -8.53823954e-05  6.46375242e-05  9.52362967e-02 -9.39872349e-05  6.43902637e-05  9.48715971e-02  1.28964085e-04 -9.10166026e-05 -1.77120927e-01  1.27899629e-04 -8.85988103e-05 -1.76900562e-01 -2.47618606e-05  1.35587191e-05  2.48897902e-02  1.31894942e-04 -1.10297744e-04 -1.77501866e-01  1.35368150e-04 -1.07106143e-04 -1.77275211e-01 -2.41492106e-05  1.49802853e-05  2.49826152e-02 -2.35627153e-05  2.03539787e-05  2.57046278e-02 -1.50967754e-04  1.49724992e-04  1.77291334e-01 -1.54175585e-04  1.21066280e-04  1.77071015e-01  2.35401284e-05 -2.80522625e-05 -2.49923020e-02  3.50553264e-05 -2.08485465e-05 -2.56618715e-02 -1.70311950e-04  1.47059563e-04  1.77137628e-01 -1.72991635e-04  1.13444346e-04  1.76902792e-01  2.50632168e-05 -2.88790850e-05 -2.50200034e-02  3.94621829e-05 -2.08640729e-05 -2.55780189e-02 -2.36057538e-05  1.60599313e-05  2.56686835e-02]
Atoms: 57  Mode #: 40 Freq: 426.7870213639553 cm-1,Mass weighted displacment dq is: 
 [-1.48854018e-05  4.26336127e-05  1.05373055e-01  1.13035412e-05 -1.94956948e-05 -4.67636954e-02  1.23192297e-05 -1.50398154e-05 -4.67430691e-02  6.73115145e-05 -6.11610947e-05 -1.12066218e-01  1.05056351e-04 -7.39476173e-05 -1.11995666e-01  6.96442352e-05 -5.68620204e-05 -1.12048125e-01  1.01621122e-04 -7.18328696e-05 -1.11952299e-01  1.35724814e-05 -9.82954384e-06 -4.67326274e-02  1.78585719e-05 -2.06827650e-05 -4.67392648e-02 -1.67853568e-04  1.24020606e-04  2.12921831e-01  9.50088003e-06 -1.39608763e-05 -1.45626816e-02 -1.52911282e-05  6.13917983e-06 -1.19413982e-02 -1.92953255e-04  1.39737982e-04  2.14892429e-01 -1.65816353e-04  1.24663593e-04  2.14834421e-01  1.47056074e-05 -4.46992865e-06 -1.19444468e-02  1.61261077e-04 -1.68631265e-04 -1.80210742e-01  1.50610579e-04 -1.22647587e-04 -1.80101521e-01 -8.38841507e-05  6.43896558e-05  8.29380658e-02  1.39360937e-04 -1.29482395e-04 -1.80107324e-01  1.51399094e-04 -1.11345335e-04 -1.80009004e-01 -4.39617990e-05  4.88086037e-05  8.29049943e-02 -8.31049515e-05  8.23644010e-05  8.48125845e-02 -6.63320384e-06 -6.03546386e-07 -1.45716087e-02 -1.79425919e-04  1.54181254e-04  2.12998147e-01 -1.93003401e-04  1.44697280e-04  2.13003771e-01 -1.03860501e-05  3.70113430e-07 -1.45596474e-02 -5.29253190e-05  5.72857676e-05  8.47429139e-02  1.33293632e-05 -5.34736480e-06 -1.19418300e-02 -1.56453450e-04  1.10755972e-04  2.14804078e-01  8.83095882e-06 -1.73878953e-05 -1.45866764e-02 -1.58833567e-04  1.10924293e-04  2.12868591e-01 -1.78677174e-04  1.49752179e-04  2.14926934e-01 -1.43587894e-05  4.80649448e-06 -1.19128516e-02  1.84185959e-04 -1.71202528e-04 -1.80199364e-01  1.76290973e-04 -1.10332143e-04 -1.80072831e-01 -9.58566248e-05  6.39764481e-05  8.29458860e-02 -9.26666563e-05  8.69838865e-05  8.47774466e-02  1.40880852e-04 -1.06518040e-04 -1.80047922e-01  1.38432367e-04 -8.60442002e-05 -1.79950224e-01 -4.46953597e-05  3.75576077e-05  8.28749235e-02 -5.84781446e-05  4.83692289e-05  8.47234257e-02  1.30576617e-04 -9.57102798e-05 -1.75221687e-01  1.32470837e-04 -8.71961328e-05 -1.74991363e-01 -1.40176174e-05 -1.82662776e-06  1.28513083e-02  1.31597156e-04 -1.13563423e-04 -1.75275718e-01  1.42381036e-04 -1.08218694e-04 -1.75041781e-01 -1.16293217e-05 -1.08404822e-06  1.28553549e-02 -5.05831932e-06  1.25375538e-05  1.25393491e-02  1.49068024e-04 -1.45379174e-04 -1.75354898e-01  1.49059283e-04 -1.23089042e-04 -1.75125037e-01 -1.25113287e-05  1.57650041e-05  1.28848059e-02 -2.12843532e-05  1.06185916e-05  1.25463479e-02  1.67184339e-04 -1.44682719e-04 -1.75340739e-01  1.70596286e-04 -1.13241365e-04 -1.75101009e-01 -1.33743236e-05  1.78736038e-05  1.28658187e-02 -2.60150637e-05  1.07518783e-05  1.25586829e-02 -5.51639719e-06  8.15713033e-06  1.25265528e-02]
Atoms: 57  Mode #: 41 Freq: 476.7518433921444 cm-1,Mass weighted displacment dq is: 
 [ 1.03459230e-05  1.29397139e-05  1.50641833e-06 -2.01903496e-04  7.03862772e-05  1.97629048e-01  1.71474122e-04 -1.96905815e-04 -1.87120555e-01 -2.87890274e-05  3.73573287e-05  5.97825937e-02 -4.20601934e-05  4.56631420e-05  9.60279474e-04  3.41466917e-05 -3.35220240e-05 -5.97852774e-02  2.61666648e-05 -7.07104458e-05 -9.56576622e-04 -1.77770742e-04  1.73554834e-04  1.87106176e-01  1.62183669e-04 -9.16671217e-05 -1.97628849e-01  1.54217509e-04 -1.76845130e-04 -2.42640666e-01  9.40221532e-05 -6.85074608e-05 -1.56773509e-01 -6.06782788e-05  5.26156873e-05  5.99818068e-02  1.50353804e-04 -1.15769533e-04 -1.20381501e-01 -2.80457914e-04  1.46744602e-04  2.49839045e-01 -1.69128957e-04  1.31678252e-04  1.53691747e-01  3.27966065e-05 -1.08692185e-05 -4.59924407e-02  8.19151942e-06 -5.69420949e-05 -4.04178071e-02 -1.20255604e-05  1.35592982e-05  3.02165813e-02 -1.76923884e-04  5.09581186e-05  1.00981204e-01  1.22457408e-04 -8.10173921e-05 -1.04946980e-01  1.63620131e-04 -1.30284737e-04 -2.39604366e-01 -1.43354788e-05 -1.82022602e-05  1.67052571e-02  3.85903949e-05 -3.97303843e-06 -5.15616966e-02 -1.53198597e-04  1.23244771e-04  1.34066148e-01  1.72866612e-04 -1.20274494e-04 -1.34065596e-01 -4.92185123e-05  3.47583949e-06  5.15565084e-02 -1.33264644e-04  1.09732461e-04  2.42799201e-01  1.46243569e-04 -1.21313800e-04 -1.53691530e-01  2.85428810e-04 -9.54724275e-05 -2.49844586e-01 -8.43235689e-05  4.09431411e-05  1.56774265e-01 -1.34828986e-04  1.81102372e-04  2.42650711e-01 -1.33470965e-04  1.14767004e-04  1.20399835e-01  6.16059932e-05 -5.70065346e-05 -5.99770911e-02 -3.97324577e-05  3.11828317e-06  4.59924027e-02 -5.31590671e-06  5.47182219e-05  4.04063496e-02  1.29444991e-05 -1.92001431e-05 -3.02237651e-02  1.77048597e-05  1.78825134e-05 -1.66912358e-02  1.93230111e-04 -3.29586573e-05 -1.00981830e-01 -1.26243191e-04  9.66512436e-05  1.04946782e-01 -1.53677355e-04  9.86901915e-05  2.39609625e-01  1.18089731e-04 -8.60434882e-05 -2.42808300e-01  6.80846710e-05 -1.60953794e-05 -2.44961331e-02 -4.90179313e-05  3.51671945e-05  2.95777429e-02  1.02549983e-04 -7.10507523e-05 -1.71485121e-01 -5.70861773e-05  1.77679075e-05  2.44993284e-02  4.07534946e-05 -2.64875711e-05 -2.95784434e-02 -1.14935196e-04  8.45837749e-05  1.71479425e-01  1.26750015e-04 -7.38938121e-05 -1.72374617e-01  6.39249064e-05 -3.98698343e-05 -7.33787659e-02  4.72261416e-05 -7.08560377e-05 -7.18363476e-02  1.94991104e-05 -2.68272300e-05 -1.97133323e-02  1.92252018e-05 -9.38146827e-06 -9.53850208e-03 -7.24534843e-05  3.51076780e-05  7.33742912e-02 -5.22064653e-05  6.91083737e-05  7.18261680e-02 -2.30567992e-05  2.80901872e-05  1.97211939e-02 -2.17061525e-05  7.28373860e-06  9.53028772e-03 -1.20956933e-04  5.04677991e-05  1.72379056e-01]
Atoms: 57  Mode #: 42 Freq: 476.7560180098827 cm-1,Mass weighted displacment dq is: 
 [ 1.35221770e-05 -1.06452054e-05 -1.30984482e-07  3.46193274e-04 -5.63082722e-05 -1.87138798e-01  6.45107942e-05  9.26252189e-05 -1.97602622e-01 -1.36550937e-04  8.49802692e-05  9.45743327e-04 -1.61356871e-05 -1.48499733e-04 -5.97934848e-02  1.11079071e-04 -6.88993504e-05 -9.48323210e-04  1.97602420e-05  1.43162760e-04  5.97961222e-02 -8.55173131e-05 -5.27551342e-05  1.97641699e-01 -3.69913540e-04  6.28516651e-05  1.87104002e-01  1.93716477e-04  1.49514275e-04 -1.34081427e-01 -1.83431993e-05 -2.27390535e-05  5.15439767e-02  1.74390599e-04 -1.60157375e-04 -1.53699545e-01  5.17448169e-05 -1.47994149e-05 -2.49872605e-01  2.34191286e-04  1.28846754e-04 -1.20363233e-01 -1.19908093e-04  1.70731373e-05  5.99998248e-02 -3.47790510e-05 -2.00314280e-04  1.00958909e-01  3.41350731e-04  2.58683614e-05 -1.04924482e-01  1.22333473e-04 -2.96338639e-04 -2.39590000e-01  1.79131517e-04  8.66591769e-05  4.59911819e-02 -1.16275373e-04  2.34368344e-04  4.03967569e-02  7.09511420e-05 -8.90294393e-05 -3.02399701e-02 -1.58855123e-04  3.05154280e-04  2.42774009e-01  5.56971697e-05 -1.11015118e-04 -1.56787992e-01  4.64892945e-04 -2.54307578e-04 -2.42629944e-01 -4.61006806e-04  2.34947626e-04  2.42655027e-01 -8.37807014e-05  1.01375325e-04  1.56775635e-01 -8.38667147e-05 -6.97886183e-06 -1.66666465e-02  1.15111821e-04 -1.78030123e-05 -5.99686275e-02 -2.35465499e-04 -1.45674082e-04  1.20406871e-01  1.79494748e-05  3.33101607e-05 -5.15758585e-02 -1.90600764e-04 -1.69213779e-04  1.34027017e-01  4.93473717e-08  1.01283315e-05  2.49837667e-01 -1.64076910e-04  1.83314221e-04  1.53715226e-01  5.29686756e-05  1.84062043e-04 -1.00979249e-01 -3.25651654e-04 -2.19924702e-05  1.04966831e-01 -1.54508960e-04  2.86269705e-04  2.39605842e-01  1.83315055e-04 -2.89625334e-04 -2.42826293e-01 -1.87245869e-04 -7.99585422e-05 -4.59662467e-02  1.14192442e-04 -2.37764245e-04 -4.04099259e-02 -7.67142796e-05  8.79635241e-05  3.01926964e-02  8.37457572e-05  3.38699267e-06  1.67098182e-02 -6.06316029e-05 -2.86361511e-05 -7.33614089e-02  1.31531836e-04 -1.29613201e-04 -7.18213468e-02  7.90800107e-05  8.11007421e-06 -1.97052780e-02  5.57775964e-05  3.69618666e-05  7.33740559e-02 -1.33184208e-04  1.34244764e-04  7.18224267e-02 -7.76993393e-05 -4.66967717e-06  1.97375082e-02  8.22252236e-06 -6.11397240e-05  9.52032831e-03 -3.33792690e-05 -1.11250697e-04  2.44812673e-02  1.26853863e-04  5.96843970e-05 -2.95662992e-02 -1.60397587e-04  2.15084130e-04  1.71473935e-01  5.55861273e-05 -1.67004224e-04 -1.72372373e-01  3.51299591e-05  1.00309587e-04 -2.44825765e-02 -1.18122108e-04 -5.13286122e-05  2.95871651e-02  1.74398828e-04 -2.02418402e-04 -1.71505262e-01 -7.94473351e-05  1.61141457e-04  1.72388075e-01 -1.03303630e-05  6.36282977e-05 -9.55272230e-03]
Atoms: 57  Mode #: 43 Freq: 480.5361027952444 cm-1,Mass weighted displacment dq is: 
 [ 8.84457957e-07 -2.87641162e-07  1.16309207e-06 -1.64162933e-01 -4.79168235e-02 -4.12931318e-04  4.79154311e-02 -1.64158672e-01 -4.72568140e-05  9.68705413e-02 -5.36393118e-02  7.86179737e-05  5.36394894e-02  9.68719703e-02 -1.01089452e-04 -9.68717361e-02  5.36414460e-02 -8.31058809e-05 -5.36390749e-02 -9.68725005e-02  9.67823757e-05 -4.79149394e-02  1.64163277e-01  2.90475759e-05  1.64160807e-01  4.79145058e-02  3.94528662e-04 -6.72093908e-02 -1.94809628e-01 -1.42696981e-05 -9.50063574e-03  5.53143571e-02  6.64898534e-05 -2.07320345e-02  5.28373366e-02 -2.73609955e-04  1.63162742e-01 -1.24478105e-01 -1.01539031e-04 -1.24480078e-01 -1.63160471e-01 -2.04465689e-04  5.28349728e-02  2.07329035e-02  6.52466691e-05 -4.07982781e-02  1.91463256e-01 -9.40836199e-05 -1.85505809e-01 -6.87064551e-02 -2.73527871e-04  5.69577028e-02  6.33062790e-02 -3.11083610e-04 -1.91465213e-01 -4.07947634e-02 -9.69024996e-05  6.87017160e-02 -1.85509464e-01  2.54442760e-04 -6.33065466e-02  5.69630875e-02 -5.91808562e-05 -2.06093024e-02 -7.98720975e-02  3.79482358e-04  5.53126744e-02  9.49865954e-03 -1.35663442e-04 -1.94806789e-01  6.72051395e-02 -4.93775488e-04  1.94811271e-01 -6.72073510e-02  4.83990183e-04 -5.53135193e-02 -9.50034413e-03  1.15305462e-04  7.98685035e-02 -2.06032614e-02 -4.65679207e-05 -5.28355166e-02 -2.07347413e-02 -5.79228744e-05  1.24478885e-01  1.63159988e-01  2.21896933e-04  9.50196817e-03 -5.53129878e-02 -8.68685446e-05  6.72095944e-02  1.94808233e-01  4.52386194e-06 -1.63158058e-01  1.24478744e-01  1.18213745e-04  2.07338722e-02 -5.28333997e-02  2.80614777e-04  4.07963387e-02 -1.91462778e-01  1.08041898e-04  1.85510775e-01  6.87040024e-02  2.95718794e-04 -5.69602258e-02 -6.33058062e-02  2.85240079e-04  2.06066472e-02  7.98698515e-02 -3.66828631e-04  1.91462855e-01  4.07963412e-02  1.10722003e-04 -6.87018062e-02  1.85507807e-01 -2.33161544e-04  6.33054510e-02 -5.69601572e-02  3.34501181e-05 -7.98690484e-02  2.06055446e-02  5.97389946e-05  9.51889366e-02 -8.94105143e-03  4.08726519e-06 -6.06300627e-02  7.69104082e-02 -1.86379842e-04 -5.79951432e-02 -1.59590146e-02 -1.99357841e-05 -9.51902033e-02  8.94183689e-03  1.45226848e-06  6.06312307e-02 -7.69116638e-02  2.03325808e-04  5.79950601e-02  1.59596793e-02  3.38164807e-05 -1.90858748e-02  5.75449802e-02  3.11004738e-05  8.94043365e-03  9.51894086e-02 -3.11302081e-05 -7.69090622e-02 -6.06305420e-02 -7.98299532e-05  1.59574981e-02 -5.79952899e-02  2.83251230e-04  5.75443498e-02  1.90860164e-02 -1.73718341e-04 -8.94185421e-03 -9.51906117e-02  3.71098905e-05  7.69111191e-02  6.06308753e-02  9.76289900e-05 -1.59588281e-02  5.79955989e-02 -2.69279056e-04 -5.75429890e-02 -1.90857106e-02  1.58734790e-04  1.90856803e-02 -5.75441546e-02 -4.62743005e-05]
Atoms: 57  Mode #: 44 Freq: 504.29113573620464 cm-1,Mass weighted displacment dq is: 
 [ 4.28846160e-05  1.58894761e-05  1.51104273e-06 -2.63188457e-04  6.04506791e-05  1.83381693e-01  1.14695304e-04 -8.60174468e-05 -1.83418831e-01 -7.23914899e-05  4.42279248e-05 -2.66707792e-05  1.90610573e-05 -4.82181103e-05  7.54801760e-06 -6.44814899e-05  3.77595198e-05 -2.26940981e-05  1.26100232e-05 -5.64053926e-05  2.60714828e-05  1.28293721e-04 -9.28125929e-05 -1.83381897e-01 -2.56279839e-04  7.47195854e-05  1.83432905e-01 -1.18029006e-04  1.31292892e-04  1.82726570e-01 -2.56858072e-05  2.03757011e-05  5.31638430e-02 -6.54834813e-05  7.34476737e-05  5.29718595e-02 -1.38309959e-04  1.08819160e-04  1.82382086e-01  2.06672981e-04 -1.06044138e-04 -1.82405367e-01  4.79225345e-05 -7.52793567e-05 -5.29673469e-02 -8.05991569e-05  3.92273725e-05  1.07524432e-01  1.18434995e-04 -4.27923637e-05 -1.07723117e-01  1.42719957e-04 -1.52790378e-04 -1.97599298e-01  1.65426087e-04 -6.73604461e-05 -1.07525397e-01 -1.14705995e-04  7.72443759e-05  1.07730265e-01 -1.27584724e-04  9.80629330e-05  1.97577641e-01 -1.67722715e-04  1.99576040e-04  1.99493159e-01 -1.34448022e-05 -5.39162159e-05 -5.31931085e-02  1.91908956e-04 -1.53719751e-04 -1.82767922e-01  2.03854473e-04 -1.44483881e-04 -1.82712021e-01 -4.36302938e-06 -4.94148799e-05 -5.31527273e-02  1.14872529e-04 -9.67909689e-05 -1.99485034e-01  3.68484795e-05 -7.01402055e-05 -5.29773487e-02  2.00429195e-04 -8.02356689e-05 -1.82375883e-01 -2.09993068e-05  1.13265750e-05  5.31421342e-02 -1.08722803e-04  1.19695915e-04  1.82742186e-01 -1.12221932e-04  1.15492441e-04  1.82427424e-01 -5.99965347e-05  8.46709362e-05  5.30190630e-02 -9.30269453e-05  3.52566832e-05  1.07504011e-01  1.23940672e-04 -3.86085668e-05 -1.07717140e-01  1.65791781e-04 -1.50141733e-04 -1.97538855e-01 -1.84254769e-04  1.94122764e-04  1.99457830e-01  1.61801370e-04 -5.49533836e-05 -1.07521674e-01 -1.10880957e-04  7.18652133e-05  1.07722655e-01 -1.25197005e-04  7.53969610e-05  1.97573767e-01  1.09336254e-04 -8.06701626e-05 -1.99474792e-01  5.85675735e-05 -2.25513185e-05 -3.09153295e-02 -3.65609452e-05  2.36148015e-05  3.15273895e-02  9.18111060e-05 -5.91797406e-05 -1.41320924e-01  5.77327710e-05 -2.53119912e-05 -3.09090153e-02 -3.54414807e-05  2.38959393e-05  3.15411995e-02  9.69058114e-05 -7.13212809e-05 -1.41320166e-01 -1.02031520e-04  5.93846185e-05  1.41970673e-01 -3.05557964e-05 -1.29482067e-06  3.09029796e-02  4.09224128e-05 -1.12540942e-06 -3.15265959e-02 -1.19667291e-04  1.25503276e-04  1.41341816e-01  9.51914129e-05 -1.10761120e-04 -1.41989684e-01 -3.33569743e-05 -6.15049605e-07  3.08943825e-02  4.12604685e-05 -2.13457545e-06 -3.15318811e-02 -1.32124392e-04  1.20288428e-04  1.41311786e-01  1.09715877e-04 -1.07593214e-04 -1.41949219e-01 -9.89885978e-05  4.50391242e-05  1.41959932e-01]
Atoms: 57  Mode #: 45 Freq: 515.4728138928192 cm-1,Mass weighted displacment dq is: 
 [-2.14142210e-01 -1.17284772e-01 -1.10526710e-04  3.55083146e-01  1.06543486e-01  3.06051227e-04 -1.44516811e-02  8.08859389e-02 -1.32757159e-04  1.09852697e-01 -6.51116188e-02  1.20653448e-04  9.40241862e-02  1.76551223e-01 -3.64787017e-05  1.09854745e-01 -6.51139808e-02  1.22502181e-04  9.40225037e-02  1.76550191e-01 -3.12946156e-05 -1.44525578e-02  8.08861992e-02 -1.06489082e-04  3.55082776e-01  1.06544693e-01  2.65982588e-04 -8.45442343e-02 -1.62931148e-01  7.09093384e-05 -2.87703423e-02  8.56746108e-02 -8.11701048e-05 -9.39495906e-03 -2.82564032e-02  2.28483382e-05 -1.04633541e-01  5.46614498e-02 -7.04704424e-05 -9.31704194e-02 -1.55807482e-01 -1.15171226e-05  1.49302363e-01  7.23777789e-02  8.47396860e-05 -3.10319792e-02  9.36268571e-02 -9.11416650e-05 -1.03294373e-01 -4.35710014e-02 -1.03265610e-04  2.91550922e-02  1.11632602e-02 -3.64105892e-05 -1.61314355e-01 -3.33743063e-02 -1.31350422e-04  4.54721729e-02 -1.53532517e-01  1.73600442e-04 -4.74359030e-02  6.33799793e-02 -3.19371759e-05 -7.78022537e-03 -5.78755339e-02  1.06438683e-04  1.40825328e-01  6.74266304e-03  9.61575632e-05 -1.07219273e-01  4.62256125e-02 -1.40093538e-04 -1.07220445e-01  4.62262559e-02 -1.36795631e-04  1.40826900e-01  6.74303275e-03  1.17291508e-04  5.75534402e-02  6.01481002e-03 -2.11274239e-05  1.49300694e-01  7.23776903e-02  7.50920448e-05 -9.31699954e-02 -1.55806944e-01 -4.39513817e-05 -2.87697351e-02  8.56738678e-02 -6.48254325e-05 -8.45437474e-02 -1.62929401e-01  9.81690308e-05 -1.04631641e-01  5.46632949e-02 -5.02666805e-05 -9.39403077e-03 -2.82538699e-02  2.48737261e-05 -3.10300202e-02  9.36248377e-02 -1.01927921e-04 -1.03296743e-01 -4.35687294e-02 -1.08906667e-04  2.91565939e-02  1.11626687e-02 -1.88472569e-05 -7.77807512e-03 -5.78733451e-02  9.27468882e-05 -1.61313188e-01 -3.33746898e-02 -1.54668695e-04  4.54717288e-02 -1.53530459e-01  1.72162702e-04 -4.74366878e-02  6.33782288e-02  1.17429613e-05  5.75528714e-02  6.01349185e-03 -5.26185699e-05 -8.88720509e-02  1.22488980e-02 -9.64481968e-05  5.45855838e-02 -6.79323863e-02  9.42541321e-05  4.67817402e-02  2.06225434e-02 -2.84892201e-05 -8.88730589e-02  1.22493833e-02 -8.80490831e-05  5.45869463e-02 -6.79338512e-02  1.04382069e-04  4.67819050e-02  2.06229265e-02 -2.15581565e-06 -1.44435006e-02  5.15020053e-02  4.08052474e-06  4.21674175e-03  5.22882192e-02 -3.23323803e-05 -4.59610549e-02 -4.06605323e-02 -3.82714922e-05  8.83854232e-03 -3.45363940e-02  6.88187532e-05  3.18616579e-02  3.64381631e-03 -1.47655695e-05  4.21764496e-03  5.22883014e-02 -3.35365500e-05 -4.59620292e-02 -4.06604015e-02 -4.37413872e-05  8.83955604e-03 -3.45363858e-02  5.70074740e-05  3.18603810e-02  3.64361039e-03 -2.31482288e-06 -1.44438392e-02  5.15012714e-02  3.12644620e-05]
Atoms: 57  Mode #: 46 Freq: 515.4734386049556 cm-1,Mass weighted displacment dq is: 
 [ 1.17284449e-01 -2.14141744e-01  2.31306627e-04 -8.08850501e-02 -1.44492204e-02 -6.01239785e-05 -1.06545296e-01  3.55082693e-01 -2.75247777e-04 -1.76552011e-01  9.40240326e-02 -1.91556943e-04  6.51127292e-02  1.09852579e-01 -1.78132263e-05 -1.76549044e-01  9.40249169e-02 -1.96818357e-04  6.51116998e-02  1.09856053e-01 -1.58870431e-05 -1.06540999e-01  3.55081540e-01 -3.15306158e-04 -8.08887224e-02 -1.44508762e-02 -8.65878233e-05 -4.62250267e-02 -1.07219171e-01  3.36554125e-05 -6.74106348e-03  1.40825336e-01 -1.00912583e-04 -7.23751592e-02  1.49302166e-01 -1.71469065e-04  1.55806483e-01 -9.31678932e-02  1.26106861e-04 -5.46623428e-02 -1.04631041e-01  4.56835300e-05  2.82539971e-02 -9.39336994e-03  1.76110382e-05  3.33736488e-02 -1.61317910e-01  1.57181722e-04  1.53533282e-01  4.54744338e-02  1.55103772e-04 -6.33788001e-02 -4.74421854e-02  4.56101655e-05 -9.36259733e-02 -3.10303085e-02 -4.45649718e-05  4.35693246e-02 -1.03296035e-01  9.10754339e-05 -1.11628923e-02  2.91567932e-02 -4.05736607e-05 -6.01041782e-03  5.75546979e-02 -1.24903196e-04 -8.56750696e-02 -2.87672582e-02 -2.75194476e-05  1.62931094e-01 -8.45415267e-02  1.94667515e-04  1.62930809e-01 -8.45408217e-02  1.66910509e-04 -8.56731838e-02 -2.87666861e-02 -4.40404388e-05  5.78740238e-02 -7.77813670e-03  4.59358252e-05  2.82543462e-02 -9.39180486e-03  1.56166045e-05 -5.46642824e-02 -1.04633161e-01  2.51681507e-05 -6.74512499e-03  1.40826720e-01 -7.98217212e-05 -4.62280967e-02 -1.07220011e-01  3.60714304e-05  1.55805803e-01 -9.31726250e-02  9.38484506e-05 -7.23796616e-02  1.49299940e-01 -1.81182527e-04  3.33694650e-02 -1.61311880e-01  1.80649403e-04  1.53534494e-01  4.54689201e-02  1.57133273e-04 -6.33802321e-02 -4.74415124e-02  1.49183731e-06 -6.01388048e-03  5.75485828e-02 -9.33624842e-05 -9.36272497e-02 -3.10338828e-02 -5.46410982e-05  4.35719538e-02 -1.03294632e-01  8.57248272e-05 -1.11596097e-02  2.91555566e-02 -2.37081370e-05  5.78778235e-02 -7.77914612e-03  3.23723592e-05 -5.22882571e-02  4.21605659e-03 -4.63719039e-05  4.06609981e-02 -4.59613258e-02  5.53581243e-05  3.45369807e-02  8.83887352e-03  3.37988613e-05 -5.22876333e-02  4.21701953e-03 -4.58036667e-05  4.06605526e-02 -4.59620573e-02  6.01737795e-05  3.45359997e-02  8.83925813e-03  4.49609193e-05 -3.64370207e-03  3.18616608e-02 -2.57533734e-05 -1.22489306e-02 -8.88730584e-02  5.49939385e-05  6.79330883e-02  5.45862098e-02  5.49546710e-05 -2.06220836e-02  4.67830398e-02 -9.58067383e-05 -5.15028873e-02 -1.44454420e-02  2.18805391e-06 -1.22506090e-02 -8.88718668e-02  6.36169854e-05  6.79333408e-02  5.45843846e-02  6.57119891e-05 -2.06233051e-02  4.67816356e-02 -6.92641033e-05 -5.14999182e-02 -1.44450576e-02 -2.51296504e-05 -3.64276222e-03  3.18622223e-02 -1.35484391e-05]
Atoms: 57  Mode #: 47 Freq: 556.1799246211838 cm-1,Mass weighted displacment dq is: 
 [ 1.88549485e-07 -6.67155065e-06  2.08753441e-06  3.35050856e-02 -1.18055015e-01  6.19695195e-05  1.18066075e-01  3.35143594e-02  1.03703016e-04  7.29445240e-02  1.32966276e-01 -3.97749399e-05 -1.32956435e-01  7.29397245e-02 -1.61436332e-04 -7.29338748e-02 -1.32945448e-01  3.58732759e-05  1.32944348e-01 -7.29404879e-02  1.57665897e-04 -1.18052819e-01 -3.35151545e-02 -1.07910708e-04 -3.35193516e-02  1.18081828e-01 -6.65872034e-05 -8.06882511e-02  5.34858987e-02 -5.56977580e-05 -1.46100635e-01  1.89026304e-02 -6.20257044e-05 -1.13169380e-01 -9.57789316e-02 -6.86370974e-05 -3.78023494e-02 -9.16864353e-02  5.21030008e-05 -9.17042383e-02  3.78156276e-02 -1.27392971e-04 -9.57944323e-02  1.13192907e-01 -2.05346321e-04 -1.83445469e-01  4.13044530e-02 -2.23493924e-04  1.31976779e-01 -1.34431816e-01  2.08136761e-04 -9.83411211e-02 -1.51792186e-01  5.17494921e-05 -4.13278076e-02 -1.83435228e-01  1.10087606e-04  1.34441399e-01  1.31951375e-01  1.10938578e-05  1.51757771e-01 -9.83390509e-02  2.06678477e-04 -7.49580702e-02 -1.69195269e-01  9.40980359e-05  1.89089027e-02  1.46132593e-01 -7.02438519e-05  5.34966200e-02  8.07122464e-02 -3.70872549e-05 -5.34810050e-02 -8.06911415e-02  2.98448327e-05 -1.89059536e-02 -1.46099495e-01  7.29576649e-05  1.69201938e-01 -7.49800148e-02  1.08413793e-04  9.57674014e-02 -1.13169311e-01  1.91080895e-04  9.16803157e-02 -3.77983081e-02  1.17282057e-04  1.46115280e-01 -1.89091736e-02  6.47445620e-05  8.07025150e-02 -5.34854501e-02  4.85769423e-05  3.78081891e-02  9.16942612e-02 -6.27716646e-05  1.13181918e-01  9.57866207e-02  5.41647097e-05  1.83416069e-01 -4.13092796e-02  2.46569646e-04 -1.31944164e-01  1.34419120e-01 -2.20842596e-04  9.83270178e-02  1.51756268e-01 -3.76789736e-05  7.49572841e-02  1.69176097e-01 -8.83506087e-05  4.12989369e-02  1.83421830e-01 -8.74899234e-05 -1.34415881e-01 -1.31955446e-01 -2.37486582e-05 -1.51775614e-01  9.83276174e-02 -1.93240410e-04 -1.69175458e-01  7.49484709e-02 -1.02291471e-04  2.87700602e-03  5.72571584e-02 -3.40630915e-05 -4.55499452e-02 -3.38195799e-02 -3.00877718e-05 -7.08098397e-03  4.84379815e-02 -6.67874407e-05 -2.87997192e-03 -5.72637581e-02  4.02894518e-05  4.55507945e-02  3.38225331e-02  3.18032810e-05  7.09013358e-03 -4.84462274e-02  7.99446985e-05  4.36738046e-02  2.11607794e-02  1.62538184e-05 -5.72669776e-02  2.87280280e-03 -1.83307900e-05  3.38262813e-02 -4.55538486e-02  4.55508059e-05 -4.84436868e-02 -7.08221935e-03 -5.04364206e-05  2.11555630e-02 -4.36841691e-02  3.10369865e-05  5.72577400e-02 -2.87538034e-03  2.45444693e-05 -3.38185035e-02  4.55477021e-02 -4.37046222e-05  4.84374604e-02  7.08599450e-03  6.38549041e-05 -2.11542931e-02  4.36736167e-02 -3.10813898e-05 -4.36793616e-02 -2.11527015e-02 -1.65080730e-05]
Atoms: 57  Mode #: 48 Freq: 563.3803897984074 cm-1,Mass weighted displacment dq is: 
 [-1.03173895e-02  6.01558334e-02 -5.61567584e-05  5.88310757e-02 -1.80789069e-01  1.40358275e-04 -4.11363278e-02  6.37609038e-02 -4.38402861e-05 -8.46363639e-02 -9.07531020e-02 -3.23872002e-05  1.02732299e-01 -1.50140987e-02  1.29529290e-04 -8.46457779e-02 -9.07709585e-02 -3.17322421e-05  1.02758478e-01 -1.50289477e-02  1.27345700e-04 -4.11607416e-02  6.37633778e-02 -4.57661178e-05  5.88180900e-02 -1.80775891e-01  1.44035595e-04 -4.27330777e-02 -2.18335973e-02 -7.75092216e-05 -2.49528095e-02  3.86054356e-02 -1.23837837e-04 -3.66958487e-02  1.32916292e-02  4.64818140e-06  2.67286915e-02 -2.58128718e-02  3.52311940e-05  1.36863993e-01 -1.04303738e-01  1.77234004e-04  1.54749134e-01 -1.63666283e-01  2.72733680e-04  1.57719637e-01  4.11350682e-02  8.67624122e-05 -1.81908181e-01  5.77987274e-02 -1.65751315e-04  6.20238769e-02  2.23570537e-01 -1.09582097e-04  1.39104274e-01  1.18068477e-01  1.58745565e-05 -1.49797766e-01 -1.19303016e-02 -7.71483298e-05  3.00622926e-02  8.67402608e-02 -1.40726981e-05 -3.56977533e-02  9.51620267e-02 -1.49907883e-04 -3.40648676e-02 -2.19729907e-01  1.02478276e-04 -6.02714557e-02 -1.54804609e-01  8.50578213e-05 -6.02786295e-02 -1.54813604e-01  7.15987871e-05 -3.40626883e-02 -2.19749010e-01  1.01888811e-04 -1.62024503e-01  1.67130873e-01 -1.29391128e-04  1.54766453e-01 -1.63682455e-01  2.52781451e-04  1.36876353e-01 -1.04309473e-01  1.57540072e-04 -2.49241085e-02  3.85967903e-02 -1.15170491e-04 -4.27176129e-02 -2.18446309e-02 -7.62183519e-05  2.67366432e-02 -2.57962183e-02  3.87571271e-05 -3.66738773e-02  1.33053605e-02  4.55615720e-06  1.57745322e-01  4.11235389e-02  1.06826839e-04 -1.81926797e-01  5.78221518e-02 -1.83117807e-04  6.20385130e-02  2.23585577e-01 -9.46472713e-05 -3.56822460e-02  9.51898327e-02 -1.51547952e-04  1.39105277e-01  1.18103252e-01  2.78148953e-05 -1.49822380e-01 -1.19558713e-02 -7.46644851e-05  3.00289936e-02  8.67590626e-02 -5.94869921e-06 -1.62055266e-01  1.67142629e-01 -1.21125739e-04  9.09820752e-03  5.04212038e-02 -4.65453766e-05 -2.28236513e-02 -1.40531388e-02 -4.35972283e-05 -4.23575323e-02  5.12266041e-02 -1.73200928e-04  9.09954046e-03  5.04101775e-02 -5.39528172e-05 -2.28138633e-02 -1.40476238e-02 -5.00244190e-05 -4.23567178e-02  5.12181926e-02 -1.92565727e-04  9.27060067e-03 -3.97113279e-02 -1.97853558e-05  3.80141514e-02 -1.36959894e-03  9.84994791e-06 -3.86971942e-02  4.15928312e-02 -3.70474852e-05  2.48138529e-02 -2.75436743e-02  2.06742703e-05 -3.01849174e-04  6.47210842e-02  9.79915190e-06  3.80221259e-02 -1.37130350e-03  1.26353873e-05 -3.87026700e-02  4.15994945e-02 -3.83936718e-05  2.48220265e-02 -2.75411937e-02  2.00324438e-05 -3.06239376e-04  6.47251745e-02  9.75885568e-06  9.26124225e-03 -3.97139940e-02 -1.76115902e-05]
Atoms: 57  Mode #: 49 Freq: 563.3808860846295 cm-1,Mass weighted displacment dq is: 
 [-6.01563085e-02 -1.03218408e-02 -4.75066445e-05 -6.37646622e-02 -4.11351265e-02 -3.92233221e-05  1.80788061e-01  5.88332174e-02  1.03706877e-04  1.50245659e-02  1.02744225e-01 -4.94601550e-05  9.07641619e-02 -8.46442383e-02  1.20802626e-04  1.50221959e-02  1.02747285e-01 -4.69229213e-05  9.07582859e-02 -8.46340367e-02  1.21300828e-04  1.80774375e-01  5.88190389e-02  1.06896627e-04 -6.37528809e-02 -4.11608793e-02 -3.73933896e-05  1.54800704e-01 -6.02747805e-02  1.67829834e-04  2.19731139e-01 -3.40653731e-02  1.65143590e-04  1.63668730e-01  1.54752677e-01  8.39347496e-05  1.04301381e-01  1.36864891e-01  1.84504859e-05  2.58141363e-02  2.67256923e-02  2.24031168e-05 -1.32893609e-02 -3.66955554e-02  5.39476769e-05 -1.18086409e-01  1.39117113e-01 -2.61405333e-04  1.19310240e-02 -1.49814544e-01  1.30870704e-04 -8.67507841e-02  3.00612973e-02 -7.90924451e-05 -4.11153883e-02  1.57739207e-01 -1.63956844e-04 -5.78243265e-02 -1.81914403e-01  8.37097797e-05 -2.23568349e-01  6.20368084e-02 -2.27126126e-04 -1.67146850e-01 -1.62043373e-01  2.71701320e-06 -3.85971386e-02 -2.49499544e-02 -4.52486955e-05  2.18346870e-02 -4.27330619e-02  6.45187755e-05  2.18421285e-02 -4.27150000e-02  6.35363486e-05 -3.86004801e-02 -2.49252617e-02 -5.43951491e-05 -9.51901595e-02 -3.56734368e-02 -6.51678020e-05 -1.33079724e-02 -3.66721797e-02  5.44581686e-05  2.57894012e-02  2.67356504e-02  1.88983499e-05  2.19745267e-01 -3.40598249e-02  1.64964413e-04  1.54812583e-01 -6.02810597e-02  1.54436595e-04  1.04309607e-01  1.36877919e-01 -2.13035922e-06  1.63681556e-01  1.54764176e-01  6.31260372e-05 -1.18087830e-01  1.39094318e-01 -2.74282583e-04  1.19520578e-02 -1.49804176e-01  1.28538029e-04 -8.67504610e-02  3.00345548e-02 -8.69165178e-05 -1.67126617e-01 -1.62034172e-01 -5.60020848e-06 -4.11484506e-02  1.57725382e-01 -1.44695425e-04 -5.77975922e-02 -1.81926527e-01  6.67129418e-05 -2.23589366e-01  6.20287987e-02 -2.12690880e-04 -9.51621977e-02 -3.57039684e-02 -6.64664021e-05  1.36867528e-03  3.80141695e-02 -1.07442763e-05 -4.15930988e-02 -3.87020683e-02  4.27684211e-06  2.75491123e-02  2.48157076e-02  2.92810095e-05  1.37426663e-03  3.80203420e-02 -1.34954701e-05 -4.15967050e-02 -3.87012476e-02  5.44935444e-06  2.75371459e-02  2.48221099e-02  2.99199452e-05 -6.47199211e-02 -3.07955885e-04  1.09908846e-05 -5.04177736e-02  9.09902246e-03 -3.57314661e-05  1.40475123e-02 -2.28188880e-02  4.93481813e-06 -5.12220588e-02 -4.23635610e-02 -5.21808946e-05  3.97156764e-02  9.27048231e-03  3.57223649e-05 -5.04161106e-02  9.09602281e-03 -4.37558361e-05  1.40522056e-02 -2.28189305e-02 -1.84461711e-06 -5.12199416e-02 -4.23548553e-02 -7.27833044e-05  3.97085030e-02  9.26255396e-03  3.36332771e-05 -6.47266198e-02 -2.98096437e-04  1.09994789e-05]
Atoms: 57  Mode #: 50 Freq: 572.2936442854725 cm-1,Mass weighted displacment dq is: 
 [ 5.68690688e-06  5.72136686e-07  3.22893974e-08 -4.83620383e-02  1.51876422e-01 -1.34782616e-04  1.51862781e-01  4.83640821e-02  4.56583234e-05  3.26970354e-02 -1.47397624e-02  4.12682886e-05 -1.47462360e-02 -3.26885422e-02  3.27029437e-05 -3.27003122e-02  1.47261744e-02 -5.09725889e-05  1.47303886e-02  3.27026934e-02 -2.33263255e-05 -1.51890136e-01 -4.83700265e-02 -4.79623895e-05  4.83693620e-02 -1.51868044e-01  1.37273626e-04 -1.08404423e-01  6.59355541e-02 -1.87389512e-04 -1.47715217e-01 -9.11019380e-03 -1.52852819e-04 -1.28885510e-01 -7.76482285e-02 -7.29393324e-05 -5.53418514e-02 -1.17620725e-01 -3.21286033e-05  1.17604528e-01 -5.53331208e-02  1.13263029e-04  7.76328073e-02 -1.28863310e-01  1.55958993e-04 -8.47237064e-03  1.84274418e-01 -1.57246576e-04 -1.52976829e-01 -9.82186599e-02 -8.56358043e-05 -1.27631659e-02  1.79287441e-01 -2.00254606e-04  1.84287176e-01  8.45820117e-03  1.45540695e-04 -9.82154526e-02  1.52998855e-01 -1.60714662e-04  1.79310584e-01  1.27564935e-02  1.54318943e-04 -1.58848499e-01 -9.25292313e-02  5.35694605e-06  9.11690802e-03 -1.47690076e-01  1.02397593e-04 -6.59270832e-02 -1.08388514e-01  3.40260956e-05  6.59274925e-02  1.08395772e-01 -2.54461167e-05 -9.11188354e-03  1.47697183e-01 -9.45988890e-05 -9.25231150e-02  1.58855117e-01 -6.26044491e-05 -7.76337910e-02  1.28872388e-01 -1.41681200e-04 -1.17611197e-01  5.53316084e-02 -9.97801697e-05  1.47682869e-01  9.11643427e-03  1.45439033e-04  1.08382986e-01 -6.59265276e-02  1.78679142e-04  5.53281675e-02  1.17599731e-01  1.82554556e-05  1.28861081e-01  7.76257868e-02  5.81030609e-05  8.48651452e-03 -1.84297072e-01  1.57127301e-04  1.52981881e-01  9.82383621e-02  1.02903170e-04  1.27737724e-02 -1.79294653e-01  1.92536398e-04  1.58872186e-01  9.25502931e-02  2.54664120e-06 -1.84284145e-01 -8.48520957e-03 -1.44902252e-04  9.82297793e-02 -1.52971958e-01  1.43663521e-04 -1.79280607e-01 -1.27687000e-02 -1.47164688e-04  9.25431605e-02 -1.58856391e-01  5.49238857e-05 -3.19857378e-02 -1.40781177e-02  6.60144782e-06  8.76573033e-03 -3.41308516e-02  6.56999680e-05  6.78451619e-02 -1.99544885e-02  1.80250103e-04  3.19861138e-02  1.40705476e-02 -1.26950698e-05 -8.75881266e-03  3.41371975e-02 -7.73710402e-05 -6.78465256e-02  1.99495709e-02 -2.01240680e-04  5.26779674e-02 -4.85310612e-02 -2.28363539e-05 -1.40737955e-02  3.19841804e-02 -1.88355754e-05 -3.41315734e-02 -8.76148681e-03 -5.31455980e-05 -1.99505090e-02 -6.78442846e-02  3.09607469e-05  4.85290365e-02  5.26716127e-02 -4.70995052e-06  1.40799812e-02 -3.19867821e-02  2.53598704e-05  3.41316133e-02  8.76436833e-03  6.52820015e-05  1.99566958e-02  6.78512501e-02 -8.96572625e-06 -4.85337497e-02 -5.26734964e-02  6.04045612e-06 -5.26697721e-02  4.85323941e-02  2.13541563e-05]
Atoms: 57  Mode #: 51 Freq: 586.4237474197294 cm-1,Mass weighted displacment dq is: 
 [-1.80821150e-06 -1.00987729e-06  2.50702857e-07 -2.19195620e-01 -6.96739463e-02 -1.47406437e-04 -6.96816846e-02  2.19197109e-01 -2.28423550e-04  7.78546121e-02  1.53824878e-01 -3.01830891e-05  1.53824717e-01 -7.78576934e-02  1.58302593e-04 -7.78578941e-02 -1.53824476e-01  1.46860723e-05 -1.53824261e-01  7.78557506e-02 -1.44416820e-04  6.96721793e-02 -2.19197165e-01  2.50440300e-04  2.19197268e-01  6.96699567e-02  1.23460131e-04  6.04482205e-02 -6.55774728e-02  5.00830581e-05  7.87057805e-02 -1.30791301e-01  1.01167111e-04  1.18213076e-02 -1.55020653e-01  9.95284313e-05 -1.71333584e-02 -8.39015222e-02  3.82354779e-05  8.39059752e-02 -1.71372351e-02  9.55115476e-05  1.55023702e-01  1.18175773e-02  1.88039510e-04 -1.54612631e-01  4.31558367e-02 -2.13254288e-04  1.28538273e-01 -1.03961431e-01  2.09834917e-04 -7.86161084e-02 -1.26478204e-01  8.30454773e-05  4.31638395e-02  1.54615042e-01 -9.04311499e-05 -1.03973473e-01 -1.28538298e-01  1.98394212e-05 -1.26473253e-01  7.86188554e-02 -1.58865177e-04 -5.89712251e-02 -1.33063391e-01  4.31446163e-05  1.30793221e-01  7.87066446e-02  1.37410605e-05  6.55771413e-02  6.04526382e-02  2.03291964e-05 -6.55758707e-02 -6.04506983e-02 -4.00037556e-05 -1.30791518e-01 -7.87082915e-02 -8.88011768e-06 -1.33076505e-01  5.89828143e-02 -9.34479027e-05 -1.55016675e-01 -1.18231383e-02 -1.96828891e-04 -8.38984220e-02  1.71306348e-02 -7.33215973e-05 -7.87140634e-02  1.30792335e-01 -1.05968432e-04 -6.04558470e-02  6.55769558e-02 -2.89403814e-05  1.71307550e-02  8.39001931e-02 -5.66692283e-05 -1.18273529e-02  1.55020027e-01 -8.81528157e-05  1.54615750e-01 -4.31569384e-02  2.37500644e-04 -1.28536164e-01  1.03969270e-01 -2.19219877e-04  7.86205938e-02  1.26477284e-01 -7.35237219e-05  5.89782790e-02  1.33071398e-01 -4.20664413e-05 -4.31517779e-02 -1.54614975e-01  7.49392955e-05  1.03966341e-01  1.28541272e-01 -6.95829292e-06  1.26487525e-01 -7.86171521e-02  1.53340765e-04  1.33069600e-01 -5.89701433e-02  9.08194323e-05 -6.81194309e-03 -4.73257113e-02  1.32287813e-05  3.29976067e-02  3.51829012e-02  5.59791957e-06 -8.08163954e-04 -4.21318643e-02  5.47908020e-05  6.81350378e-03  4.73266520e-02 -2.54487392e-05 -3.29956058e-02 -3.51847359e-02 -1.55877737e-05  8.04408227e-04  4.21343647e-02 -7.33199843e-05 -3.63548270e-02 -2.09891443e-02 -6.28033217e-07 -4.73256565e-02  6.81221144e-03 -3.67579841e-05  3.51831446e-02 -3.29947173e-02  3.70698584e-05 -4.21306627e-02  8.07461304e-04 -8.04770443e-05  2.09856282e-02 -3.63566627e-02  4.01968438e-05  4.73268422e-02 -6.81144472e-03  4.57770611e-05 -3.51827069e-02  3.29967725e-02 -2.90501924e-05  4.21319827e-02 -8.04470598e-04  9.40385218e-05 -2.09854427e-02  3.63559345e-02 -3.71418603e-05  3.63591048e-02  2.09849858e-02 -6.51205955e-06]
Atoms: 57  Mode #: 52 Freq: 604.3828322298178 cm-1,Mass weighted displacment dq is: 
 [-1.88731389e-05 -1.99316120e-05  3.48616777e-04 -1.51554482e-06  1.49829689e-05 -6.58968605e-06 -4.19719842e-05 -3.18729095e-05  2.19530124e-05  2.36742682e-05  3.59418626e-05 -5.33978773e-04 -2.18624170e-05 -2.29575831e-05 -5.16689485e-04  1.86803842e-05  3.96863487e-05 -5.22477740e-04 -2.35235533e-05 -2.81294310e-05 -5.27812263e-04 -4.90920072e-05 -3.84517642e-05 -3.57266510e-06 -3.15218168e-06  2.29864163e-05 -1.44821909e-05 -3.70040719e-05  1.76595570e-05  1.07424029e-02  1.32599594e-04 -1.63884076e-04 -2.15036184e-01 -2.13957186e-04  1.46913583e-04  2.15521537e-01 -1.13417915e-05  5.42112869e-06 -1.07705224e-02  1.41375358e-05 -7.67363260e-06 -1.07620469e-02 -1.76787061e-04  1.42749389e-04  2.15499721e-01  8.65867869e-05 -1.22840488e-04 -1.59586938e-01 -7.26980533e-05  1.17309556e-04  1.60192016e-01 -1.64706690e-04  8.59217114e-05  1.83916247e-01  1.56188310e-04 -1.54506862e-04 -1.59582537e-01 -1.23148593e-04  1.39284916e-04  1.60200203e-01 -8.22388406e-05  8.14769325e-05  1.83911782e-01  1.76194253e-04 -1.56658026e-04 -1.84923607e-01  2.05931292e-04 -8.63819216e-05 -2.15002895e-01  1.00134159e-05  6.74988600e-05  1.07593586e-02  1.48202142e-05  6.30048326e-05  1.07480187e-02  2.19746829e-04 -8.03361191e-05 -2.15050714e-01  1.45319674e-04 -8.87567150e-05 -1.84925201e-01 -1.78413239e-04  1.18774699e-04  2.15538685e-01  1.48529204e-05 -1.28602975e-06 -1.07682336e-02  1.27612271e-04 -1.49092499e-04 -2.15051309e-01 -3.19680805e-05  2.11340729e-05  1.07274677e-02 -1.83279925e-05  5.26466558e-06 -1.07942567e-02 -1.90565848e-04  1.45201090e-04  2.15496797e-01  1.08261959e-04 -1.20245986e-04 -1.59606234e-01 -8.35092124e-05  1.13109864e-04  1.60218050e-01 -1.83700666e-04  8.38783364e-05  1.83923145e-01  1.94791821e-04 -1.49307111e-04 -1.84946113e-01  1.53934760e-04 -1.30696054e-04 -1.59597994e-01 -1.20785634e-04  1.26186014e-04  1.60219872e-01 -8.20106568e-05  6.43656242e-05  1.83932898e-01  1.36427391e-04 -7.01045096e-05 -1.84948154e-01  6.02135166e-05 -4.83956958e-05 -5.91464136e-02 -3.71036965e-05  3.91367570e-05  5.95299366e-02  8.10663651e-05 -5.56394593e-05 -1.23872322e-01  5.99020533e-05 -5.60002993e-05 -5.91527992e-02 -3.61378805e-05  4.30594736e-05  5.95181843e-02  8.61240544e-05 -6.74266873e-05 -1.23860111e-01 -7.87237829e-05  6.34963613e-05  1.24613921e-01  4.19948289e-05 -3.79560395e-05 -5.91274278e-02 -3.66471701e-05  3.31549987e-05  5.95124949e-02  9.76652379e-05 -8.19152599e-05 -1.23868797e-01 -9.68384765e-05  8.03634505e-05  1.24634131e-01  4.89854329e-05 -3.82527464e-05 -5.91402689e-02 -3.98329198e-05  3.37911556e-05  5.95204855e-02  1.09214128e-04 -7.64701190e-05 -1.23882571e-01 -1.10429816e-04  7.77682159e-05  1.24636009e-01 -7.66421791e-05  4.99784098e-05  1.24629854e-01]
Atoms: 57  Mode #: 53 Freq: 620.9680035165421 cm-1,Mass weighted displacment dq is: 
 [-1.60077267e-05  2.08952255e-06  2.06987386e-06  4.64639791e-05 -1.73981878e-04  1.07882666e-01 -1.72038442e-04 -1.77941181e-04 -8.92715204e-02 -1.03374744e-03  5.79510694e-04  1.09315638e-01  4.84757852e-04  9.30465808e-04  9.30993278e-03  1.03322799e-03 -5.63798493e-04 -1.09311513e-01 -4.48863654e-04 -9.38428373e-04 -9.31690356e-03  1.40589383e-04  1.66841721e-04  8.92628707e-02 -4.77434028e-05  1.91755221e-04 -1.07879472e-01 -4.70019339e-04 -4.29255042e-04 -2.31954632e-02 -2.47784462e-05  4.31294019e-04 -3.22243233e-01 -3.10054906e-05 -5.47290359e-04  1.57343357e-01 -5.58523143e-04  2.83585211e-05 -6.71553639e-02 -1.03646927e-04 -6.09057812e-04  3.57775683e-02  4.19647726e-04  3.09295676e-04  2.99454859e-01  1.70309352e-04 -2.51523960e-04  2.82125384e-02  3.54921482e-04 -7.87924047e-06 -7.92981132e-03 -1.77780632e-04  1.39126308e-04 -8.58130201e-03 -8.24527455e-05 -3.76438866e-04 -1.93175027e-01 -1.66607237e-04 -1.99688871e-04  1.95837406e-01  6.13362453e-05  2.84452946e-04  2.14720014e-01 -2.51606521e-04  1.03313813e-04  3.18750789e-02 -5.70538842e-04 -2.99212866e-04 -9.92799802e-02  3.43240124e-04 -3.84958216e-04  7.28503061e-02 -3.33818591e-04  4.16503939e-04 -7.28483649e-02  5.67600180e-04  3.20847961e-04  9.92498531e-02  2.35536113e-04  1.29912410e-04 -2.13473329e-01 -3.92253294e-04 -2.78150432e-04 -2.99432703e-01  1.24699554e-04  5.99721961e-04 -3.57831262e-02  4.35949124e-05 -4.69475791e-04  3.22238379e-01  4.74142905e-04  4.02849695e-04  2.32035292e-02  5.43058946e-04 -3.33268806e-05  6.71654221e-02 -2.29549031e-06  5.39860532e-04 -1.57322732e-01 -1.83408854e-04  2.34620080e-04 -2.82309968e-02 -3.31586761e-04  2.15167616e-05  7.94391837e-03  1.76184900e-04 -1.80375511e-04  8.59486570e-03  2.85413117e-04 -9.18625944e-05 -3.18947757e-02  1.04392335e-04  3.81308898e-04  1.93158951e-01  1.41844906e-04  1.82625798e-04 -1.95835101e-01 -7.77608414e-05 -2.48477034e-04 -2.14714652e-01 -2.50682839e-04 -1.36210962e-04  2.13461226e-01  1.95331053e-04  2.74518064e-05  7.86110764e-02 -1.42437996e-04  1.54284909e-04 -6.96513041e-02 -1.57603418e-04 -2.01381763e-05  1.43990864e-01 -1.91502155e-04 -2.68049845e-05 -7.86201844e-02  1.39703656e-04 -1.60682748e-04  6.96593490e-02  1.64626087e-04  1.61403800e-05 -1.43989704e-01 -4.24757665e-05  1.70860006e-04  1.37562261e-01 -2.37137207e-06 -2.91423010e-04 -4.34416447e-02  2.52699180e-04  1.40267008e-04 -5.76224743e-02 -6.70260993e-05  4.61130897e-05 -2.65512919e-02 -5.68944207e-05  5.84722189e-07 -5.21056394e-02 -2.61045724e-06  2.92385002e-04  4.34344136e-02 -2.55872494e-04 -1.45892826e-04  5.76280584e-02  6.63892125e-05 -3.46319617e-05  2.65429989e-02  4.54597030e-05 -1.39731547e-05  5.21173075e-02  3.57194537e-05 -1.62990352e-04 -1.37548004e-01]
Atoms: 57  Mode #: 54 Freq: 620.9715068362632 cm-1,Mass weighted displacment dq is: 
 [-2.36533962e-06 -1.64048206e-05 -1.89668634e-07 -9.86291399e-05  6.52344386e-05  8.92674179e-02 -4.90996704e-05  1.25975244e-04  1.07872853e-01  2.39503716e-04 -7.98708271e-05 -9.30587082e-03 -1.88683535e-04 -1.74558306e-04  1.09319026e-01 -2.30435519e-04  1.17363959e-04  9.31041102e-03  1.72771682e-04  1.73468513e-04 -1.09320570e-01  2.95506302e-05 -1.27750212e-04 -1.07881336e-01  1.09892402e-04 -9.77496201e-05 -8.92581350e-02  3.60163474e-05  1.13144477e-04  7.28470658e-02  1.39392904e-04 -2.39059066e-04 -9.92473371e-02 -2.79016576e-04  3.70149585e-04  2.99433908e-01  1.45149348e-04  1.55039421e-05  3.57814229e-02 -2.02287617e-05  1.52979179e-04  6.71552862e-02 -8.03404166e-06 -1.26110952e-04 -1.57349307e-01 -2.63188982e-04  2.03364616e-04  1.93182586e-01  1.40048193e-04 -1.42625694e-04 -1.95842039e-01  2.03915264e-04 -2.79169428e-04 -2.14736506e-01  5.29864801e-05  5.99110837e-05  2.82309822e-02 -1.79040784e-05  5.15165993e-05 -7.94442745e-03 -9.53795535e-06 -4.07868603e-05 -8.59719236e-03 -9.79272517e-05  1.42603798e-04  2.13470809e-01 -9.32694663e-05  3.26036620e-04  3.22247759e-01 -1.00413101e-04  1.71377460e-04  2.31771287e-02  1.27718688e-04 -1.67175365e-04 -2.31970240e-02  1.32870304e-04 -3.06339564e-04 -3.22232208e-01 -7.37163928e-05  5.82987556e-06  3.18936479e-02  1.58870665e-05  9.20241020e-05  1.57320497e-01  2.57774495e-05 -1.69063761e-04 -6.71587997e-02 -1.62381277e-04  2.35943247e-04  9.92790622e-02 -6.89863831e-05 -1.03415649e-04 -7.28444657e-02 -1.35992062e-04  5.77303123e-06 -3.57589033e-02  2.47482856e-04 -3.41817033e-04 -2.99455597e-01  2.58094505e-04 -1.81074215e-04 -1.93169529e-01 -1.22292454e-04  1.17331080e-04  1.95832362e-01 -2.40938819e-04  2.61715298e-04  2.14701834e-01  1.04612524e-04 -1.58304235e-04 -2.13457906e-01 -3.48340901e-05 -7.35039278e-05 -2.82117605e-02  3.64023785e-06 -2.67647298e-05  7.92515334e-03  5.25353170e-05  3.92500802e-05  8.57635979e-03  6.14512177e-05  2.92215674e-05 -3.18728250e-02 -8.95993069e-05  2.76032247e-05  4.34380566e-02  1.60554425e-07 -2.66461272e-06  5.76214631e-02 -6.27877024e-06  3.17603292e-05  2.65582230e-02  8.87911769e-05 -3.25026748e-05 -4.34297909e-02  5.58367382e-06 -9.76911049e-08 -5.76283712e-02 -5.86739464e-06 -3.21309564e-05 -2.65445160e-02  3.51011213e-05 -6.37187599e-05 -5.21166807e-02 -6.99761551e-05  1.27551599e-04  7.86023911e-02  2.13072570e-05 -1.03450520e-04 -6.96446510e-02 -1.01154058e-04  1.12299383e-04  1.44015380e-01  1.29725771e-04 -1.39409842e-04 -1.37578054e-01  6.93818709e-05 -1.23523949e-04 -7.85989147e-02 -1.47075904e-05  1.00685127e-04  6.96459363e-02  1.05275201e-04 -1.04995089e-04 -1.43998246e-01 -1.37797100e-04  1.32311185e-04  1.37557787e-01 -2.11962304e-05  5.21118353e-05  5.21029778e-02]
Atoms: 57  Mode #: 55 Freq: 621.6608296387348 cm-1,Mass weighted displacment dq is: 
 [-1.13478907e-06  3.80337337e-06 -1.59849089e-08  2.69405545e-02 -6.40974853e-02 -2.72319979e-04 -6.41040510e-02 -2.69422993e-02  3.92809093e-04 -2.52772242e-01  1.33782821e-01 -7.03660544e-04  1.33788321e-01  2.52766093e-01  2.56226421e-05  2.52766767e-01 -1.33783642e-01  7.23297822e-04 -1.33781149e-01 -2.52770982e-01 -4.52050830e-05  6.41005732e-02  2.69409902e-02 -3.83865873e-04 -2.69466790e-02  6.41053606e-02  2.63373467e-04 -1.29701227e-01 -1.09740301e-01  1.00321625e-04 -7.37732630e-02  1.73363628e-01  9.16443796e-04  3.07689040e-02 -1.79079045e-01 -1.85025451e-04 -1.68356558e-01  2.07237457e-02  1.33104373e-04 -2.07234856e-02 -1.68352649e-01  1.29363754e-05  1.79079576e-01  3.07704894e-02 -1.13484196e-03  5.45063665e-02 -6.67752329e-02  1.71470498e-04  8.78193941e-02 -7.29723602e-03 -4.09073347e-05 -4.91119194e-02  5.09917213e-02 -2.28783295e-04 -6.67662447e-02 -5.45012233e-02  7.29762387e-04 -7.30322885e-03 -8.78237809e-02 -6.68338272e-04  5.09959760e-02  4.91147217e-02 -7.80392648e-04 -6.79638414e-02  1.58361275e-02 -1.29803666e-05 -1.73367914e-01 -7.37707019e-02  5.54376508e-04  1.09737774e-01 -1.29700177e-01 -9.44598481e-05 -1.09740042e-01  1.29705864e-01  9.56155387e-05  1.73364299e-01  7.37774072e-02 -5.53307877e-04  1.58279044e-02  6.79728134e-02  8.10940971e-04 -1.79077020e-01 -3.07676362e-02  1.13409037e-03  2.07285703e-02  1.68358263e-01 -6.13467019e-06  7.37786511e-02 -1.73368485e-01 -9.17832626e-04  1.29710132e-01  1.09737157e-01 -1.01231056e-04  1.68349618e-01 -2.07315946e-02 -1.39994138e-04 -3.07744797e-02  1.79072852e-01  1.86101485e-04 -5.45040073e-02  6.67633306e-02 -1.87931822e-04 -8.78188474e-02  7.30506114e-03  4.26156778e-05  4.91141095e-02 -5.10009747e-02  2.45515428e-04  6.79745597e-02 -1.58282000e-02  6.07028571e-06  6.67699009e-02  5.45109818e-02 -7.13961024e-04  7.30314527e-03  8.78131109e-02  6.66693872e-04 -5.10050888e-02 -4.91122026e-02  7.64161583e-04 -1.58293870e-02 -6.79757961e-02 -8.04311400e-04  7.01234171e-02 -1.08924973e-02 -1.63496006e-04 -4.96850574e-02  5.44077954e-02  2.60880788e-04 -1.41618049e-02 -2.53383618e-02 -4.50987395e-04 -7.01205621e-02  1.08944075e-02  1.67694637e-04  4.96845074e-02 -5.44108164e-02 -2.54275317e-04  1.41643268e-02  2.53393662e-02  4.56090663e-04  1.43142884e-02  2.50740657e-02 -5.92593160e-04 -1.08924963e-02 -7.01217650e-02  2.56490466e-04  5.44079033e-02  4.96839262e-02  1.73929785e-04 -2.53361681e-02  1.41660261e-02  1.77000034e-04 -2.50778615e-02  1.43129243e-02  4.83761149e-05  1.08945087e-02  7.01206384e-02 -2.60796761e-04 -5.44090904e-02 -4.96840710e-02 -1.80765680e-04  2.53387424e-02 -1.41629204e-02 -1.82255115e-04  2.50736012e-02 -1.43156296e-02 -3.89812548e-05 -1.43170269e-02 -2.50747223e-02  5.83560686e-04]
Atoms: 57  Mode #: 56 Freq: 633.171024829357 cm-1,Mass weighted displacment dq is: 
 [ 1.19741771e-01 -7.59571618e-02  1.60294208e-04  2.58146252e-02 -1.33330865e-01  1.09356985e-04  1.03306028e-01  5.06604718e-02  2.13564833e-05  8.18980150e-02 -3.09187521e-02  8.56685355e-05 -1.75802252e-01  8.91813843e-02 -1.95976469e-04  8.19115013e-02 -3.09259051e-02  7.18430437e-05 -1.75812964e-01  8.91699864e-02 -1.78109159e-04  1.03314432e-01  5.06557528e-02  4.06301378e-05  2.58227245e-02 -1.33327588e-01  1.05754864e-04 -8.41226857e-02  1.00497608e-01 -1.17441185e-04 -6.42328854e-02  1.16972401e-01 -1.59117412e-04  1.06235227e-01  7.29455027e-02  8.21598699e-05  1.33015809e-01  7.59015498e-02  7.94134049e-05 -1.20294190e-01 -5.25196124e-03 -9.65209752e-05 -1.21099264e-01 -2.78600239e-02 -5.50374622e-05  2.68572867e-02  1.36889200e-01 -9.42142917e-05 -7.27734186e-02 -1.08494996e-01  2.64574197e-05 -2.61711040e-02  1.98948733e-01 -2.02209884e-04 -1.04723074e-01 -1.86002540e-01  2.16586249e-05  8.51683501e-02  2.02643977e-01 -3.36007553e-05  1.14766685e-01 -6.86490433e-02  1.88001924e-04 -1.85282464e-01 -1.00047151e-01 -4.15407173e-05  1.42694142e-02 -1.25425154e-01  6.84323322e-05  2.28349256e-02 -1.44807506e-01  1.24506321e-04  2.28249147e-02 -1.44795696e-01  1.05423153e-04  1.42748259e-02 -1.25418947e-01  9.86393025e-05  1.09087175e-01 -3.10812345e-02  2.42032877e-05 -1.21110904e-01 -2.78632354e-02 -1.22172507e-04 -1.20292440e-01 -5.24758178e-03 -9.68434067e-05 -6.42338965e-02  1.16966305e-01 -9.66372580e-05 -8.41214639e-02  1.00500265e-01 -8.97608749e-05  1.33029145e-01  7.58994746e-02  7.90635655e-05  1.06231779e-01  7.29578140e-02  5.78591783e-05  2.68532961e-02  1.36892698e-01 -8.35765071e-05 -7.27810902e-02 -1.08491746e-01  1.17022192e-05 -2.61673656e-02  1.98941475e-01 -2.02865862e-04 -1.85274110e-01 -1.00044855e-01 -4.54150575e-05 -1.04715211e-01 -1.86001900e-01  3.75173716e-05  8.51658585e-02  2.02645488e-01 -4.90281853e-05  1.14774290e-01 -6.86514416e-02  1.39156967e-04  1.09084457e-01 -3.10800761e-02  6.16126491e-05 -3.60232458e-02 -5.09009126e-02 -1.03393631e-05  2.33472246e-02  5.96279477e-02 -6.75948427e-06 -2.18147538e-02 -4.27051818e-02  2.51555381e-05 -3.60267691e-02 -5.09004167e-02 -2.00406487e-05  2.33472548e-02  5.96284096e-02  8.52421469e-06 -2.18126977e-02 -4.27047251e-02  1.05380738e-05  3.25408230e-02  3.57398269e-02  7.76933535e-06 -1.66039294e-02 -5.61928297e-03 -6.51244141e-07  3.15775914e-03  1.36611968e-02 -3.20006565e-05 -3.10152182e-02 -6.43489344e-02 -1.70711198e-05  4.40849300e-02  5.82315584e-02  8.07557757e-06 -1.66030463e-02 -5.61438245e-03  1.74112020e-06  3.15320415e-03  1.36577811e-02 -3.39996280e-05 -3.10124216e-02 -6.43486980e-02 -3.59994236e-05  4.40846100e-02  5.82291724e-02  4.14684951e-06  3.25434385e-02  3.57373003e-02 -1.59206733e-05]
Atoms: 57  Mode #: 57 Freq: 633.1712262838579 cm-1,Mass weighted displacment dq is: 
 [ 7.59580674e-02  1.19740921e-01 -4.84938338e-06 -5.06619740e-02  1.03309751e-01 -1.24186887e-04  1.33326141e-01  2.58237469e-02  8.50207683e-05 -8.91729318e-02 -1.75809011e-01  1.05215733e-04  3.09232465e-02  8.19018510e-02 -1.08257003e-04 -8.91802421e-02 -1.75808485e-01  8.76465775e-05  3.09213866e-02  8.19102604e-02 -1.23044769e-04  1.33330444e-01  2.58158627e-02  8.05306045e-05 -5.06520017e-02  1.03311979e-01 -1.43973711e-04  1.44801470e-01  2.28275278e-02  1.46893987e-04  1.25424144e-01  1.42683256e-02  1.02318467e-04  2.78632943e-02 -1.21104588e-01  1.17881523e-04  5.25431433e-03 -1.20294259e-01  1.18689060e-04 -7.59020694e-02  1.33021924e-01 -1.08582631e-04 -7.29514783e-02  1.06233296e-01 -1.08250899e-05  1.86000983e-01 -1.04717818e-01  2.85586244e-04 -2.02641758e-01  8.51652130e-02 -2.21764584e-04  6.86511695e-02  1.14767004e-01 -3.47925746e-05 -1.36893308e-01  2.68591362e-02 -1.98574629e-04  1.08490204e-01 -7.27798355e-02  1.33547126e-04 -1.98946437e-01 -2.61657957e-02 -1.41375717e-04  3.10816877e-02  1.09083134e-01 -7.64884143e-05 -1.16964750e-01 -6.42314854e-02 -1.18528934e-04 -1.00499407e-01 -8.41192998e-02 -3.08313990e-06 -1.00496201e-01 -8.41262851e-02 -3.13919876e-05 -1.16972937e-01 -6.42366236e-02 -1.83458929e-04  1.00043121e-01 -1.85276100e-01  7.28925897e-06 -7.29529010e-02  1.06233722e-01  1.49262631e-05 -7.59025258e-02  1.33023342e-01 -1.09025293e-04  1.25419465e-01  1.42763020e-02  1.33235363e-04  1.44799867e-01  2.28288463e-02  1.27532607e-04  5.24614751e-03 -1.20293112e-01  1.18027237e-04  2.78595872e-02 -1.21106646e-01  4.84266149e-05  1.86004365e-01 -1.04718534e-01  2.68967831e-04 -2.02642711e-01  8.51668996e-02 -2.05435180e-04  6.86508756e-02  1.14772643e-01  1.58078604e-05  3.10786109e-02  1.09085443e-01 -1.15467273e-04 -1.36892614e-01  2.68549043e-02 -1.88408695e-04  1.08496409e-01 -7.27782343e-02  1.18989485e-04 -1.98945037e-01 -2.61683635e-02 -1.42220223e-04  1.00050217e-01 -1.85280549e-01  3.04946500e-06  5.61805487e-03 -1.66042845e-02  7.59788914e-05 -1.36569916e-02  3.15405886e-03  1.06721635e-04  6.43486296e-02 -3.10151121e-02  2.56855345e-04  5.61672159e-03 -1.66024077e-02  7.28322640e-05 -1.36595072e-02  3.15416609e-03  1.07820858e-04  6.43462183e-02 -3.10140583e-02  2.74418329e-04 -5.82305683e-02  4.40858171e-02  1.25737860e-04  5.09019276e-02 -3.60217642e-02  2.55160048e-06 -5.96271047e-02  2.33467271e-02 -6.33406595e-05  4.27038776e-02 -2.18124485e-02  4.21450177e-05 -3.57379146e-02  3.25411937e-02 -5.73748799e-05  5.09013334e-02 -3.60245141e-02 -7.88647773e-06 -5.96262237e-02  2.33495494e-02 -4.76355337e-05  4.27037001e-02 -2.18128561e-02  2.68700351e-05 -3.57375114e-02  3.25427223e-02 -3.28579310e-05 -5.82306283e-02  4.40871257e-02  1.22640028e-04]
Atoms: 57  Mode #: 58 Freq: 667.6082693635745 cm-1,Mass weighted displacment dq is: 
 [-2.04950450e-06 -7.19596060e-07 -3.05066072e-08 -2.51587451e-04  1.00252574e-04  2.11556673e-01  1.31321632e-04 -3.57635297e-05 -2.11561683e-01  9.97489837e-06 -2.40259322e-05 -6.29052990e-03 -9.32853551e-06  1.52874075e-05  6.27842203e-03  8.57122850e-06 -4.52941864e-06 -6.27712485e-03  9.78752155e-06  1.68176598e-05  6.27901416e-03  1.98492568e-04 -2.35271744e-04 -2.11552886e-01 -5.26421098e-05  1.68106563e-04  2.11563091e-01 -9.58156862e-05  9.11313074e-05  1.08427209e-01 -1.83613365e-04  1.02028612e-04  2.18768458e-01 -1.86485130e-04  1.43206856e-04  2.31664842e-01 -9.00326341e-05  9.31187719e-05  1.05093958e-01  5.13515931e-05 -4.82272773e-05 -1.05088351e-01  1.97248157e-04 -1.15960937e-04 -2.31667596e-01  1.59335245e-04 -1.40100913e-04 -1.24239581e-01 -1.78672079e-04  1.02900631e-04  1.21740729e-01 -8.75650561e-05  1.17017544e-04  1.26609116e-01 -1.39622079e-04  6.46223669e-05  1.24225052e-01  1.09530590e-04 -2.87055022e-05 -1.21734269e-01  8.59154670e-05 -8.04993265e-05 -1.26598309e-01  1.06876062e-04 -8.73799263e-05 -1.29565262e-01  2.16589103e-04 -1.71165377e-04 -2.18776994e-01  5.92232200e-05 -1.05985281e-04 -1.08415349e-01  1.13615994e-04 -6.52590566e-05 -1.08427473e-01  1.74035385e-04 -1.37295400e-04 -2.18773780e-01 -8.34445283e-05  6.32183717e-05  1.29562021e-01  1.65081730e-04 -1.41731081e-04 -2.31661237e-01  1.02158682e-04 -5.41705711e-05 -1.05093007e-01 -1.49095027e-04  1.44989520e-04  2.18758805e-01 -5.36957848e-05  3.76843242e-05  1.08435788e-01 -9.72354457e-05  4.19842088e-05  1.05074997e-01 -2.12425505e-04  1.74616329e-04  2.31696971e-01  1.03734217e-04 -7.22854715e-05 -1.24235776e-01 -8.96075052e-05  7.55426220e-05  1.21743108e-01 -1.22318279e-04  9.81729359e-05  1.26599511e-01  1.16151187e-04 -1.09032313e-04 -1.29564377e-01 -7.25451840e-05  1.21160976e-04  1.24222941e-01  8.31019326e-05 -1.18266349e-04 -1.21734673e-01  6.52975399e-05 -4.63645080e-05 -1.26597852e-01 -1.04497007e-04  5.26101830e-05  1.29560896e-01 -3.48282180e-05  4.57630611e-05  5.67926155e-02  4.24000565e-05 -4.72318349e-05 -6.29011745e-02 -4.18025294e-05  3.32542588e-05  6.90033444e-02 -5.63408403e-05  3.21393530e-05  5.68012868e-02  4.59585138e-05 -2.09493340e-05 -6.29013479e-02 -5.93402291e-05  2.50109502e-05  6.90038508e-02  5.55569011e-05 -3.40958203e-05 -7.65393867e-02  6.44073701e-05 -5.75240600e-05 -5.67830818e-02 -7.66873809e-05  4.70195257e-05  6.28951576e-02  6.59150607e-05 -6.53140835e-05 -6.90193195e-02 -7.20818009e-05  6.48585212e-05  7.65581757e-02  5.08343419e-05 -3.63363199e-05 -5.67891432e-02 -5.03454704e-05  4.37066220e-05  6.28952819e-02  5.75399795e-05 -4.81977810e-05 -6.90180424e-02 -6.19127730e-05  5.87722448e-05  7.65473708e-02  4.89796268e-05 -4.41882529e-05 -7.65377008e-02]
Atoms: 57  Mode #: 59 Freq: 670.3407371962867 cm-1,Mass weighted displacment dq is: 
 [ 1.62112190e-06 -1.02537098e-07  2.36955806e-08  3.34850410e-01  9.91415575e-02  2.81713112e-04  9.91471442e-02 -3.34848003e-01  2.18954612e-04  1.73547995e-02  2.33954537e-02  7.64942117e-05  2.33918332e-02 -1.73514772e-02 -2.70385189e-05 -1.73512500e-02 -2.33976009e-02  6.89559926e-05 -2.33993962e-02  1.73529622e-02 -1.18707266e-04 -9.91437054e-02  3.34852122e-01 -3.54918639e-04 -3.34852540e-01 -9.91445859e-02 -1.45654505e-04  7.75969429e-02 -7.22636662e-02  1.26015995e-04  4.37906358e-02  8.94671776e-02  1.08808487e-04 -8.46105129e-02  5.71827592e-02 -1.41343638e-04 -2.02706029e-02 -1.02909081e-01  9.31287618e-05  1.02907438e-01 -2.02723567e-02  4.83607888e-05 -5.71865932e-02 -8.46100799e-02  1.79141224e-05 -1.36811102e-01  1.29101995e-01 -2.78391072e-04  1.81762643e-01 -4.43106300e-02  2.34905218e-04 -3.69334206e-02 -3.21689906e-02  3.90934121e-05  1.29104699e-01  1.36808124e-01  1.37105255e-05 -4.43119953e-02 -1.81765044e-01  2.15478256e-05 -3.21643384e-02  3.69323878e-02 -1.10374116e-04 -4.38203188e-03 -5.01421855e-02  1.46166716e-05 -8.94643760e-02  4.37941453e-02 -2.64194485e-04  7.22634027e-02  7.76001950e-02  1.46487580e-05 -7.22623838e-02 -7.76007841e-02 -3.99841466e-05  8.94666917e-02 -4.37946251e-02 -1.56397092e-05 -5.01429185e-02  4.38412944e-03 -7.77128370e-06  5.71789045e-02  8.46105867e-02  2.05079590e-05 -1.02910522e-01  2.02755559e-02 -1.54635907e-04 -4.37907775e-02 -8.94639007e-02  1.69585090e-04 -7.75953878e-02  7.22664798e-02 -1.00169555e-04  2.02719544e-02  1.02908073e-01  1.22183088e-05  8.46126151e-02 -5.71840457e-02  1.06015341e-04  1.36809968e-01 -1.29102804e-01  2.46371520e-04 -1.81764505e-01  4.43119774e-02 -1.53119626e-04  3.69330652e-02  3.21687929e-02  6.59292741e-05  4.38219815e-03  5.01428878e-02 -6.87511829e-05 -1.29106600e-01 -1.36810009e-01  1.26710240e-05  4.43148894e-02  1.81766155e-01 -1.03853446e-04  3.21651838e-02 -3.69343375e-02  8.00512365e-06  5.01463173e-02 -4.38870422e-03  5.86531646e-05 -4.31565453e-02 -3.70574998e-02  2.00511567e-05  6.65888659e-03  5.67220562e-02 -8.19036026e-06 -2.58452025e-02 -2.62777923e-02  3.94747431e-05  4.31568961e-02  3.70565369e-02  8.41552936e-05 -6.65810904e-03 -5.67221402e-02  4.69714793e-05  2.58453220e-02  2.62759498e-02  7.42240201e-05 -8.28441541e-03 -3.68465592e-02  5.90974559e-05 -3.70582579e-02  4.31545260e-02 -6.16976306e-05  5.67194442e-02 -6.66059856e-03  2.25782257e-05 -2.62746389e-02  2.58447805e-02 -8.81144088e-05  3.68465759e-02 -8.28586756e-03  3.71265541e-05  3.70575001e-02 -4.31553934e-02 -4.15028009e-05 -5.67200684e-02  6.66085077e-03 -5.89066677e-05  2.62757696e-02 -2.58459451e-02 -2.35326882e-05 -3.68456183e-02  8.28573192e-03 -6.99438961e-05  8.28481036e-03  3.68479814e-02 -2.12704754e-05]
Atoms: 57  Mode #: 60 Freq: 677.0615046647262 cm-1,Mass weighted displacment dq is: 
 [ 1.84761516e-05  5.42245961e-05  3.36132908e-06  5.36630074e-05  1.10832570e-04 -5.56166434e-03  1.39081980e-04 -1.12541962e-04  5.55736044e-03  1.55418178e-04 -2.22203329e-04 -2.29996883e-01 -1.64016125e-04  1.89793308e-04  2.29989663e-01  1.72789304e-04 -2.27916934e-04 -2.29989817e-01 -1.69871745e-04  1.72311828e-04  2.29990894e-01  7.61711034e-05  1.17103745e-04  5.56463839e-03 -1.74755087e-04  4.84788882e-05 -5.57275258e-03  3.62593091e-05  3.33651460e-06  6.40217454e-02  3.04741862e-04 -1.19738004e-04 -2.56930002e-01 -1.84120321e-04  1.23168872e-04  2.44946226e-01  6.09075417e-05 -1.13600006e-04 -6.96946219e-02 -7.50907712e-05  7.83712811e-05  6.97121635e-02  1.18288870e-04 -1.04364779e-04 -2.44942530e-01  1.49615366e-05 -2.37642262e-05 -4.60366528e-02  4.83527872e-05 -2.85618115e-05 -5.25703977e-02  3.67117075e-05 -1.67475052e-05 -4.13785319e-02 -7.88481825e-05  2.92504580e-05  4.60305062e-02 -6.72249950e-06 -8.28020174e-05  5.25631696e-02 -9.24896708e-05  1.04801229e-05  4.13691371e-02  6.65375968e-05 -7.31207910e-06 -3.43586655e-02 -3.08798722e-04  1.97072910e-04  2.56949835e-01  4.14838816e-05 -2.91575526e-05 -6.40288497e-02 -1.15386449e-06 -7.09272819e-05 -6.40263852e-02 -2.56744661e-04  1.56531574e-04  2.56936823e-01 -1.03301290e-05 -1.48915951e-05  3.43460601e-02  1.62220659e-04 -3.52042819e-05 -2.44953134e-01 -1.29403501e-04  8.21114997e-05  6.97045222e-02  2.62344559e-04 -1.71343720e-04 -2.56921189e-01 -9.84123420e-06  4.42580222e-05  6.40277806e-02  6.92679579e-05 -5.87255978e-05 -6.97016943e-02 -1.13356515e-04  8.09640679e-05  2.44950560e-01  9.09090754e-05 -9.78997294e-05 -4.60399984e-02 -6.56057486e-05 -6.61484878e-06 -5.25669910e-02  6.11031523e-05 -5.85685595e-06 -4.13810416e-02  7.27881168e-05  1.80545759e-05 -3.43626918e-02 -1.51531155e-04 -4.89705143e-05  4.60358097e-02  1.26485792e-05  3.18732008e-05  5.25569926e-02 -7.60851697e-05 -1.31365655e-05  4.13629335e-02  1.27797793e-05 -1.59169472e-05  3.43535980e-02  6.40306760e-05 -8.98011094e-05 -1.12439911e-01  9.06820068e-05 -5.05007624e-05 -1.09523536e-01  9.98230125e-05 -7.72106659e-05 -1.24376245e-01  9.30921848e-05 -8.15835565e-05 -1.12442858e-01  9.41536556e-05 -9.97140619e-05 -1.09518052e-01  1.22041971e-04 -7.63376075e-05 -1.24379717e-01  7.22766722e-05 -7.62212534e-05 -1.19198090e-01 -1.03675920e-04  8.16980939e-05  1.12461039e-01 -9.82614543e-05  7.09083040e-05  1.09535831e-01 -9.29849029e-05  9.55366686e-05  1.24398230e-01 -1.03930392e-04  9.52895576e-05  1.19218224e-01 -9.55506471e-05  5.38606592e-05  1.12460276e-01 -1.48572129e-04  6.64435266e-05  1.09536244e-01 -9.16136161e-05  7.47251628e-05  1.24400827e-01 -1.38623879e-04  9.42497012e-05  1.19222462e-01  7.28828700e-05 -4.26016486e-05 -1.19202484e-01]
Atoms: 57  Mode #: 61 Freq: 680.3168949781244 cm-1,Mass weighted displacment dq is: 
 [-3.40050034e-07  2.01313076e-06  3.95118450e-07 -6.67100740e-02 -1.62344607e-02  7.29344285e-05  1.62401588e-02 -6.67143929e-02  1.61418640e-04  6.96106701e-03 -6.56077281e-03  1.59074740e-05  6.56854913e-03  6.96603566e-03 -1.52811227e-04 -6.96607375e-03  6.55951589e-03 -1.67399852e-05 -6.56171965e-03 -6.96754654e-03  1.46309010e-04 -1.62373631e-02  6.67131194e-02 -1.60493935e-04  6.67057931e-02  1.62436331e-02 -7.04191570e-05  1.81349541e-01  7.80884212e-02  1.82620530e-04  9.74003957e-02 -1.79889829e-02  2.23033663e-04 -6.70223079e-02 -6.58393588e-02  9.27132537e-05 -1.92315418e-01 -3.38129360e-02 -7.20362125e-05 -3.38097909e-02  1.92312497e-01 -7.58892262e-05 -6.58345296e-02  6.70234930e-02  5.46099601e-05  8.09982531e-02  8.07872111e-02  7.70459066e-05 -1.85755669e-02 -1.11374684e-01  2.05589520e-05 -3.04823093e-02  2.31315575e-01 -3.05373889e-04 -8.07917234e-02  8.10036405e-02 -2.14728688e-04  1.11373435e-01 -1.85872469e-02  8.54254079e-06 -2.31319870e-01 -3.04786482e-02 -2.57411557e-04 -2.08565895e-01 -9.92162435e-02  1.89013116e-05 -1.79929442e-02 -9.73937686e-02  1.47916894e-04  7.80951072e-02 -1.81345616e-01  2.51699754e-04 -7.80946459e-02  1.81347529e-01 -2.42114052e-04  1.79886059e-02  9.73985716e-02 -1.46792954e-04  9.92150702e-02 -2.08566990e-01 -2.07422013e-05  6.58353391e-02 -6.70187293e-02 -5.70948632e-05  3.38095256e-02 -1.92311443e-01  6.65861578e-05 -9.73935390e-02  1.79846334e-02 -2.13558991e-04 -1.81345129e-01 -7.80919469e-02 -1.74310248e-04  1.92315465e-01  3.38086096e-02  6.54112623e-05  6.70222312e-02  6.58354974e-02 -9.96252451e-05 -8.09961539e-02 -8.07938101e-02 -9.67473706e-05  1.85780607e-02  1.11375927e-01 -1.94537932e-05  3.04829936e-02 -2.31318139e-01  2.98137684e-04  2.08568594e-01  9.92172613e-02 -1.89878343e-05  8.07892470e-02 -8.09980019e-02  1.95272223e-04 -1.11377144e-01  1.85784989e-02 -9.50218431e-06  2.31314722e-01  3.04802849e-02  2.48474602e-04 -9.92193738e-02  2.08565873e-01  2.10315287e-05 -4.46145582e-02  1.30638195e-02 -2.00815540e-04  3.63142276e-02 -3.18240224e-02 -1.62804356e-04 -6.37831778e-02  3.78429556e-02 -4.59690816e-04  4.46134284e-02 -1.30618250e-02  2.16115461e-04 -3.63163234e-02  3.18220945e-02  1.77633587e-04  6.37831166e-02 -3.78424836e-02  5.05416432e-04 -6.74550697e-02  3.58248883e-02  2.74281051e-04 -1.30639635e-02 -4.46155131e-02  5.98096042e-05  3.18255726e-02  3.63162010e-02 -7.20000271e-05 -3.78424522e-02 -6.37841176e-02 -1.12609168e-05  3.58237457e-02  6.74539622e-02 -4.44598213e-05  1.30648485e-02  4.46138884e-02 -4.72963442e-05 -3.18254518e-02 -3.63164857e-02  8.49997789e-05  3.78423839e-02  6.37853825e-02  5.49962485e-05 -3.58245638e-02 -6.74543925e-02  6.59842578e-05  6.74541823e-02 -3.58255793e-02 -2.51027570e-04]
Atoms: 57  Mode #: 62 Freq: 714.0275092114446 cm-1,Mass weighted displacment dq is: 
 [ 1.96413699e-06  1.14529912e-06  2.10503789e-06  1.45812227e-04 -1.28452989e-04 -1.20600001e-01 -4.07054824e-05  1.16236519e-04  1.59378093e-01 -2.15077822e-04  1.71709440e-04  2.56714027e-01  5.20165171e-05 -1.85340197e-05 -3.62359755e-02  2.27804381e-04 -1.81709007e-04 -2.56717234e-01 -5.12989663e-05  2.92673024e-05  3.62411311e-02  7.48503507e-05 -1.28240692e-04 -1.59381431e-01 -1.58361094e-04  1.32780673e-04  1.20606509e-01 -1.24515197e-04  1.99445551e-05  9.40337833e-02 -1.44920359e-04  6.53414816e-05  1.23209508e-01 -2.76095916e-04  2.15652556e-04  2.97191527e-01  2.08161784e-05  4.79880138e-06 -6.72440782e-03  1.04266535e-04 -9.96688924e-05 -1.00570305e-01  7.25343502e-05 -1.11604089e-05 -4.18941293e-02 -2.57131092e-05  3.87584623e-05  9.00659946e-02 -1.02154176e-04  9.50465969e-05  7.69972942e-02 -3.19014276e-05  1.21545760e-05  6.04469305e-02  2.07544341e-05  3.76885575e-05  3.70849891e-02  1.35935077e-05 -7.49208402e-05 -6.03165117e-02  1.01599373e-04 -2.66208895e-05 -6.92231432e-02 -6.46333208e-05  8.42014389e-05  7.94315872e-02  1.92062919e-04 -1.36701721e-04 -2.76132088e-01 -6.33020524e-05  8.22848644e-05  3.52308915e-02  6.56409343e-05 -8.15492147e-05 -3.52365653e-02 -2.25142927e-04  1.13355388e-04  2.76135366e-01 -6.49739173e-05  6.82176021e-05  5.02579424e-02 -6.32578623e-05  5.54481264e-06  4.18808300e-02 -1.02559980e-04  7.61773802e-05  1.00578372e-01  1.38027475e-04 -3.86200023e-05 -1.23204110e-01  1.11481879e-04 -1.52791863e-05 -9.40289153e-02 -2.01514997e-05  7.34830811e-06  6.74543892e-03  2.70574593e-04 -2.28202973e-04 -2.97187928e-01  1.25322998e-05 -1.28430604e-05 -9.00808252e-02  1.17819325e-04 -9.64374828e-05 -7.70006675e-02  3.28589870e-05 -1.09904173e-05 -6.04539648e-02  8.19834084e-05 -8.23726880e-05 -7.94520372e-02 -2.34062890e-05 -3.97135712e-05 -3.70891232e-02 -1.37715235e-05  6.64420266e-05  6.03095306e-02 -8.91697128e-05  2.28946437e-05  6.92157103e-02  6.29436678e-05 -5.51085381e-05 -5.02623913e-02  4.52785624e-05 -4.78878742e-05 -6.77054522e-02 -2.33102141e-05  3.04652414e-05  2.14877756e-02  3.93672680e-05 -3.75740882e-05 -4.99791441e-02 -5.30389686e-05  5.57515850e-05  6.77171259e-02  2.72132651e-05 -3.54900030e-05 -2.14824210e-02 -4.24707838e-05  4.43445376e-05  4.99931176e-02  8.35096240e-06 -8.03915321e-06  8.98130769e-03  1.50267492e-04 -1.16177825e-04 -1.58653300e-01  1.31290916e-04 -1.26398390e-04 -1.73399481e-01  1.90239073e-04 -1.60577454e-04 -2.13854649e-01  1.77933972e-04 -1.73529840e-04 -2.14784504e-01 -1.72219913e-04  1.19410731e-04  1.58663236e-01 -1.48158729e-04  1.17817483e-04  1.73424413e-01 -2.16203844e-04  1.58053457e-04  2.13884412e-01 -1.98408505e-04  1.67773509e-04  2.14812665e-01 -5.60007872e-06  9.76181294e-06 -8.97026189e-03]
Atoms: 57  Mode #: 63 Freq: 714.029762958103 cm-1,Mass weighted displacment dq is: 
 [ 9.72338954e-07 -1.98793219e-06 -3.26057709e-06 -8.69825804e-05  1.02876120e-04  1.59389214e-01 -3.85126045e-05  1.95589814e-04  1.20612664e-01 -2.07717053e-05 -2.41896404e-05 -3.62258655e-02  2.04181090e-04 -1.23424403e-04 -2.56721642e-01  3.15432330e-05  2.39158656e-05  3.62448397e-02 -2.13590563e-04  1.10730161e-04  2.56734542e-01  4.26420226e-05 -1.82961335e-04 -1.20596824e-01  7.47983405e-05 -1.36681231e-04 -1.59386341e-01 -1.93549728e-04 -7.23506295e-05 -3.52267135e-02 -4.06958438e-04  2.14727927e-04  2.76124564e-01 -2.38177432e-05  5.68222303e-05  4.18819618e-02  4.84605377e-05  9.50503580e-05  1.00571286e-01  8.31385503e-05 -1.87015773e-04 -6.75313760e-03 -1.10375035e-04  9.68679117e-05  2.97194274e-01 -1.10181011e-04 -3.36519422e-05  3.70940602e-02  4.12309320e-05  5.14579438e-05 -6.03098039e-02  9.30678384e-05 -2.68038070e-04 -6.92158256e-02  2.17109491e-04 -4.24815854e-05 -9.00626217e-02 -6.62905377e-05 -9.12071249e-06 -7.69971500e-02  2.48027215e-04  2.97568343e-05 -6.04469454e-02  1.64432390e-04  1.34400478e-04  5.02567809e-02 -1.16404284e-04  1.24525672e-04  1.23210652e-01 -1.64787038e-04  2.05471823e-04  9.40138590e-02  1.69617803e-04 -1.92597390e-04 -9.40313401e-02  1.43272745e-04 -1.17289524e-04 -1.23215875e-01 -2.26991640e-05  1.04764876e-04 -7.94308761e-02  9.79290050e-05 -9.09739447e-05 -2.97203674e-01 -7.15093539e-05  1.86686660e-04  6.74329677e-03  3.84556040e-04 -1.82306851e-04 -2.76138659e-01  1.94354074e-04  7.01703855e-05  3.52301756e-02 -7.19844273e-05 -9.72090114e-05 -1.00557263e-01  1.83247077e-05 -6.58216225e-05 -4.19141292e-02  1.08868656e-04  3.57430718e-05 -3.70887799e-02 -5.04134378e-05 -5.11632130e-05  6.03207964e-02 -9.70135420e-05  2.55537051e-04  6.92232144e-02 -1.51310813e-04 -1.32272175e-04 -5.02544338e-02 -1.91916615e-04  5.51988098e-05  9.00716626e-02  6.52273677e-05 -6.14372836e-06  7.70010882e-02 -2.47170168e-04 -3.07283554e-05  6.04500589e-02  2.44414580e-05 -1.21788998e-04  7.94411984e-02  1.54443730e-04 -1.21693959e-04 -1.58649843e-01  1.04435952e-04 -6.71327727e-05 -1.73412679e-01  1.97394810e-04 -1.60301616e-04 -2.13879622e-01 -1.51314986e-04  1.42979260e-04  1.58636237e-01 -1.12674509e-04  8.33694741e-05  1.73396509e-01 -1.99813736e-04  1.85455799e-04  2.13865028e-01 -1.01040475e-04  9.98669890e-05  2.14780889e-01 -4.77954046e-05  9.49723979e-05  6.76971978e-02 -2.06973711e-05 -5.23216389e-05 -2.14791003e-02 -4.58029354e-06  9.96083988e-05  4.99854791e-02 -4.82183638e-05 -5.58682769e-05  8.96427083e-03  5.60190436e-05 -8.73990498e-05 -6.77147212e-02  1.54562400e-05  4.84361383e-05  2.14706064e-02  1.15612487e-05 -9.66028635e-05 -5.00038005e-02  4.97483146e-05  5.30561788e-05 -8.98424062e-03  9.52670277e-05 -7.99381491e-05 -2.14799121e-01]
Atoms: 57  Mode #: 64 Freq: 728.7620083050357 cm-1,Mass weighted displacment dq is: 
 [-4.99048589e-05 -3.13149948e-05  5.00618175e-02  3.36726697e-04 -2.79616742e-04 -1.13325595e-01 -1.90055608e-04  8.04456879e-05 -1.13337194e-01  2.16564419e-04 -1.60859246e-05 -1.67396466e-01  6.07090278e-06 -1.93054765e-04 -1.67428824e-01  2.17903393e-04 -3.05413515e-05 -1.67369337e-01  2.10209028e-05 -1.92067387e-04 -1.67412646e-01 -1.58709526e-04  6.95925244e-05 -1.13332749e-01  3.33281675e-04 -3.08437521e-04 -1.13347156e-01  2.84708020e-05  1.18747274e-04  2.21607824e-02 -2.34641458e-04  9.39319041e-05  1.62582882e-01 -2.79735105e-04  2.20782027e-04  1.60468712e-01 -8.12507750e-05  2.10543882e-05  2.48690849e-02  5.50299956e-05  1.04006872e-04  2.48312201e-02 -1.57863380e-04 -4.11157622e-05  1.60537838e-01 -1.45589455e-05 -4.61606814e-05 -7.62941935e-02  8.69472560e-05 -7.52698229e-05 -7.63574356e-02  5.49122475e-05 -1.03238399e-04 -7.32765191e-02  1.81434277e-04  1.32766343e-04 -7.62899796e-02  8.84288596e-05  4.82155770e-05 -7.63497933e-02 -4.31149324e-05 -1.85006805e-05 -7.32631089e-02  1.11835466e-04 -6.71513430e-05 -7.55749519e-02  7.93009711e-05  2.65146090e-05  1.62554435e-01  3.58895739e-06 -2.45938728e-05  2.21862475e-02  5.23612595e-06 -4.31640919e-05  2.21697789e-02  4.74243566e-05  7.72626111e-06  1.62529344e-01  1.11847737e-04 -1.78257551e-04 -7.55708857e-02 -1.53120056e-04 -3.61352937e-05  1.60512541e-01  4.87820789e-05  1.21369939e-04  2.48333444e-02 -2.16169070e-04  6.48991714e-05  1.62565085e-01  4.64934515e-05  1.21025317e-04  2.21598621e-02 -9.85540321e-05  1.50016342e-05  2.48445014e-02 -2.86759971e-04  2.27378677e-04  1.60498697e-01 -1.23999129e-05 -2.69256698e-05 -7.62937955e-02  9.61406234e-05 -8.52037916e-05 -7.63441798e-02  5.49466319e-05 -7.97566485e-05 -7.32682504e-02  1.08279083e-04 -7.25770471e-05 -7.55827644e-02  1.61832045e-04  1.34629714e-04 -7.62834262e-02  9.83094117e-05  5.83614814e-05 -7.63409061e-02 -6.65531028e-05 -1.86117245e-05 -7.32569782e-02  1.17424631e-04 -1.82161090e-04 -7.55647621e-02 -3.56228577e-05  1.05754722e-04  1.45702117e-01 -1.61508578e-04  1.36306832e-04  1.48355827e-01 -1.20927585e-04  8.98184405e-05  2.13277411e-01 -4.15494729e-05  1.25375152e-04  1.45712083e-01 -1.64571123e-04  1.47706881e-04  1.48369037e-01 -1.30358650e-04  1.17171555e-04  2.13299300e-01 -1.84976140e-04  1.28622135e-04  2.09138881e-01 -1.35070009e-04  1.27837587e-04  1.45737138e-01 -1.23801643e-04  9.64963418e-05  1.48370761e-01 -1.81169942e-04  1.75167270e-04  2.13305866e-01 -1.80735428e-04  1.46203295e-04  2.09157440e-01 -1.54924734e-04  1.21798625e-04  1.45715353e-01 -1.36118379e-04  9.32761913e-05  1.48371242e-01 -2.09187040e-04  1.65527224e-04  2.13295500e-01 -2.00072539e-04  1.46889965e-04  2.09147156e-01 -1.85731073e-04  1.09950280e-04  2.09120895e-01]
Atoms: 57  Mode #: 65 Freq: 736.2478845258493 cm-1,Mass weighted displacment dq is: 
 [-1.45718410e-07 -2.26697265e-06  2.04798580e-06 -9.47304429e-02  3.20364729e-01 -2.62663185e-04 -3.20373562e-01 -9.47327023e-02 -1.34211684e-04  8.19329082e-02  1.51633713e-01  6.11907661e-06 -1.51629853e-01  8.19237541e-02 -2.02297990e-04 -8.19236418e-02 -1.51626509e-01 -1.16044188e-05  1.51622706e-01 -8.19284833e-02  1.97135321e-04  3.20367736e-01  9.47494219e-02  1.57822691e-04  9.47362728e-02 -3.20382179e-01  2.86860409e-04  4.10131019e-02  6.03218136e-02  1.47090844e-05  7.83745617e-02  1.85882932e-01 -1.48616454e-05  1.68541655e-01 -1.11694972e-01  3.03963144e-04  7.08580041e-02 -2.79551556e-02  9.84871674e-05 -2.79539890e-02 -7.08610391e-02 -7.23951067e-06 -1.11701579e-01 -1.68548639e-01  4.52865389e-05 -5.26024144e-02  5.92320274e-02 -7.98870476e-05  7.84305593e-02 -1.02950282e-02  9.51225819e-05 -1.12407951e-02 -1.21964610e-02  9.42860440e-06 -5.92351877e-02 -5.25990539e-02 -6.34516759e-06  1.02981131e-02  7.84372200e-02 -5.78823049e-05  1.21874877e-02 -1.12416956e-02  2.89285335e-06 -1.03405486e-03 -1.50661990e-02  5.07200414e-05  1.85885692e-01 -7.83725155e-02  1.77924345e-04  6.03166292e-02 -4.10076185e-02  9.78439277e-05 -6.03216530e-02  4.10112092e-02 -1.06917544e-04 -1.85871569e-01  7.83722819e-02 -2.07547194e-04  1.50686110e-02 -1.04024172e-03  1.22680705e-05  1.11694169e-01  1.68540495e-01 -3.31864099e-05  2.79567436e-02  7.08659087e-02  6.07560223e-06 -7.83731306e-02 -1.85878555e-01 -1.43897274e-05 -4.10052802e-02 -6.03181762e-02 -2.33459928e-05 -7.08677326e-02  2.79535565e-02 -9.94113913e-05 -1.68546027e-01  1.11699321e-01 -2.90933826e-04  5.25997423e-02 -5.92357906e-02  9.06653574e-05 -7.84381928e-02  1.02993474e-02 -9.78349329e-05  1.12425080e-02  1.21868185e-02 -2.21371168e-06  1.04083504e-03  1.50691130e-02 -4.60606867e-05  5.92383604e-02  5.26056642e-02  1.70367907e-05 -1.02954240e-02 -7.84372423e-02  5.54030181e-05 -1.21947783e-02  1.12407924e-02  4.10869926e-06 -1.50662829e-02  1.03332391e-03 -7.50660600e-06  3.34653289e-02  7.24632985e-03 -8.43712156e-06  1.24753365e-02 -3.20152484e-02  6.72781050e-06  1.32548233e-02  1.12021284e-02 -3.35221715e-05 -3.34619841e-02 -7.24569692e-03 -2.41453262e-06 -1.24774992e-02  3.20169532e-02 -1.90290767e-05 -1.32529305e-02 -1.12034056e-02  1.97657018e-05  3.07270929e-03  1.68023095e-02  2.75180632e-06 -7.24527388e-03  3.34635132e-02 -3.90852323e-05  3.20128702e-02  1.24746987e-02 -5.26777159e-05 -1.12014845e-02  1.32534300e-02 -8.64140711e-05  1.68006384e-02 -3.07540663e-03 -4.47989355e-05  7.24597419e-03 -3.34618294e-02  2.79870623e-05 -3.20169251e-02 -1.24767281e-02  4.05256202e-05  1.12034488e-02 -1.32526715e-02  7.26726020e-05 -1.68019117e-02  3.07256236e-03  2.83054822e-05 -3.07485502e-03 -1.68026430e-02 -1.92049951e-05]
Atoms: 57  Mode #: 66 Freq: 747.4716063845171 cm-1,Mass weighted displacment dq is: 
 [ 8.81810902e-03  6.97369539e-02  2.03381402e-05 -1.75862316e-01  2.03330939e-01 -3.82380969e-04  1.71890366e-01 -2.34278747e-01  1.20881450e-04 -1.52728304e-01 -1.41582010e-01  1.82295689e-04  1.45401337e-01  1.07494946e-01 -6.17802361e-04 -1.52732648e-01 -1.41591723e-01  1.70168907e-04  1.45410553e-01  1.07489702e-01 -5.75445862e-04  1.71907955e-01 -2.34271331e-01  1.20571960e-04 -1.75861524e-01  2.03311581e-01 -4.21670756e-04 -1.28143859e-01 -7.59901379e-02 -6.18046074e-04 -9.89867150e-03  1.00303372e-02  8.58275739e-04  9.71406317e-02 -1.25823097e-01 -1.55318472e-04  8.84240206e-02  3.49410390e-02  5.09782540e-04 -2.59901042e-02 -1.19975778e-01 -5.31468236e-04  1.39756992e-01  1.00641981e-01  9.19510962e-04 -3.09722851e-02  8.55047976e-02 -4.73272014e-04  1.44375199e-01 -3.02089026e-02 -2.34083723e-04 -1.98407405e-02  7.91539266e-02 -5.73002986e-04 -5.92919860e-02 -1.10794619e-01  2.89946635e-04 -5.57620411e-02 -2.07354626e-02  2.32131575e-04  1.15439415e-01  2.19135908e-02  4.44534095e-04 -2.55716164e-02 -1.51837318e-02 -4.39056642e-04 -2.33616713e-01  1.44647198e-02 -6.25795797e-04  5.05890094e-02  2.52173786e-03  6.01232643e-04  5.05841964e-02  2.52192897e-03  5.90113560e-04 -2.33626017e-01  1.44679282e-02 -6.65402028e-04 -4.77318415e-02  1.28140800e-01  3.48050995e-04  1.39762102e-01  1.00654256e-01  8.60417044e-04 -2.59905684e-02 -1.19968672e-01 -4.87282585e-04 -9.90023403e-03  1.00160194e-02  8.19769013e-04 -1.28144163e-01 -7.59921194e-02 -6.17632040e-04  8.84195427e-02  3.49430317e-02  5.27134963e-04  9.71315757e-02 -1.25817082e-01 -1.83342207e-04 -3.09666101e-02  8.55017335e-02 -4.58602536e-04  1.44368258e-01 -3.02092598e-02 -2.02149887e-04 -1.98399630e-02  7.91575558e-02 -5.54675240e-04 -2.55742685e-02 -1.51834887e-02 -4.18525088e-04 -5.92917268e-02 -1.10790364e-01  2.61264678e-04 -5.57631097e-02 -2.07396607e-02  2.31860615e-04  1.15435233e-01  2.19135131e-02  4.40485050e-04 -4.77340131e-02  1.28138950e-01  3.27727452e-04 -7.26954173e-02 -2.70445878e-03 -4.84297396e-04  3.74902791e-02 -3.51526328e-02 -4.18142742e-04 -3.02214605e-02  2.66974129e-02 -1.01932791e-03 -7.26972144e-02 -2.70480485e-03 -4.91474734e-04  3.74902663e-02 -3.51511922e-02 -4.41329890e-04 -3.02216696e-02  2.66972164e-02 -1.06958965e-03  3.29765303e-02  4.97486464e-03 -9.18258596e-04 -1.97149095e-02  5.82538178e-03  7.04013964e-04  5.84823737e-02  2.02036372e-02  6.69953141e-04 -1.74690879e-02  1.30311908e-02  1.15091731e-03  2.42584599e-02  2.39274233e-02  1.18801274e-03 -1.97136626e-02  5.82372199e-03  6.76249417e-04  5.84804536e-02  2.02035211e-02  6.40865272e-04 -1.74686521e-02  1.30293289e-02  1.09307871e-03  2.42573088e-02  2.39282779e-02  1.13907044e-03  3.29756733e-02  4.97388398e-03 -8.78855118e-04]
Atoms: 57  Mode #: 67 Freq: 747.4719253066131 cm-1,Mass weighted displacment dq is: 
 [ 6.97381933e-02 -8.81945752e-03  6.71944658e-05 -2.34276004e-01 -1.71904165e-01 -7.34902674e-05  2.03324503e-01  1.75865445e-01  1.95338366e-05  1.07495386e-01 -1.45405930e-01  3.48615430e-04 -1.41591090e-01  1.52731605e-01 -3.76766725e-04  1.07496338e-01 -1.45404498e-01  3.92230247e-04 -1.41591634e-01  1.52732907e-01 -3.63288711e-04  2.03317483e-01  1.75861473e-01  5.81125989e-05 -2.34274609e-01 -1.71898297e-01 -7.49888978e-05  2.52120001e-03 -5.05871212e-02 -1.71625740e-04  1.44629287e-02  2.33623292e-01  1.04974437e-04  1.00645773e-01 -1.39761600e-01 -9.91777192e-05 -1.19975598e-01  2.59913758e-02  1.38539616e-04  3.49422175e-02 -8.84194966e-02 -1.12387925e-04 -1.25822674e-01 -9.71328233e-02  2.03979323e-04 -1.10789189e-01  5.92897604e-02 -2.97001646e-04 -2.07429525e-02  5.57628607e-02 -2.07320912e-04  2.19152566e-02 -1.15438501e-01 -5.40702520e-05  8.55069064e-02  3.09708224e-02  1.47500193e-04 -3.02069456e-02 -1.44374119e-01  1.83668897e-04  7.91554758e-02  1.98403677e-02  2.06917274e-04  1.28139432e-01  4.77322138e-02 -1.15284580e-04  1.00247507e-02  9.90125304e-03 -2.67638623e-04 -7.59943390e-02  1.28145538e-01  1.08498773e-04 -7.59913728e-02  1.28145883e-01  1.10912948e-04  1.00269569e-02  9.90029516e-03 -3.09440139e-04 -1.51815895e-02  2.55725993e-02  1.37501899e-04 -1.25824226e-01 -9.71375590e-02  1.74645713e-04  3.49426483e-02 -8.84237754e-02 -9.51642117e-05  1.44671946e-02  2.33625596e-01  1.41648202e-04  2.52257200e-03 -5.05883272e-02 -1.58672123e-04 -1.19973282e-01  2.59903708e-02  9.37812178e-05  1.00650178e-01 -1.39761445e-01 -3.94872020e-05 -1.10792295e-01  5.92923735e-02 -3.26444256e-04 -2.07358726e-02  5.57616195e-02 -2.08142673e-04  2.19142470e-02 -1.15438058e-01 -5.90104649e-05  1.28139293e-01  4.77312415e-02 -1.36569241e-04  8.55058298e-02  3.09712721e-02  1.32764814e-04 -3.02089455e-02 -1.44374833e-01  1.51459202e-04  7.91554452e-02  1.98411806e-02  1.87836207e-04 -1.51837970e-02  2.55743724e-02  1.16249794e-04  5.82688956e-03  1.97129289e-02 -1.64039605e-04  2.02037601e-02 -5.84831983e-02 -1.24874693e-04  1.30307470e-02  1.74687712e-02 -3.38457616e-04  5.82853002e-03  1.97120386e-02 -1.93051487e-04  2.02061783e-02 -5.84844583e-02 -1.54736496e-04  1.30308950e-02  1.74678177e-02 -3.98140428e-04  2.39269668e-02 -2.42594155e-02 -3.44434470e-04 -2.70373108e-03  7.26958633e-02  2.19099327e-04 -3.51539959e-02 -3.74905726e-02  2.33570569e-04  2.66968778e-02  3.02233238e-02  4.70565503e-04  4.97468820e-03 -3.29754125e-02  4.46952656e-04 -2.70410992e-03  7.26975611e-02  2.27623046e-04 -3.51515867e-02 -3.74901188e-02  2.57490298e-04  2.66958302e-02  3.02244821e-02  5.23754042e-04  4.97551926e-03 -3.29750558e-02  4.88523558e-04  2.39270202e-02 -2.42601227e-02 -2.94115897e-04]
Atoms: 57  Mode #: 68 Freq: 752.227379387747 cm-1,Mass weighted displacment dq is: 
 [ 1.58157921e-04  2.85299774e-04  6.28622933e-06 -1.17586688e-03  5.41892543e-04  2.39589434e-03  1.03080559e-03 -7.87619973e-04 -2.41768116e-03 -4.32675455e-04 -1.00479870e-03 -8.98125017e-02  3.04962066e-04  8.36215683e-04  8.97736345e-02 -4.14339299e-04 -9.99594595e-04 -8.98237577e-02  3.09557860e-04  8.18706291e-04  8.97785607e-02  1.01840265e-03 -7.91019088e-04 -2.43146756e-03 -1.17176599e-03  5.29678900e-04  2.39330095e-03 -7.19992355e-04 -3.38274643e-04  1.12345321e-01 -5.17212812e-05  4.02890237e-04 -1.27275116e-01  4.23574006e-04 -7.55283959e-04  1.35636713e-01  2.64592013e-04  1.40496897e-04 -1.23062991e-01 -7.38817003e-05 -6.40091651e-04  1.23069481e-01  5.80711748e-04  1.28841830e-04 -1.35583471e-01 -4.19865646e-04  6.39987879e-04  7.48299414e-02  6.55427238e-04  1.39700125e-05  7.34236353e-02 -1.20616238e-04  2.23901369e-04  9.40543888e-02  5.40361662e-05 -3.64453215e-04 -7.48502348e-02 -2.72243106e-04 -3.71684224e-04 -7.34250907e-02  7.16309251e-04  1.21331092e-04 -9.40344818e-02  5.60431602e-06  7.84886435e-05  9.82265261e-02 -1.11287175e-03  1.18567801e-04  1.27347980e-01  2.29045846e-04  1.58710401e-04 -1.12399158e-01  2.44218759e-04  1.71132722e-04 -1.12367520e-01 -1.11338544e-03  1.29381792e-04  1.27335811e-01 -1.46239904e-04  4.95750624e-04 -9.82491974e-02  5.72264442e-04  1.49238730e-04 -1.35581452e-01 -7.82233450e-05 -6.50468386e-04  1.23062121e-01 -4.14882940e-05  4.03686194e-04 -1.27285260e-01 -7.08472479e-04 -3.53548217e-04  1.12348390e-01  2.54556609e-04  1.45293348e-04 -1.23029899e-01  4.44174085e-04 -7.47033056e-04  1.35599326e-01 -4.11888338e-04  6.27592427e-04  7.48350204e-02  6.50174455e-04  1.53267465e-05  7.34139240e-02 -1.26278525e-04  2.24565142e-04  9.40490615e-02 -1.46077299e-05  7.28068735e-05  9.82391895e-02  4.26621098e-05 -3.72043644e-04 -7.48472496e-02 -2.71488703e-04 -3.67335132e-04 -7.34220635e-02  7.18080704e-04  1.27067355e-04 -9.40364874e-02 -1.52202531e-04  5.16160487e-04 -9.82435035e-02 -3.91779782e-04  1.30061447e-04  1.28950142e-01  8.21168091e-05 -1.79797366e-04  1.35065009e-01 -2.72372404e-04  2.72942086e-04  2.41872872e-01 -3.92899623e-04  1.47316449e-04  1.28944347e-01  7.57384764e-05 -1.64544204e-04  1.35071082e-01 -2.76179339e-04  2.98510288e-04  2.41881362e-01  7.51683684e-06  1.36649020e-04  2.38132697e-01  2.52576076e-05  1.20584314e-04 -1.28967696e-01  3.64321886e-04 -4.21388798e-05 -1.35031361e-01  1.53197748e-04 -4.76158102e-05 -2.41858745e-01  3.56548891e-04 -1.31078592e-04 -2.38121298e-01  4.31631653e-05  1.21722419e-04 -1.28952328e-01  3.79631906e-04 -3.58212398e-05 -1.35045809e-01  1.79719125e-04 -4.34951576e-05 -2.41861180e-01  3.84064455e-04 -1.23783529e-04 -2.38125544e-01  1.50636064e-05  1.09505624e-04  2.38129227e-01]
Atoms: 57  Mode #: 69 Freq: 760.65370247535 cm-1,Mass weighted displacment dq is: 
 [ 1.79728447e-06  9.58243379e-06  3.64524435e-06  3.41591294e-05  5.41663623e-05  4.21546901e-03  1.03094343e-04 -2.61626943e-05 -6.33833829e-02  1.50335415e-04  6.96690029e-05 -1.11945553e-01 -1.74418205e-04  1.41718024e-04  7.91489084e-02 -2.08553330e-04 -1.15730535e-04  1.11917290e-01  2.15323172e-04 -1.26327816e-04 -7.91902956e-02 -8.30237695e-05 -1.64689499e-05  6.33792571e-02 -4.25637350e-05 -2.93886195e-05 -4.25850850e-03 -2.54282787e-05 -9.45967812e-05 -8.23856940e-02 -1.08184757e-04  4.03435777e-05 -5.06580131e-02  9.57648904e-05 -1.89059836e-04 -1.42122871e-01  1.23540599e-05  7.42582304e-05  4.81200037e-02 -9.93121860e-05  8.56649605e-05  2.40465541e-01  1.39030814e-04 -1.34875709e-04 -1.70046405e-01  5.63501231e-05 -8.23234685e-05  4.99540573e-02 -2.47773118e-04  1.33555933e-04  9.10319790e-02 -6.59606554e-05 -1.63105472e-05  1.25219360e-01  2.47168646e-04  6.67514993e-05 -8.58642132e-02 -6.45605092e-05 -1.08498950e-04 -4.01067814e-03  7.77507900e-05  5.12891501e-05  9.14811624e-04 -3.83798544e-05  9.19613128e-05  7.14526931e-02 -1.10776869e-04  1.84093949e-04  1.77574966e-01  8.26737301e-05 -8.14759225e-05 -1.92115329e-01 -8.49482538e-05  6.14786960e-05  1.92115008e-01  7.11578655e-05 -2.01313705e-04 -1.77542615e-01  7.74131013e-05 -7.53954276e-05 -1.28878930e-01 -9.67078395e-05  1.28129133e-04  1.70161285e-01  8.70077000e-05 -8.26319579e-05 -2.40589741e-01  1.08711209e-04 -5.13183335e-05  5.06363342e-02  3.62201315e-06  8.73713743e-05  8.24685534e-02  3.50649070e-06 -5.60750519e-05 -4.81603036e-02 -7.22872681e-05  1.73131956e-04  1.42158451e-01 -8.14370585e-05  1.26762486e-04 -4.99373570e-02  3.06848237e-04 -1.44192747e-04 -9.10267305e-02  6.87913569e-05  4.24591027e-05 -1.25212998e-01  4.84872086e-05 -9.08597383e-05 -7.14330877e-02 -2.69589199e-04 -9.78018020e-05  8.58946455e-02  5.76817370e-05  1.36666370e-04  3.99662398e-03 -6.70059112e-05 -4.59180261e-05 -9.40441565e-04 -7.76594378e-05  7.83204327e-05  1.28931108e-01 -4.11090202e-05 -5.51927286e-05 -1.32924810e-02  1.10144146e-04 -2.50660544e-05 -1.57121071e-01  8.01268979e-05 -1.17935095e-04 -1.59175785e-01  2.14056420e-05  5.60590036e-05  1.33178448e-02 -1.14983575e-04  4.82433846e-05  1.57060092e-01 -9.23162743e-05  1.38143630e-04  1.59146220e-01 -9.56253383e-05  6.73863556e-05  1.60002317e-01  1.71495632e-04 -1.37254903e-04 -1.61829324e-01  1.97466417e-05 -9.10915795e-05 -1.04437055e-01  2.35729561e-04 -1.98947251e-04 -2.52023296e-01  1.73880462e-04 -2.16713413e-04 -2.41053098e-01 -1.99207258e-04  1.40659012e-04  1.61816455e-01 -1.10695494e-05  9.26205639e-05  1.04414471e-01 -2.71293720e-04  2.01089828e-04  2.51992040e-01 -1.91807588e-04  2.17259300e-04  2.41019276e-01  9.41032100e-05 -4.27781542e-05 -1.60031094e-01]
Atoms: 57  Mode #: 70 Freq: 760.6555279468753 cm-1,Mass weighted displacment dq is: 
 [-9.59807844e-06  1.92455246e-06 -3.78241284e-08  7.72206423e-06 -1.93488439e-05  6.33920929e-02 -5.83788271e-05 -1.03755276e-04  4.29076005e-03  7.94552652e-05 -9.42705259e-05 -7.91907029e-02  1.69464255e-04 -1.76752543e-04 -1.11967751e-01 -9.76035116e-05  1.35045932e-04  7.91827962e-02 -1.23061524e-04  1.18396010e-04  1.11962956e-01  3.23066103e-05  9.22760024e-05 -4.23149834e-03  3.74633798e-05  4.11415876e-05 -6.34612683e-02  2.72283455e-04 -1.16132770e-04 -1.92092070e-01  3.36393257e-05  3.03100574e-05  1.77557939e-01  1.64287721e-04 -3.08530167e-05 -1.70120496e-01 -2.70359384e-04  1.69628727e-04  2.40533932e-01 -4.20021012e-05  5.03752558e-05 -4.82035053e-02 -1.72865540e-04  1.63272632e-04  1.42228147e-01 -1.29650342e-05  1.02769287e-04  8.58481800e-02  5.12181525e-05 -2.72725784e-05  4.05379480e-03 -7.16882652e-06  1.24879004e-04 -8.36010206e-04 -1.82529262e-04 -7.98984465e-05  4.99612555e-02 -1.94794041e-05  6.35389490e-05  9.10312840e-02 -1.48561994e-04  2.27810595e-05  1.25211942e-01 -2.26813234e-04  6.33399971e-05  1.28828101e-01 -5.55118131e-05  6.03926428e-05  5.08304118e-02 -5.58434379e-06  2.51647837e-05  8.21864234e-02  1.44295345e-05 -4.83927883e-05 -8.24280620e-02  6.51071548e-05 -6.05121263e-05 -5.06585308e-02 -5.78101090e-05  6.33219405e-05  7.14761095e-02  1.90349106e-04 -1.38624463e-04 -1.42160107e-01  2.42286981e-05 -3.43803508e-05  4.81388816e-02 -1.74700748e-05 -7.16419717e-05 -1.77618281e-01 -2.52741555e-04  1.14377670e-04  1.92154685e-01  2.68249964e-04 -1.81193765e-04 -2.40323242e-01 -1.58371442e-04  7.36263090e-05  1.69972827e-01  4.40233931e-05 -1.23978647e-04 -8.58799606e-02 -7.73055611e-05  1.91975240e-05 -3.99831151e-03  1.21349895e-06 -1.11971261e-04  9.27266276e-04  2.23073716e-04 -6.41987191e-05 -1.28903106e-01  1.38048796e-04  5.52558655e-05 -4.99496079e-02  2.99600761e-05 -4.26195405e-06 -9.10444219e-02  1.22411681e-04 -2.03155479e-05 -1.25234423e-01  5.72836225e-05 -5.37296342e-05 -7.14549324e-02 -1.14306062e-04  1.22861437e-04  1.61836826e-01 -8.31500570e-05  6.10922813e-05  1.04438102e-01 -1.69761209e-04  1.47738405e-04  2.52054748e-01  1.10716256e-04 -1.49928342e-04 -1.61802407e-01  8.12250593e-05 -5.18265449e-05 -1.04460667e-01  1.67455181e-04 -1.82589078e-04 -2.52054001e-01  1.63126866e-04 -1.35235645e-04 -2.41068556e-01  1.34774775e-05 -2.42751219e-05 -1.34334275e-02  1.73617071e-04 -8.23636625e-05 -1.56995000e-01  1.20951119e-04 -1.52803021e-04 -1.59165143e-01  1.70460148e-04 -8.57000428e-05 -1.60052648e-01 -1.47172373e-05  4.13679414e-06  1.33099853e-02 -1.96373146e-04  7.78371792e-05  1.57086462e-01 -1.42247838e-04  1.40415707e-04  1.59143546e-01 -1.95157062e-04  8.47226202e-05  1.60017914e-01 -1.63817856e-04  1.18098559e-04  2.41073486e-01]
Atoms: 57  Mode #: 71 Freq: 765.7496629032256 cm-1,Mass weighted displacment dq is: 
 [-1.88034958e-06 -1.31314568e-06  3.48308544e-05  1.14586809e-05 -2.65739306e-05 -1.02170346e-01  1.10650146e-05  3.01195187e-05  1.00838089e-01  4.63974732e-06  1.31761232e-05 -1.37587196e-03  1.98755451e-05  1.91924587e-05  2.45793797e-03  6.48781825e-06  1.65017548e-05 -2.79656093e-03  2.17602494e-05  1.96836330e-05  1.18334628e-03  3.80274459e-06  2.86950502e-05  1.00837694e-01  1.05488706e-05 -3.31556772e-05 -9.98690709e-02 -2.33872363e-04  1.31926376e-04  2.51611225e-01  1.71597427e-04 -8.99128455e-05 -1.83174169e-01  2.18259600e-04 -1.25289160e-04 -1.76939728e-01 -2.12369536e-04  1.93076912e-04  2.47215570e-01  1.71202533e-04 -2.02802754e-04 -2.45870385e-01 -1.21189122e-04  1.26455569e-04  1.75959601e-01  4.90040107e-05 -4.74974964e-05 -4.63403609e-02 -7.46407416e-05  3.83676327e-05  4.97053594e-02 -8.71972398e-05  5.90861516e-05  9.43877305e-02 -6.49335393e-05 -3.32278836e-05  4.64852706e-02  2.83034942e-05 -2.99749336e-05 -5.04491956e-02  1.32800972e-04 -6.19917531e-05 -9.57282107e-02  6.85138024e-05 -7.73128411e-05 -9.08134793e-02 -1.89938750e-04  1.52404420e-04  1.80636255e-01  1.88273030e-04 -1.59302273e-04 -2.48702444e-01  2.18503672e-04 -1.54204278e-04 -2.53443114e-01 -2.08127831e-04  1.46687501e-04  1.85001579e-01 -8.45501583e-05  1.08794035e-04  9.12309698e-02 -1.20733749e-04  1.14989875e-04  1.79824031e-01  1.71848984e-04 -1.83846281e-04 -2.49886021e-01  1.62696985e-04 -7.52912310e-05 -1.84068698e-01 -2.26839600e-04  1.06787773e-04  2.54290466e-01 -1.89481774e-04  1.93818623e-04  2.44241654e-01  2.02631430e-04 -1.30523006e-04 -1.76012467e-01  5.37689207e-05 -4.56786452e-05 -4.66641371e-02 -7.96889704e-05  3.47981014e-05  5.08705447e-02 -1.01187401e-04  5.78288176e-05  9.65272799e-02  7.64277212e-05 -7.84768552e-05 -9.16549103e-02 -6.12688071e-05 -3.49995169e-05  4.73871771e-02  2.45373836e-05 -3.02842514e-05 -5.07972784e-02  1.30640458e-04 -5.09462699e-05 -9.65688167e-02 -8.58132426e-05  1.01300157e-04  9.30109647e-02 -1.22118530e-04  6.03013043e-05  1.22464282e-01  1.05033714e-04 -7.19351275e-05 -1.16629820e-01 -1.83173444e-05  2.06544369e-06 -1.27612635e-03 -1.24663748e-04  7.05042551e-05  1.21345407e-01  1.07115532e-04 -8.05641123e-05 -1.14420492e-01 -2.02655574e-05  6.71629357e-07 -5.46561275e-05  8.94902865e-06  5.79368220e-06  1.13345983e-02  1.02464895e-04 -9.67261790e-05 -1.19666932e-01 -1.11308650e-04  7.52929278e-05  1.13892807e-01 -4.62597852e-06 -2.59021328e-06  1.11509455e-03  4.58650934e-06 -1.14820268e-05 -1.01685902e-02  1.16204064e-04 -9.66880015e-05 -1.22364942e-01 -1.23706521e-04  7.19214242e-05  1.14964778e-01 -5.47665471e-06 -3.55203359e-06 -3.65031798e-04  7.42205427e-06 -1.25115018e-05 -1.18350775e-02  9.93502819e-06  3.31071402e-06  1.03509962e-02]
Atoms: 57  Mode #: 72 Freq: 765.963825524078 cm-1,Mass weighted displacment dq is: 
 [ 2.98182442e-06  1.11197580e-06 -3.27039756e-07  5.92555287e-05 -5.06537970e-05 -1.15853165e-01 -6.13212056e-05  8.40123967e-05  7.42878238e-02 -1.30350464e-04 -1.16286516e-05  1.10381161e-01  2.73561977e-05  5.92259567e-06  1.75779671e-02  1.43221278e-04 -6.04560228e-06 -1.10345273e-01 -4.06063631e-05  8.98595464e-06 -1.75941625e-02  8.49122334e-05 -7.79441032e-05 -7.56608489e-02 -8.54386112e-05  5.87892059e-05  1.17242183e-01  2.25173593e-04 -1.70533413e-04 -3.04094517e-01 -1.48178819e-04  1.20047681e-04  1.95223253e-01 -4.02110390e-05  7.37337938e-05  7.40234793e-02 -1.70524290e-05  8.70234296e-06  2.56344957e-02 -2.46899586e-04  1.80375995e-04  3.13119869e-01  2.18688766e-04 -1.61352949e-04 -2.31505013e-01 -6.19321637e-05  5.21472326e-05 -9.13452948e-03  1.20705333e-04 -4.53283902e-05 -4.65242616e-02  6.07290967e-05 -5.34461235e-05 -8.05172001e-02  1.41417772e-05 -4.85365322e-05 -5.87235593e-02 -6.02546716e-05  8.45149171e-05  5.85994709e-02 -1.00575726e-04  8.57740360e-05  1.18183427e-01  4.80418157e-05 -2.37695502e-06 -9.49542261e-03  1.37942908e-04 -1.69571930e-04 -1.90307794e-01 -1.11493777e-04  1.08069283e-04  1.54959018e-01  1.19596671e-04 -8.44804609e-05 -1.50389126e-01 -1.54220758e-04  1.64798206e-04  1.87180521e-01  8.36942940e-05 -6.60904024e-05 -1.22541247e-01 -2.19333200e-04  1.40942052e-04  2.29675161e-01  2.43764387e-04 -1.60581983e-04 -3.10829041e-01  1.34760105e-04 -8.37058123e-05 -1.93335457e-01 -2.19569577e-04  1.28524727e-04  3.01751726e-01  8.26803560e-06 -1.25237455e-05 -3.01100983e-02  4.34262755e-05 -9.39793134e-05 -7.10034233e-02  5.27322075e-05 -4.56846648e-05  9.97959639e-03 -1.17475963e-04  4.85068393e-05  4.56097892e-02 -6.47850050e-05  4.04251068e-05  7.87596678e-02 -4.12889147e-05  5.94640084e-06  1.11767731e-02  1.77268435e-06  4.74575449e-05  5.82950076e-02  4.96187687e-05 -1.03184092e-04 -5.81330458e-02  1.09161297e-04 -6.67531641e-05 -1.17309779e-01 -8.63919379e-05  5.97120608e-05  1.21706016e-01 -9.22764321e-05  8.21230466e-05  1.50949821e-01  1.28529757e-04 -1.05885056e-04 -1.52030618e-01  1.76270459e-05 -7.77843692e-06 -1.29914085e-02  9.78842731e-05 -9.42745855e-05 -1.52075042e-01 -1.30610164e-04  1.11325307e-04  1.53087148e-01 -1.58740589e-05  1.44290653e-05  1.29939091e-02  2.69638944e-07  1.16559128e-05 -5.61240189e-03 -9.88581193e-05  9.89617169e-05  9.86797798e-02  1.70573310e-05  7.06757454e-06  1.00577548e-02 -9.02164947e-05  9.94633791e-05  1.06217903e-01 -8.30696519e-05  8.55238872e-05  1.08163653e-01  1.07850327e-04 -8.64790142e-05 -9.64528292e-02 -1.35396617e-05 -9.70000346e-06 -1.21624102e-02  1.03854143e-04 -9.29874601e-05 -1.06230505e-01  9.66724987e-05 -8.51190153e-05 -1.07959380e-01  3.72574217e-06 -1.57548728e-05  5.51072355e-03]
Atoms: 57  Mode #: 73 Freq: 765.9672188284251 cm-1,Mass weighted displacment dq is: 
 [-1.14345524e-06  2.81883894e-06 -3.59976357e-05  4.15748008e-05 -1.80255542e-05 -7.44138832e-02  8.69484818e-05 -2.79192003e-05 -1.16897373e-01 -5.26595529e-05 -1.02830804e-04 -1.74913290e-02 -3.23329260e-05  6.86363314e-05  1.10466663e-01  3.87261457e-05  9.03780343e-05  1.77774990e-02  5.00545751e-05 -5.54756637e-05 -1.10200558e-01 -9.30586135e-05  2.29563191e-06  1.16206916e-01 -5.05342924e-05  4.13677597e-05  7.54769788e-02 -1.92008844e-04  1.10458488e-04  1.49717400e-01  1.13821532e-04 -1.23139033e-04 -1.87035715e-01  2.27699233e-04 -1.18845886e-04 -2.31070845e-01 -2.40421857e-04  2.30247257e-04  3.12897487e-01  1.77646911e-05 -6.46042158e-05 -2.48433480e-02  1.37381954e-04 -7.61418820e-05 -7.44369499e-02 -1.11230140e-04  9.01149741e-05  5.83806976e-02  1.28227329e-04 -1.80307957e-05 -5.82378386e-02  1.10984455e-04 -1.19590850e-04 -1.17471141e-01 -1.30232302e-05 -2.77387068e-05 -1.01502781e-02  1.92567163e-05  6.39894600e-05 -4.54827127e-02  8.75933464e-05 -2.77827069e-05 -7.84980764e-02 -2.85099552e-05  1.34046528e-04  1.21810235e-01  1.26390005e-04 -1.73712752e-04 -1.94148397e-01 -2.45219093e-04  2.36809410e-04  3.02226034e-01  2.87370358e-04 -2.33623485e-04 -3.03602553e-01 -1.61852383e-04  1.62432369e-04  1.94290538e-01  6.48502929e-06  1.81907335e-05 -1.15140163e-02 -1.11938080e-04  7.98669870e-05  7.05223395e-02 -2.20525022e-05  5.50537403e-05  3.08640428e-02 -1.13587932e-04  1.06749502e-04  1.90348298e-01  1.75652590e-04 -1.02227948e-04 -1.55492099e-01  2.20014874e-04 -2.30955389e-04 -3.11229523e-01 -2.06943465e-04  1.16538034e-04  2.30262881e-01  1.13060506e-04 -7.55004263e-05 -5.87266961e-02 -1.10772332e-04  7.93067263e-06  5.84810381e-02 -1.30407406e-04  1.28870037e-04  1.17995634e-01  3.53986571e-05 -1.38049233e-04 -1.22542181e-01  8.24563940e-06  1.85721748e-05  8.96865251e-03 -2.42512396e-05 -6.12773826e-05  4.65975863e-02 -7.70955392e-05  2.39246049e-05  8.06976343e-02 -7.35199109e-06 -1.09502045e-05  9.15426605e-03  9.68331394e-05 -5.84120761e-05 -9.89123989e-02  9.75514336e-06 -2.93081175e-05 -9.63824657e-03  9.15255295e-05 -5.38551565e-05 -1.06006865e-01 -1.05743171e-04  6.76163530e-05  9.61227802e-02 -1.08358259e-05  3.23289057e-05  1.25629233e-02 -9.81943183e-05  6.74939584e-05  1.06339594e-01 -7.31807610e-05  8.00113176e-05  1.08029846e-01 -1.34186942e-04  1.49583675e-04  1.51148225e-01  1.50784300e-04 -1.08008985e-04 -1.52172677e-01  2.33980642e-05  2.06030708e-05 -1.29247992e-02 -1.66361774e-06 -4.15110786e-06  5.55506027e-03  1.46756298e-04 -1.45654855e-04 -1.51822629e-01 -1.57349218e-04  1.07118657e-04  1.53054662e-01 -3.02218466e-05 -1.89707458e-05  1.32078968e-02  5.31529060e-06  8.10808186e-06 -5.37910859e-03  7.30757599e-05 -6.64513231e-05 -1.08002803e-01]
Atoms: 57  Mode #: 74 Freq: 766.2726533545172 cm-1,Mass weighted displacment dq is: 
 [ 3.76917126e-06  6.86475715e-06  5.44437722e-03  5.54289789e-05 -3.45887654e-05 -1.39184647e-02 -3.45503970e-05  6.12861413e-05 -1.53639244e-02  2.95261020e-05 -2.92900103e-05 -2.11824772e-02 -2.32117744e-05 -2.29148322e-05 -2.01404078e-02  1.80333035e-05 -4.16505797e-05 -2.04936132e-02 -9.90312175e-06 -3.47347169e-05 -2.15409904e-02 -4.00735225e-05  5.66430657e-05 -1.34665630e-02  4.95833176e-05 -3.04542305e-05 -1.33799267e-02 -1.61507271e-04  1.72688768e-04  2.56890867e-01  1.00003036e-04 -8.78707743e-05 -1.23649253e-01 -1.90900555e-04  1.06077134e-04  1.69598259e-01  2.29004984e-04 -2.15043705e-04 -2.76176687e-01  2.09569708e-04 -1.23634456e-04 -2.77280956e-01 -1.83657710e-04  9.66922690e-05  1.69992189e-01 -4.63386627e-05  3.61688749e-05  5.59620388e-02  3.44271506e-05 -2.18305691e-05 -4.86226748e-02  9.57692442e-05 -7.61139886e-05 -9.85889695e-02 -3.32342429e-05  5.63725075e-05  5.52233064e-02  7.08778656e-05 -4.00239137e-05 -4.83447011e-02  3.48242836e-05 -7.94269750e-05 -9.79667474e-02 -7.93487841e-05  1.04949488e-04  1.13263873e-01  1.45175799e-04 -9.25805197e-05 -1.24323727e-01 -2.18646102e-04  1.85642024e-04  2.58959846e-01 -2.35642105e-04  1.77974080e-04  2.55320258e-01  1.47508553e-04 -9.32660863e-05 -1.22386101e-01 -6.30557716e-05  2.87787179e-05  1.11876923e-01 -1.75788728e-04  7.47789741e-05  1.69964064e-01  1.97367413e-04 -1.01720221e-04 -2.75534177e-01  9.96933240e-05 -8.21430808e-05 -1.20307245e-01 -1.54174144e-04  1.51159014e-04  2.53561100e-01  2.11690422e-04 -2.28846353e-04 -2.80452327e-01 -1.71137902e-04  1.17228741e-04  1.73092132e-01 -6.23994779e-05  4.68816837e-05  5.50937419e-02  5.96101199e-05 -1.68714798e-05 -4.79879970e-02  1.06050792e-04 -7.37368945e-05 -9.72475821e-02 -8.24391803e-05  1.04778541e-04  1.11501469e-01 -4.44658339e-05  3.94139443e-05  5.50839431e-02  6.56555321e-05 -1.47400484e-05 -4.74951610e-02  3.29623510e-05 -6.74055126e-05 -9.64118792e-02 -6.42429187e-05  2.44680058e-05  1.11461735e-01 -6.78229565e-05  5.52067749e-05  1.22544072e-01  1.02844462e-04 -6.20240011e-05 -1.37602287e-01  2.34559027e-05 -2.76876040e-05 -2.48034282e-02 -6.53597648e-05  7.00265636e-05  1.24485236e-01  1.09837064e-04 -8.29550656e-05 -1.38152795e-01  2.85657263e-05 -3.01249308e-05 -2.35001903e-02 -4.29243407e-06 -1.21360280e-05 -8.44826339e-03 -1.02663779e-04  9.74866259e-05  1.25300061e-01  1.15946868e-04 -1.00859643e-04 -1.39861231e-01  3.26154792e-05 -2.06808085e-05 -2.44736208e-02  6.38746359e-06 -7.94412236e-06 -9.28637213e-03 -1.15101853e-04  1.00260207e-04  1.23563496e-01  1.35501123e-04 -9.24366151e-05 -1.37666830e-01  3.53151357e-05 -1.41501237e-05 -2.38605003e-02  1.03493555e-05 -7.62179400e-06 -8.92050770e-03 -3.07679011e-06 -8.81268473e-06 -9.86263021e-03]
Atoms: 57  Mode #: 75 Freq: 769.2677173960153 cm-1,Mass weighted displacment dq is: 
 [-4.93475894e-05 -2.91060305e-05  4.73817101e-02  6.87487255e-05 -9.56179576e-05 -1.25863389e-01  1.75314860e-04  4.29315512e-05 -1.25852915e-01  3.03292985e-04  3.85498436e-05 -1.85517772e-01  7.70434918e-05 -1.73414056e-04 -1.85579248e-01  3.31184291e-04  6.98597460e-05 -1.85616695e-01  3.95755367e-05 -1.42747303e-04 -1.85570922e-01  1.77825440e-04  5.08303009e-05 -1.25920960e-01  6.66352789e-05 -1.01602951e-04 -1.25802632e-01  1.79365973e-04 -1.04213593e-04 -1.29804019e-01 -6.74226367e-05  1.49618526e-04  2.32267534e-01 -1.12423976e-04  2.37895039e-04  2.00256774e-01  3.92125735e-05 -1.12003943e-04 -7.23818816e-02  1.72142375e-05 -2.42560904e-05 -7.21665324e-02 -2.97302150e-04  1.35208051e-04  2.00052682e-01  1.05598289e-04 -1.49801900e-04  3.49147664e-02 -3.10290894e-04  9.17766422e-05  4.63053738e-02 -3.60433278e-05 -2.75531668e-05  8.16803274e-02 -5.29737873e-05 -4.37221655e-05  3.49000713e-02 -3.83108117e-05 -3.62776082e-05  4.63716698e-02 -3.12706260e-05  1.08770039e-05  8.17984900e-02 -6.88866336e-05  6.88798081e-05  6.08754541e-02 -9.80863701e-05  2.53588649e-04  2.32031687e-01  8.03093054e-06 -5.04584191e-05 -1.29538403e-01  1.04412121e-05 -3.38465832e-05 -1.29608986e-01 -1.00131042e-04  2.59781841e-04  2.32155334e-01 -8.27333786e-05  7.99040994e-05  6.08302213e-02 -3.05725237e-04  1.20815044e-04  2.00149985e-01  2.78011170e-05 -2.96725179e-05 -7.22906632e-02 -7.51329932e-05  1.46491551e-04  2.32150105e-01  1.63721663e-04 -1.04130688e-04 -1.29663388e-01  4.47560073e-05 -1.03258481e-04 -7.23381211e-02 -9.51889905e-05  2.29857417e-04  2.00138758e-01  1.17148985e-04 -1.76767192e-04  3.49342567e-02 -3.38238593e-04  1.02935192e-04  4.63336169e-02 -3.80151473e-05 -5.12192029e-05  8.17288643e-02 -6.83732951e-05  7.26088811e-05  6.09124624e-02 -2.12919938e-05 -2.88292693e-05  3.49176289e-02 -4.97168585e-05 -7.03535933e-05  4.63457665e-02 -6.77326555e-06  9.41979319e-06  8.17412298e-02 -8.66204275e-05  8.01808856e-05  6.08760146e-02  7.91627700e-05 -6.73341673e-05 -9.31650967e-02  6.30063604e-05 -6.98477002e-05 -6.64082920e-02  1.10075418e-04 -8.15200751e-05 -1.68804638e-01  7.68630550e-05 -8.41642920e-05 -9.32388512e-02  6.15936261e-05 -6.37822767e-05 -6.63452189e-02  1.12334305e-04 -1.05296750e-04 -1.68813472e-01  1.34408485e-04 -1.21435312e-04 -1.66880431e-01  1.18573331e-04 -1.19860946e-04 -9.30922192e-02 -4.68628255e-05 -7.44150520e-05 -6.64036296e-02  1.68914181e-04 -1.68526077e-04 -1.68719605e-01  9.98170324e-05 -1.55526365e-04 -1.66782619e-01  1.34846056e-04 -1.20408178e-04 -9.31440890e-02 -5.04388272e-05 -7.53810088e-05 -6.64492088e-02  1.92756172e-04 -1.64981429e-04 -1.68821335e-01  1.11293421e-04 -1.57590223e-04 -1.66881065e-01  1.36716350e-04 -1.11967741e-04 -1.66860434e-01]
Atoms: 57  Mode #: 76 Freq: 779.7347452220306 cm-1,Mass weighted displacment dq is: 
 [-5.20982629e-07  8.24216896e-07 -3.63419378e-06 -3.51183504e-03  1.45383631e-02  2.48832488e-05 -1.45382353e-02 -3.51232873e-03 -2.02862416e-05 -1.22125417e-01 -2.25814442e-01 -2.26214403e-06  2.25819804e-01 -1.22129026e-01  2.98993855e-04  1.22122848e-01  2.25814048e-01  2.76593893e-05 -2.25812895e-01  1.22125588e-01 -2.73799347e-04  1.45409571e-02  3.51627291e-03  2.87086217e-05  3.50912754e-03 -1.45433821e-02 -1.63213537e-05 -1.42704917e-02  6.58673496e-02 -7.47118972e-06  9.72401767e-02 -7.78501210e-02  6.02193991e-05  4.11945668e-02  1.20900940e-01 -2.13125635e-05  3.01701346e-02 -6.27056983e-02 -8.16445627e-05 -6.27048845e-02 -3.01735874e-02  6.01875645e-05  1.20902667e-01 -4.11967017e-02  5.15876108e-05 -1.45185477e-01  1.94280115e-01 -3.17769788e-04  2.41999358e-01 -1.33510783e-02  3.36472776e-04 -1.55260121e-02  4.00128340e-02  8.80608823e-05 -1.94282291e-01 -1.45183217e-01 -1.08364240e-04  1.33506370e-02  2.42000679e-01 -1.94430225e-04 -4.00169888e-02 -1.55255715e-02 -1.02217272e-04  4.66222560e-02  9.61764695e-03  5.62616546e-05 -7.78501260e-02 -9.72365126e-02  1.86486857e-04  6.58675265e-02  1.42740763e-02 -2.17675069e-04 -6.58681196e-02 -1.42712364e-02  2.49914060e-04  7.78492382e-02  9.72347233e-02 -2.07802246e-04 -9.61822508e-03  4.66199780e-02 -8.77189144e-05 -1.20898664e-01  4.11923356e-02 -4.98197705e-05  6.27057197e-02  3.01699919e-02 -6.81012622e-05 -9.72354578e-02  7.78498124e-02 -8.10141631e-05  1.42719821e-02 -6.58671927e-02  3.85265493e-05 -3.01728041e-02  6.27068237e-02  7.33355205e-05 -4.11932039e-02 -1.20900689e-01  2.34118029e-05  1.45178593e-01 -1.94278934e-01  3.26086868e-04 -2.41997664e-01  1.33542323e-02 -3.75392236e-04  1.55260726e-02 -4.00194571e-02 -1.11216296e-04 -4.66148832e-02 -9.61434083e-03 -6.34352987e-05  1.94278005e-01  1.45181241e-01  1.16556477e-04 -1.33511901e-02 -2.41995645e-01  1.56568838e-04  4.00139745e-02  1.55257327e-02  7.99652896e-05  9.61670459e-03 -4.66185878e-02  8.05459250e-05  8.23326137e-02  3.00656030e-02 -1.97174219e-05  2.19298664e-02 -8.65114090e-02 -4.92285965e-05  4.95335899e-02  1.44032403e-02 -8.87707239e-05 -8.23356487e-02 -3.00651832e-02  4.55283406e-05 -2.19327891e-02  8.65149298e-02  4.71096701e-05 -4.95342551e-02 -1.44028680e-02  1.15073101e-04 -1.37431550e-02  4.98450597e-02  1.47433992e-04 -3.00667590e-02  8.23330229e-02 -1.86479760e-04  8.65116869e-02  2.19282364e-02 -2.03847524e-05 -1.44029713e-02  4.95351163e-02 -2.51950842e-04  4.98445209e-02  1.37417215e-02 -1.40737287e-04  3.00652101e-02 -8.23315493e-02  2.13343454e-04 -8.65125547e-02 -2.19295291e-02  1.80850493e-05  1.44041098e-02 -4.95327721e-02  2.79037979e-04 -4.98445488e-02 -1.37435213e-02  1.69915411e-04  1.37420615e-02 -4.98445477e-02 -1.19518335e-04]
Atoms: 57  Mode #: 77 Freq: 796.0556456100655 cm-1,Mass weighted displacment dq is: 
 [-6.73558119e-02  4.32946856e-02 -8.80296647e-05 -3.98253405e-02 -1.34458317e-01  4.89607884e-05  7.81537451e-02  1.07129006e-01 -1.53559504e-05 -3.78107288e-02 -6.02201067e-03 -3.09699560e-05  2.64616448e-01 -1.36849898e-01  2.98919041e-04 -3.78150158e-02 -6.03266253e-03 -4.38925597e-05  2.64613586e-01 -1.36851408e-01  2.85899276e-04  7.81471114e-02  1.07131733e-01 -1.88702427e-05 -3.98296504e-02 -1.34460192e-01  6.11407491e-05  2.36991835e-02  8.70286443e-02 -2.80664300e-05  1.50685338e-01 -2.19129822e-02  1.38982410e-04  4.76866996e-02  2.14904492e-02  7.67472802e-05 -8.29793833e-02  2.89838993e-02 -1.50780214e-04 -5.64577180e-02 -6.39852860e-02  1.49228158e-05  1.10829047e-01 -1.22941424e-01  1.48257611e-04 -1.00824061e-01  2.10439065e-02 -9.20929827e-05 -2.50621296e-02  6.99447030e-02 -8.37147146e-05  7.87908005e-03 -1.45697655e-01  1.65265001e-04 -2.36326203e-01 -1.66076825e-01 -7.58073560e-05  1.84886697e-02  2.94183341e-01 -2.01329207e-04 -6.69039825e-02 -1.64790206e-02 -7.22576629e-05  1.35305873e-01  7.48141095e-02  3.24132129e-05 -7.95737484e-04 -7.31060725e-02  4.35585011e-05 -5.55681755e-02  5.32413219e-02 -5.26949105e-05 -5.55636669e-02  5.32421243e-02 -6.01330207e-05 -7.95303871e-04 -7.31070491e-02  5.35880980e-05 -1.20189322e-02  5.07606047e-02 -5.45786460e-05  1.10825827e-01 -1.22941259e-01  1.38325182e-04 -5.64619836e-02 -6.39866508e-02  1.18820238e-05  1.50688151e-01 -2.19127173e-02  1.38127494e-04  2.36980872e-02  8.70300707e-02 -3.50460648e-05 -8.29768102e-02  2.89829562e-02 -1.20737746e-04  4.76932196e-02  2.14972637e-02  4.73622537e-05 -1.00829181e-01  2.10519416e-02 -8.59209167e-05 -2.50481248e-02  6.99420695e-02 -7.36379289e-05  7.87798641e-03 -1.45692354e-01  1.78766350e-04  1.35305000e-01  7.48120008e-02  5.47625644e-05 -2.36330161e-01 -1.66082521e-01 -9.05504075e-05  1.84875778e-02  2.94186322e-01 -1.62459127e-04 -6.68974819e-02 -1.64797734e-02 -6.31693594e-05 -1.20186415e-02  5.07627659e-02 -4.44429105e-05 -1.04875838e-01 -3.13654278e-02 -6.05692997e-05 -3.66597170e-02  1.11240438e-01 -3.35000687e-05 -5.78231300e-02 -1.74628116e-02 -1.01718618e-05 -1.04873415e-01 -3.13644380e-02 -5.68527021e-05 -3.66602201e-02  1.11240457e-01 -3.41671135e-05 -5.78210869e-02 -1.74621184e-02  5.55315256e-06 -2.21135254e-02  6.18404245e-02  1.53444608e-06 -3.91133835e-03  5.32786901e-02 -5.51327596e-05 -2.96361297e-02 -2.16809852e-02 -4.84366959e-07  2.46432225e-02  4.45381132e-02  2.30596708e-05 -1.58781722e-02 -4.21826029e-02 -5.26475544e-05 -3.91229205e-03  5.32816620e-02 -7.95350881e-05 -2.96309443e-02 -2.16797694e-02 -2.89677096e-05  2.46413827e-02  4.45399190e-02  4.39447025e-06 -1.58747522e-02 -4.21808039e-02 -9.75156801e-05 -2.21113647e-02  6.18418910e-02 -6.74187252e-06]
Atoms: 57  Mode #: 78 Freq: 796.0561696680011 cm-1,Mass weighted displacment dq is: 
 [-4.32946065e-02 -6.73563314e-02 -7.40477927e-06 -1.07126110e-01  7.81511466e-02 -7.13459190e-05  1.34458904e-01 -3.98280185e-02  1.47645699e-04  1.36852331e-01  2.64618934e-01 -1.93081117e-05  6.02924976e-03 -3.78158466e-02  1.17144649e-04  1.36848133e-01  2.64612321e-01 -5.10659926e-06  6.02084395e-03 -3.78119237e-02  1.04562764e-04  1.34456062e-01 -3.98239057e-02  1.59968209e-04 -1.07131875e-01  7.81467428e-02 -6.82766729e-05 -5.32415100e-02 -5.55637518e-02  7.69070313e-05  7.31063515e-02 -7.95686361e-04 -4.44674914e-05  1.22940249e-01  1.10826531e-01  6.05076472e-05  6.39858085e-02 -5.64610278e-02 -8.82995884e-06 -2.89827737e-02 -8.29777993e-02  1.86162006e-04 -2.14925715e-02  4.76861214e-02 -1.95853652e-04  1.66083342e-01 -2.36328747e-01  3.92165773e-04 -2.94190497e-01  1.84890286e-02 -3.49958770e-04  1.64817671e-02 -6.69019393e-02 -2.54353372e-06 -2.10483863e-02 -1.00830016e-01 -1.05914322e-04 -6.99417441e-02 -2.50500936e-02 -1.40252775e-04  1.45692865e-01  7.87694796e-03 -4.12490681e-05 -5.07624827e-02 -1.20186007e-02 -7.66971910e-05  2.19149038e-02  1.50686078e-01 -2.11785939e-04 -8.70325318e-02  2.36983220e-02  6.13980839e-05 -8.70298425e-02  2.36956775e-02  7.01599786e-05  2.19134267e-02  1.50684537e-01 -2.11753605e-04 -7.48118637e-02  1.35306148e-01 -1.77746916e-04 -2.14976103e-02  4.76914974e-02 -1.67494175e-04 -2.89841146e-02 -8.29744138e-02  1.56841925e-04  7.31064652e-02 -7.95541120e-04 -3.47358702e-05 -5.32404483e-02 -5.55647631e-02  6.98090710e-05  6.39847632e-02 -5.64593663e-02 -1.24972375e-05  1.22942438e-01  1.10828909e-01  5.13851740e-05  1.66080054e-01 -2.36326907e-01  4.06316305e-04 -2.94185606e-01  1.84887313e-02 -3.90261750e-04  1.64814182e-02 -6.68997625e-02 -1.36492233e-05 -5.07607977e-02 -1.20180813e-02 -8.65399878e-05 -2.10461658e-02 -1.00824822e-01 -1.00126414e-04 -6.99441795e-02 -2.50584526e-02 -1.30586137e-04  1.45694442e-01  7.87765950e-03 -2.83737995e-05 -7.48130472e-02  1.35303502e-01 -1.55919645e-04 -5.32785593e-02 -3.91184358e-03  2.09634764e-04  2.16793347e-02 -2.96341375e-02  1.93612223e-04 -4.45363830e-02  2.46434821e-02  1.28357381e-04 -5.32797748e-02 -3.91325152e-03  2.33044827e-04  2.16797095e-02 -2.96312937e-02  2.21161098e-04 -4.45366495e-02  2.46441740e-02  1.46335512e-04  4.21803458e-02 -1.58762061e-02  3.92228907e-04  3.13664292e-02 -1.04874143e-01  9.13877191e-05 -1.11240964e-01 -3.66579189e-02  2.88774864e-05  1.74624558e-02 -5.78226192e-02  2.07927358e-04 -6.18414505e-02 -2.21129464e-02  6.11420895e-05  3.13648816e-02 -1.04874060e-01  9.70600449e-05 -1.11238850e-01 -3.66566967e-02  2.81156338e-05  1.74626210e-02 -5.78219468e-02  2.24858827e-04 -6.18398931e-02 -2.21121113e-02  7.25181221e-05  4.21815577e-02 -1.58776667e-02  3.49111047e-04]
Atoms: 57  Mode #: 79 Freq: 827.3527816627202 cm-1,Mass weighted displacment dq is: 
 [ 6.77236868e-07  5.57330294e-07 -1.69312698e-07  1.78876464e-01  5.80914246e-02  1.10587559e-04  5.80933357e-02 -1.78870766e-01  1.55978573e-04  1.45274743e-01  2.77523288e-01 -5.98165980e-05  2.77525665e-01 -1.45273932e-01  3.25474875e-04 -1.45277781e-01 -2.77531733e-01  4.34213060e-05 -2.77531459e-01  1.45276533e-01 -3.05314155e-04 -5.80978883e-02  1.78870628e-01 -1.65833371e-04 -1.78871260e-01 -5.80906664e-02 -9.80410202e-05  3.09335819e-02  3.67694468e-02 -8.70611545e-06  9.53557146e-02 -4.41163158e-02  1.12121035e-04 -6.32858846e-02 -9.78250605e-02 -8.58456569e-06 -4.53273438e-02  1.04666468e-02  8.48627525e-06 -1.04634292e-02 -4.53256059e-02  5.38789877e-05  9.78240214e-02 -6.32801142e-02  9.68065329e-05  9.98389671e-02 -1.50348006e-01  2.61837942e-04 -1.85397242e-01  7.58849103e-03 -2.28267182e-04  9.30191612e-03 -6.06393470e-02  4.53516562e-05 -1.50347129e-01 -9.98328605e-02 -7.70931534e-05  7.59153377e-03  1.85394670e-01 -1.19338760e-04 -6.06462520e-02 -9.30026393e-03 -8.91417935e-05 -4.56364354e-02 -1.73521580e-02 -6.73476253e-05  4.41133744e-02  9.53588893e-02 -6.73273023e-05 -3.67721363e-02  3.09328757e-02  1.50966118e-05  3.67754261e-02 -3.09343172e-02 -1.29989530e-05 -4.41135030e-02 -9.53616829e-02  5.77885000e-05 -1.73513259e-02  4.56352751e-02 -2.02419698e-05 -9.78254768e-02  6.32819064e-02 -9.88545161e-05  1.04667307e-02  4.53292451e-02 -4.67323155e-05 -9.53589448e-02  4.41155985e-02 -1.10124951e-04 -3.09316673e-02 -3.67704130e-02  1.47880837e-05  4.53269931e-02 -1.04644677e-02 -1.45135575e-05  6.32820276e-02  9.78214655e-02  8.79069723e-06 -9.98384000e-02  1.50356037e-01 -2.66150796e-04  1.85407051e-01 -7.59142281e-03  2.49290020e-04 -9.30213862e-03  6.06464347e-02 -3.85481813e-05  4.56334662e-02  1.73499856e-02  6.68380189e-05  1.50353858e-01  9.98392472e-02  8.64859151e-05 -7.58925996e-03 -1.85400134e-01  9.36587928e-05  6.06412206e-02  9.29940522e-03  8.48531682e-05  1.73509886e-02 -4.56378261e-02  1.21203128e-05  6.99871674e-02  1.67431233e-02 -3.84045147e-06  2.79314146e-02 -7.23619908e-02  4.33201405e-05  3.65692255e-02  5.04349133e-03  4.60412046e-05 -6.99824112e-02 -1.67427431e-02  3.57142653e-06 -2.79291734e-02  7.23597748e-02 -4.10442006e-05 -3.65678847e-02 -5.04315520e-03 -3.82891772e-05 -1.95529809e-02  3.63991808e-02  4.89105775e-05  1.67423953e-02 -6.99867975e-02 -1.35575304e-06 -7.23596549e-02 -2.79289264e-02  5.82668082e-05  5.04309843e-03 -3.65685247e-02  1.29235627e-04 -3.64004024e-02 -1.95509213e-02  1.70240679e-07 -1.67426180e-02  6.99884198e-02 -5.07998784e-06  7.23634668e-02  2.79297914e-02 -5.14199128e-05 -5.04513457e-03  3.65696225e-02 -1.22267287e-04  3.64016308e-02  1.95526598e-02 -3.46297466e-06  1.95513555e-02 -3.64019105e-02 -4.51501993e-05]
Atoms: 57  Mode #: 80 Freq: 851.1530784725686 cm-1,Mass weighted displacment dq is: 
 [ 1.77446510e-06  5.41990400e-07  2.30743279e-09 -4.82044754e-02  1.44146446e-01 -1.14222677e-04  1.44142960e-01  4.82066189e-02  5.47830289e-05 -1.07911579e-01  4.72512415e-02 -1.23325707e-04  4.72515390e-02  1.07910003e-01 -5.12823754e-05  1.07909343e-01 -4.72536213e-02  1.30856647e-04 -4.72572279e-02 -1.07909268e-01  4.37600705e-05 -1.44144994e-01 -4.82074872e-02 -5.26395214e-05  4.82114033e-02 -1.44143073e-01  1.12167714e-04 -2.96962568e-03  6.94507140e-02  2.09782452e-04 -1.63658309e-01  4.46414837e-02 -2.74736314e-04 -1.10021164e-01 -1.21197412e-01 -1.37503664e-04  3.76205423e-02 -6.23503714e-02  3.28110982e-04  6.23488827e-02  3.76201873e-02 -3.76967209e-04  1.21197025e-01 -1.10018325e-01  3.81077288e-04 -1.35922295e-01  2.32222503e-02  1.25174070e-04 -7.98584026e-02  9.97734745e-02 -4.28607086e-04  1.90797527e-03 -2.16369860e-01  4.19008421e-04  2.32197222e-02  1.35927491e-01  5.28784832e-04  9.97727995e-02  7.98548019e-02 -3.00692672e-04 -2.16370076e-01 -1.90597297e-03  1.88137744e-04  1.86517318e-01  1.17625574e-01 -1.16441697e-04 -4.46443094e-02 -1.63661054e-01 -3.17698839e-05 -6.94522904e-02 -2.97185450e-03  1.62602295e-04  6.94525259e-02  2.96791773e-03 -1.92177454e-04  4.46418020e-02  1.63658618e-01  5.67545343e-05  1.17625286e-01 -1.86521164e-01 -1.26911290e-04 -1.21200887e-01  1.10022986e-01 -3.44645781e-04 -6.23502280e-02 -3.76163392e-02  3.32524799e-04  1.63659169e-01 -4.46442173e-02  2.51564330e-04  2.97179253e-03 -6.94522512e-02 -1.83078721e-04 -3.76184353e-02  6.23507144e-02 -2.80610039e-04  1.10020249e-01  1.21199743e-01  9.90971020e-05  1.35924541e-01 -2.32208493e-02 -1.85212599e-04  7.98578601e-02 -9.97739946e-02  4.83882316e-04 -1.90779892e-03  2.16372028e-01 -4.64384433e-04 -1.86518781e-01 -1.17625041e-01  1.40747111e-04 -2.32179329e-02 -1.35921910e-01 -4.73352549e-04 -9.97750796e-02 -7.98631948e-02  2.49524641e-04  2.16370892e-01  1.90651884e-03 -1.45788891e-04 -1.17626971e-01  1.86517564e-01  1.05245306e-04 -5.64305268e-02 -1.22049695e-02  8.43205341e-04  2.12348029e-02 -4.97807259e-02 -4.25880359e-04 -6.24488240e-02  3.59066491e-02 -4.82527973e-04  5.64314152e-02  1.22063346e-02 -9.59665069e-04 -2.12370831e-02  4.97794718e-02  4.97763552e-04  6.24489607e-02 -3.59072536e-02  5.55245657e-04 -6.30285026e-02  3.31167426e-02 -7.53034927e-04 -1.22054728e-02  5.64300073e-02 -4.95824782e-04 -4.97794272e-02 -2.12341422e-02  4.19559405e-04  3.59044228e-02  6.24525618e-02  2.84768195e-04 -3.31154081e-02 -6.30299858e-02 -4.18379301e-04  1.22052768e-02 -5.64303205e-02  6.20458278e-04  4.97805626e-02  2.12358031e-02 -4.97804192e-04 -3.59041063e-02 -6.24531927e-02 -3.62891481e-04  3.31144754e-02  6.30303475e-02  5.16020498e-04  6.30295740e-02 -3.31181759e-02  6.61109541e-04]
Atoms: 57  Mode #: 81 Freq: 856.2423162000651 cm-1,Mass weighted displacment dq is: 
 [-9.40030723e-06  2.30663056e-05 -2.80755716e-05 -3.72214229e-06  9.16811135e-06 -5.75926287e-06 -2.96768702e-05  9.81651439e-05  3.23239862e-04  1.20059879e-05 -1.90595225e-05  2.69240956e-04  1.67486999e-05 -5.51573653e-05  2.67827792e-04  8.68048733e-06 -2.86646130e-05  2.77780826e-04  1.76817096e-05 -4.70691527e-05  2.69907534e-04 -2.78456888e-05  1.10982582e-04  3.45591468e-04  1.34737977e-06  1.26098283e-05 -3.30228022e-05  1.25206185e-04 -5.98191541e-05 -9.80072771e-02  2.30972958e-05  3.16167785e-06  5.21748147e-02  1.72160274e-05 -7.29698686e-05 -5.36927171e-02 -1.21163057e-04  2.53576755e-05  1.01293191e-01 -1.10297701e-04  9.27321969e-05  9.93087522e-02 -2.13559054e-05 -1.77925230e-05 -5.26361480e-02  1.39175304e-04 -1.58243342e-04 -1.51112500e-01 -1.47177382e-04  1.25058203e-04  1.48968736e-01  9.66581833e-05 -3.95415510e-05 -8.67069665e-02  7.45987046e-05 -1.85083614e-04 -1.47804562e-01 -7.14323449e-05  1.17532330e-04  1.45717178e-01  3.35512103e-05 -9.90848580e-05 -8.46928561e-02 -5.48875377e-05  8.09148761e-05  8.58312280e-02 -2.67364272e-06  6.68885904e-05  5.32285287e-02  7.98650501e-05 -5.66432849e-05 -9.99975982e-02  8.91930759e-05 -4.92406171e-05 -9.99708537e-02 -6.94889224e-06  6.17958450e-05  5.32206159e-02 -8.02923864e-05  1.19359733e-04  8.38021347e-02 -1.43884799e-05 -1.62779331e-05 -5.27972226e-02 -1.04176144e-04  8.33741289e-05  9.96202057e-02  1.52477233e-05  3.83630857e-06  5.23340449e-02  1.15532954e-04 -4.84085875e-05 -9.83153998e-02 -1.06882735e-04  2.98572914e-05  1.01326090e-01  1.29001821e-05 -6.72433934e-05 -5.37116359e-02  1.55597988e-04 -1.54015615e-04 -1.51075987e-01 -1.62094205e-04  1.27698929e-04  1.48930849e-01  1.12728511e-04 -4.38179059e-05 -8.66979799e-02 -5.88421845e-05  8.42829636e-05  8.58096020e-02  7.68498146e-05 -1.58674400e-04 -1.48300753e-01 -7.00571031e-05  1.01117072e-04  1.46206537e-01  3.01907296e-05 -8.35180015e-05 -8.49902887e-02 -7.67082673e-05  1.03974171e-04  8.40975760e-02 -1.53698056e-04  8.52677387e-05  2.44004891e-01  2.19060129e-04 -1.27656482e-04 -2.40046220e-01  1.01848595e-04 -6.63398749e-05 -1.50227986e-01 -1.60480505e-04  1.04443875e-04  2.43158042e-01  2.27356631e-04 -1.51001259e-04 -2.39221664e-01  1.03849705e-04 -8.18325681e-05 -1.49716100e-01 -1.24016651e-04  6.84994229e-05  1.51643228e-01 -2.07055520e-04  1.64696511e-04  2.48784805e-01  1.96194850e-04 -1.89103867e-04 -2.44754591e-01  1.56007461e-04 -1.40782754e-04 -1.53219319e-01 -1.31068258e-04  1.25455034e-04  1.55099287e-01 -2.29096029e-04  1.62479287e-04  2.48734522e-01  2.21427397e-04 -1.79816941e-04 -2.44689298e-01  1.74812342e-04 -1.33638821e-04 -1.53168343e-01 -1.46234526e-04  1.19241985e-04  1.55086153e-01 -1.20498588e-04  5.45413216e-05  1.52161565e-01]
Atoms: 57  Mode #: 82 Freq: 856.5246053528981 cm-1,Mass weighted displacment dq is: 
 [ 3.47184744e-05  2.11914537e-05  3.40081796e-08  7.55139184e-05  4.37865324e-05  1.70591935e-02  1.30417707e-05  2.52546631e-05 -1.70638866e-02 -8.11604058e-05 -8.73446180e-05 -1.88816738e-04 -5.71526095e-05  3.41850073e-05  1.82310931e-04 -3.14900663e-05 -1.05379609e-04 -1.69302598e-04 -7.57975555e-05 -1.52041919e-05  1.82516123e-04 -4.48077792e-05  5.06814521e-06 -1.69979935e-02  9.54787733e-05 -1.40484950e-05  1.70066618e-02  1.16765330e-04 -3.85400984e-05 -8.89162322e-02 -7.03980436e-05  1.15908354e-05  4.71657754e-02 -9.19153022e-05  1.66093896e-05  4.68463607e-02  8.53347178e-05 -2.64211266e-05 -8.81829709e-02 -6.84036179e-05  1.07886031e-04  8.99279635e-02  7.74898972e-06 -3.65518110e-05 -4.77646776e-02 -2.06907373e-04  2.20214134e-04  1.45554954e-01  1.95731614e-04 -9.57395199e-05 -1.43351315e-01 -1.11085316e-04  4.55884799e-05  8.91896218e-02  1.34414618e-04 -9.94307868e-05 -1.47980183e-01 -2.69257591e-05  9.52948719e-05  1.45743134e-01 -1.96941413e-05 -1.04536797e-04 -9.05652311e-02  1.03912132e-04 -4.40021891e-05 -8.88115123e-02  9.10944591e-06 -1.29877705e-04 -4.62976195e-02 -6.84997424e-05  4.08334565e-05  8.72932241e-02 -4.95349437e-05  3.72887896e-05  8.71795271e-02  3.19055831e-05 -5.84963005e-05 -4.62315388e-02 -2.05468147e-05  2.12429865e-05  9.01706900e-02 -4.24036733e-05  1.14936269e-05 -4.81583770e-02 -9.10461144e-05  8.40419553e-05  9.06930069e-02  8.39860726e-07 -1.10990784e-05  4.75489249e-02  1.14470734e-04 -5.79955913e-05 -8.96671124e-02  6.09818781e-05 -4.41701236e-06 -8.82764340e-02 -4.40485987e-05  6.65438303e-05  4.68828456e-02 -1.68588424e-04  2.09321646e-04  1.45406298e-01  2.45113824e-04 -1.41008994e-04 -1.43189269e-01 -1.25939276e-04  1.38012168e-04  8.90933343e-02  3.60190785e-05 -9.63011692e-05 -8.87504266e-02  1.24601200e-04 -1.38712759e-04 -1.49178784e-01 -7.25820001e-05  4.63176855e-05  1.46921366e-01  7.29519535e-05 -9.06662959e-05 -9.12737344e-02 -7.32131627e-05  8.96049439e-05  9.08773755e-02 -1.54327332e-04  1.00885325e-04  2.52705648e-01  2.20153064e-04 -1.45882867e-04 -2.49297512e-01  1.10956908e-04 -7.40560935e-05 -1.57466561e-01 -1.34173736e-04  1.26633503e-04  2.50692010e-01  2.19947386e-04 -1.48914068e-04 -2.47324682e-01  1.40984215e-04 -1.06780207e-04 -1.56228943e-01 -1.44739964e-04  7.82403039e-05  1.56350450e-01  1.89098556e-04 -1.36838055e-04 -2.46755949e-01 -1.79768424e-04  1.90320327e-04  2.43416390e-01 -1.44123558e-04  1.55299615e-04  1.53767538e-01  1.43358756e-04 -1.23797725e-04 -1.53863114e-01  2.15716768e-04 -1.55620929e-04 -2.46489726e-01 -1.84063017e-04  1.88608417e-04  2.43177835e-01 -1.77610117e-04  1.24061549e-04  1.53664518e-01  1.71255706e-04 -9.16388571e-05 -1.53676260e-01 -1.13720454e-04  5.04806292e-05  1.57594637e-01]
Atoms: 57  Mode #: 83 Freq: 856.994333143871 cm-1,Mass weighted displacment dq is: 
 [ 3.27222974e-06 -1.58002701e-06 -9.74799623e-08 -1.71280089e-05  2.22786461e-04  1.03415399e-02  2.32168749e-04  6.45812183e-05  1.05897408e-02 -1.32915106e-04  1.70268940e-04  4.00256263e-04  1.13303978e-04  1.62494379e-04 -3.43462155e-03  1.25286611e-04 -1.65950925e-04 -4.00418297e-04 -1.29502363e-04 -1.56784385e-04  3.43458643e-03 -2.25860841e-04 -7.35599194e-05 -1.06016144e-02  3.49745089e-05 -2.22188789e-04 -1.03299920e-02 -8.70294549e-06  1.01634607e-04  2.21450639e-03 -2.53946440e-04  6.20266062e-05 -2.86063998e-03 -2.35927739e-04 -1.45879095e-04  6.88890210e-02  1.78493004e-04 -1.31225254e-04 -1.35317423e-01  9.99413635e-05  5.15713977e-05  1.21866763e-03  2.08058268e-04 -1.69127840e-04 -2.29521483e-03  7.24906053e-06 -2.42464597e-04 -2.10397570e-01 -3.94475393e-04  3.38241363e-04  2.06600502e-01  1.42819991e-04 -4.54248350e-04 -1.24016631e-01  2.77224070e-05  2.20617311e-04  1.65357880e-04  1.67293460e-04  1.31724334e-04 -1.97323173e-03 -3.42689956e-04  1.09341163e-05  2.71849190e-03  2.14370406e-04  3.04118255e-04  1.22737472e-01 -1.05662453e-04 -1.60603771e-04  6.76979763e-02 -1.10284891e-05 -8.93747195e-05 -1.32805447e-01 -3.97233952e-06  7.69867432e-05  1.32873181e-01  1.04030106e-04  1.53972882e-04 -6.77366843e-02  1.87127719e-04 -2.76402329e-04  3.12768656e-03 -2.12701669e-04  1.70980271e-04  2.27072902e-03 -9.96687729e-05 -4.94486529e-05 -1.17403572e-03  2.51912101e-04 -6.28904395e-05  2.88404062e-03  1.02529395e-05 -1.02261480e-04 -2.25981430e-03 -1.60956832e-04  1.41383966e-04  1.35248517e-01  2.34265693e-04  1.58314150e-04 -6.88501965e-02 -4.17726981e-05  2.43422489e-04  2.10523438e-01  4.18373509e-04 -3.37772419e-04 -2.06718247e-01 -1.65482706e-04  4.51491130e-04  1.24101632e-01 -1.93692632e-04 -3.00665473e-04 -1.22824804e-01 -2.11741063e-05 -2.15428019e-04 -2.43948873e-04 -1.66651371e-04 -1.39073425e-04  2.04896341e-03  3.47125940e-04 -9.84074075e-06 -2.76535374e-03 -1.85317064e-04  2.74202330e-04 -3.07836469e-03 -8.50828991e-05 -1.76840213e-05  3.93361209e-03  2.90310358e-05 -8.08547981e-05  7.84046330e-04 -8.97215185e-05  7.03808821e-05  7.51219100e-03  8.65787341e-05  1.91759347e-05 -3.80067532e-03 -2.91456623e-05  7.86302533e-05 -9.15930924e-04  8.96022890e-05 -7.33686745e-05 -7.59863127e-03 -9.50341804e-05  4.66163629e-05 -7.27983250e-03 -3.03337499e-04  3.04967226e-04  3.51364067e-01  1.73218680e-04 -3.04329637e-04 -3.44067218e-01  2.75004671e-04 -9.78576894e-05 -2.15762407e-01 -2.57911179e-04  6.19455901e-05  2.19665683e-01  3.32486134e-04 -2.97702874e-04 -3.51577774e-01 -2.09583234e-04  2.89927995e-04  3.44278357e-01 -2.99340912e-04  9.32638649e-05  2.15907161e-01  2.77749168e-04 -5.57503555e-05 -2.19806500e-01  9.64080907e-05 -4.87093177e-05  7.35880925e-03]
Atoms: 57  Mode #: 84 Freq: 857.0004637089093 cm-1,Mass weighted displacment dq is: 
 [ 1.65109151e-06  3.18674432e-06  3.96141187e-08 -1.30439604e-04  2.99647885e-04 -1.05463381e-02  3.08004225e-04  1.18451751e-04  1.02873320e-02 -2.65548536e-04  7.68378021e-05  3.43554530e-03  4.53271466e-05  2.67020780e-04  3.98993262e-04  2.58519748e-04 -9.21784049e-05 -3.43764842e-03 -4.94421657e-05 -2.74216572e-04 -3.98212439e-04 -3.07863768e-04 -1.01980921e-04 -1.03849112e-02  1.40214796e-04 -2.93887285e-04  1.06431906e-02  1.44459113e-04  5.94387443e-05 -1.33222119e-01 -4.02988683e-04  1.38799560e-04  6.79156648e-02 -2.48378756e-04 -2.77362786e-04 -2.21221312e-03  6.97362743e-05 -1.40078546e-04  1.06326951e-03  1.65673805e-05  1.99894738e-04  1.35669536e-01  2.68103583e-04 -2.55953505e-04 -6.90644666e-02 -3.20028664e-04  7.13262559e-05  2.77490861e-05 -1.71277734e-04  2.28380965e-04  1.77365846e-03 -3.98956685e-06 -4.71355762e-04 -2.58822482e-03  2.20760080e-04  1.00473379e-04 -2.11065700e-01  1.44985050e-04  2.83574441e-04  2.07265926e-01 -4.29468061e-04 -1.40344459e-04 -1.24424196e-01  4.16853976e-04  2.68049254e-04 -3.25296920e-03 -1.12716601e-04 -3.84119564e-04  2.80438611e-03 -1.45766617e-04 -3.14452010e-05 -2.10542208e-03  1.45830633e-04  3.26905985e-05  2.36502519e-03  1.13134291e-04  3.81243464e-04 -2.93968604e-03  1.95727565e-04 -3.09185748e-04  1.23116994e-01 -2.79547877e-04  2.53817411e-04  6.86624950e-02 -2.70680747e-05 -1.82464958e-04 -1.34903308e-01  4.09314096e-04 -1.40228967e-04 -6.75177293e-02 -1.31265530e-04 -7.40858461e-05  1.32468027e-01 -7.17619696e-05  1.40671357e-04 -1.32651580e-03  2.46611761e-04  2.73608978e-04  2.35319943e-03  3.13747562e-04 -6.41804572e-05  4.44218623e-04  1.79053209e-04 -2.27613052e-04 -2.23792726e-03  2.42407999e-06  4.75135330e-04  2.89059809e-03 -4.13746867e-04 -2.66094158e-04  2.95068006e-03 -2.21195577e-04 -1.35336528e-04  2.09858128e-01 -1.46316278e-04 -2.59223822e-04 -2.06079448e-01  4.32426772e-04  1.17767017e-04  1.23704458e-01 -1.99523486e-04  3.29851871e-04 -1.22404701e-01  8.83984514e-05 -1.73225949e-04 -3.50438062e-01 -2.55714462e-04  8.15282462e-05  3.43182289e-01 -3.05165187e-04  1.89332926e-04  2.15197166e-01 -9.73728136e-05  2.02330920e-04  3.52443972e-01  2.71452022e-04 -1.17461534e-04 -3.45163345e-01  3.10543136e-04 -2.13580123e-04 -2.16450697e-01 -3.20607873e-04  1.76802803e-04  2.20407774e-01 -3.38116855e-05  1.32838077e-04  3.46232962e-03 -1.06589329e-04 -4.04057411e-05  1.26203107e-03  7.33163636e-05  1.44598703e-04  7.81149888e-03 -7.47351621e-05 -1.32203105e-04  7.06425242e-03  3.30582237e-05 -1.31551441e-04 -4.28048711e-03  1.08034125e-04  4.09145852e-05 -4.53440487e-04 -7.07884388e-05 -1.44062070e-04 -7.29847449e-03  7.72265938e-05  1.33023467e-04 -7.57323507e-03  3.13331394e-04 -1.56442985e-04 -2.19139045e-01]
Atoms: 57  Mode #: 85 Freq: 901.4261434083377 cm-1,Mass weighted displacment dq is: 
 [ 2.28861668e-03  1.01485349e-01 -6.34748361e-05  6.71671306e-02  1.22130047e-01 -1.30766913e-05 -5.59021783e-02  3.02443346e-01 -2.25800507e-04 -4.62798244e-04 -2.12768061e-01  1.37753891e-04 -9.08037569e-03 -2.20669678e-01  1.50511288e-04 -4.61841798e-04 -2.12767066e-01  1.30693063e-04 -9.07759467e-03 -2.20669867e-01  1.39280264e-04 -5.58990581e-02  3.02442776e-01 -2.40457132e-04  6.71677541e-02  1.22130771e-01 -2.05603277e-05  8.62641870e-02 -4.70494171e-02  1.82186148e-04  1.83653355e-01 -1.29844483e-01  1.83823015e-04 -5.19870416e-02 -1.11008567e-01  3.87223406e-05 -2.45490755e-02 -5.09588282e-02  7.72615953e-06 -7.90101429e-02  4.57732424e-02 -4.56162686e-05 -2.01172742e-01  6.83453713e-02 -2.26789597e-04  3.32247995e-02  2.16213728e-02  7.57817660e-05  7.25931269e-02 -4.41646779e-02  8.89021348e-05  1.26192873e-03  1.15538094e-01 -1.30329382e-04 -3.10926134e-02 -1.21821150e-01 -3.88065809e-05 -8.11052406e-02 -5.13709696e-02 -3.27953293e-04  1.82569521e-01 -1.10841921e-02  1.75650439e-04 -6.22031844e-02 -5.02042806e-02 -1.58836393e-05  6.82179363e-02  7.36671749e-02  9.50711790e-06  1.50318058e-02  3.72858303e-02 -2.57964820e-05  1.50311875e-02  3.72853105e-02 -2.07708623e-05  6.82171825e-02  7.36668583e-02  1.56001991e-05 -1.16731016e-01  1.67053966e-01 -6.58094785e-05 -2.01171147e-01  6.83460360e-02 -2.22331843e-04 -7.90108924e-02  4.57753922e-02 -3.51776239e-05  1.83653716e-01 -1.29844006e-01  1.77376185e-04  8.62662191e-02 -4.70492109e-02  1.61140246e-04 -2.45505615e-02 -5.09599192e-02  1.46876145e-05 -5.19892738e-02 -1.11009954e-01  3.49310304e-05  3.32251564e-02  2.16214021e-02  7.73581579e-05  7.25910586e-02 -4.41646070e-02  8.46368242e-05  1.26165135e-03  1.15537982e-01 -1.25083492e-04 -6.22036216e-02 -5.02041785e-02 -1.99879377e-05 -3.10951162e-02 -1.21817128e-01 -5.17243886e-05 -8.11064728e-02 -5.13733779e-02 -3.00200672e-04  1.82568408e-01 -1.10832081e-02  1.73289053e-04 -1.16730389e-01  1.67049628e-01 -5.69210913e-05 -3.00561484e-02 -2.33562449e-02  1.28612691e-04 -4.32733278e-03 -2.42136857e-02  4.51501369e-04 -6.47168614e-02  2.90485201e-02 -1.93650569e-04 -3.00547374e-02 -2.33577483e-02  1.28409293e-04 -4.32367195e-03 -2.42149171e-02  5.04368394e-04 -6.47169433e-02  2.90499626e-02 -2.10160364e-04  5.31710374e-02 -3.58733773e-02  5.86144241e-05  6.02865665e-03  1.00811265e-03 -1.02052962e-04  2.93070057e-02  2.47330684e-03  4.51367656e-05 -1.18694224e-02 -2.34789224e-02  1.43068078e-05  2.48939669e-02  3.42597532e-02  5.88874488e-05  6.02802681e-03  1.00686451e-03 -9.75228783e-05  2.93064071e-02  2.47331165e-03  6.65827794e-05 -1.18688301e-02 -2.34798064e-02  7.39060767e-06  2.48935918e-02  3.42595447e-02  6.14657224e-05  5.31713761e-02 -3.58725811e-02  4.46733858e-05]
Atoms: 57  Mode #: 86 Freq: 901.4262249267675 cm-1,Mass weighted displacment dq is: 
 [-1.01485645e-01  2.28818517e-03 -8.57502538e-05 -3.02442753e-01 -5.58997255e-02 -2.31286854e-04 -1.22129847e-01  6.71689036e-02 -1.51264225e-04  2.20669467e-01 -9.07687740e-03  1.70527472e-04  2.12769382e-01 -4.61654705e-04  1.57005783e-04  2.20671038e-01 -9.07670472e-03  1.82051454e-04  2.12767652e-01 -4.63512080e-04  1.50575049e-04 -1.22131454e-01  6.71662504e-02 -1.58688544e-04 -3.02443096e-01 -5.59016396e-02 -2.16617884e-04 -3.72850396e-02  1.50309328e-02 -7.38185906e-05 -7.36676340e-02  6.82172139e-02 -7.28408217e-05 -6.83469210e-02 -2.01171632e-01  9.86551316e-05 -4.57735923e-02 -7.90118086e-02 -9.85702982e-06  5.09591760e-02 -2.45498195e-02  3.40734220e-05  1.11010373e-01 -5.19879159e-02  1.37927137e-04  1.21815591e-01 -3.10951887e-02  2.41285350e-04  5.13727680e-02 -8.11059064e-02  8.43206636e-05  1.10817435e-02  1.82568445e-01 -2.31610436e-04 -2.16224992e-02  3.32274138e-02  1.32155789e-05  4.41648711e-02  7.25918213e-02  9.66969744e-05 -1.15540110e-01  1.26277635e-03 -1.14697900e-04 -1.67049225e-01 -1.16729767e-01 -3.85338336e-05  1.29845344e-01  1.83653791e-01 -1.11260593e-05  4.70504007e-02  8.62654518e-02 -3.11881786e-05  4.70501648e-02  8.62634345e-02 -8.60407744e-06  1.29843944e-01  1.83654564e-01 -4.80036467e-06  5.02050178e-02 -6.22050822e-02  3.94314773e-05  1.11007636e-01 -5.19866124e-02  1.41706794e-04  5.09580019e-02 -2.45496791e-02  2.69732493e-05 -7.36660309e-02  6.82171094e-02 -6.70663304e-05 -3.72855262e-02  1.50305718e-02 -6.78770353e-05 -4.57745771e-02 -7.90117510e-02  9.60057930e-07 -6.83461204e-02 -2.01171954e-01  1.03238717e-04  1.21819097e-01 -3.10950946e-02  2.54816978e-04  5.13715892e-02 -8.11068888e-02  5.37881017e-05  1.10820028e-02  1.82571492e-01 -2.29593767e-04 -1.67052001e-01 -1.16730006e-01 -4.65251122e-05 -2.16220296e-02  3.32238309e-02  1.52469788e-05  4.41634809e-02  7.25907422e-02  9.09827795e-05 -1.15535486e-01  1.26251243e-03 -1.10450717e-04  5.02040346e-02 -6.22018242e-02  3.63922191e-05 -1.00689270e-03  6.02746126e-03 -8.02226622e-05 -2.47339135e-03  2.93061228e-02 -1.73593122e-04  2.34787233e-02 -1.18689417e-02  5.80784862e-05 -1.00651724e-03  6.02822169e-03 -8.34236574e-05 -2.47441575e-03  2.93073992e-02 -1.96703551e-04  2.34789484e-02 -1.18699371e-02  6.55894906e-05 -3.42600359e-02  2.48946390e-02 -2.04231557e-05  2.33572628e-02 -3.00538321e-02 -1.40183031e-04  2.42144557e-02 -4.32559481e-03  7.15288905e-05 -2.90467530e-02 -6.47196161e-02  1.34121869e-05  3.58708314e-02  5.31713489e-02  1.46069819e-04  2.33574625e-02 -3.00550518e-02 -1.41144361e-04  2.42150584e-02 -4.32419560e-03  1.28894960e-04 -2.90468873e-02 -6.47206963e-02 -4.77067041e-06  3.58696545e-02  5.31719007e-02  1.60899446e-04 -3.42589077e-02  2.48945429e-02 -1.66438924e-05]
Atoms: 57  Mode #: 87 Freq: 932.6777054573884 cm-1,Mass weighted displacment dq is: 
 [ 1.97611233e-06  5.92024618e-05 -4.00414622e-06  2.93928594e-05  9.93355423e-05  8.84951667e-05 -1.52974866e-05  1.65019258e-04 -7.48080270e-05 -2.10072244e-05 -9.93177285e-05  9.76403609e-03 -2.50457133e-06 -1.83394363e-04 -9.66587709e-03 -2.89546964e-05 -1.01368882e-04  9.76692198e-03 -2.78542256e-06 -1.72689324e-04 -9.73632396e-03 -1.20055624e-05  1.68357448e-04 -5.22877015e-05  3.13707343e-05  1.04295964e-04  1.09082140e-04  2.95278084e-05 -5.47351387e-05 -4.04108719e-02  8.49029969e-05 -6.14420285e-05  2.24268489e-02  1.53085121e-05 -7.78592649e-05 -2.21239510e-02 -1.28511723e-05 -1.43628914e-05  4.06670790e-02 -1.85810090e-05 -2.63975625e-05 -4.03155479e-02 -1.23982505e-04  6.29532188e-05  2.19240717e-02  1.85881529e-04 -1.25512895e-04 -1.53277763e-01  1.04125720e-04 -9.16680333e-05 -1.56829577e-01 -4.88118378e-05  8.65753514e-05  1.05908399e-01 -1.26668043e-04  3.73993872e-05  1.51926938e-01 -2.51759013e-04  6.42503664e-05  1.55453780e-01  2.86169500e-04 -2.82191167e-05 -1.04937117e-01 -1.54373843e-04  5.12417459e-05  1.08422691e-01  4.84164832e-05  4.09583873e-05 -2.26253124e-02 -2.02049934e-05  2.99665049e-05  4.07683067e-02 -2.33128382e-05  3.00429182e-05  4.07832865e-02  4.93960886e-05  3.93524891e-05 -2.26323525e-02 -1.11706413e-07  2.46371038e-05 -1.07501125e-01 -1.22530789e-04  5.77957585e-05  2.20724665e-02 -1.87465447e-05 -2.10167384e-05 -4.05827368e-02  7.98607964e-05 -6.00191027e-05  2.25785217e-02  2.70840034e-05 -5.14539405e-05 -4.06835846e-02 -5.19384818e-06 -1.22762668e-05  4.06631150e-02  1.16831310e-05 -7.55799038e-05 -2.21190861e-02  2.00878079e-04 -1.20701718e-04 -1.53324036e-01  1.17599707e-04 -7.12693332e-05 -1.56861211e-01 -5.42423865e-05  6.83407544e-05  1.05932247e-01 -1.66275987e-04  5.17240244e-05  1.08447575e-01 -1.21902787e-04  2.58772062e-05  1.52956172e-01 -2.31817920e-04  5.34232969e-05  1.56504467e-01  2.66266214e-04 -2.25758638e-05 -1.05654727e-01  2.78440770e-06  3.30643606e-05 -1.08222605e-01  1.29066204e-04 -1.16088856e-04 -2.37463460e-01  1.57553036e-04 -1.33972529e-04 -2.44683880e-01 -1.71023548e-04  1.06775636e-04  1.74618032e-01  1.26406176e-04 -1.34642107e-04 -2.35846278e-01  1.55513725e-04 -1.56784085e-04 -2.43033567e-01 -1.75293646e-04  1.27375906e-04  1.73460450e-01 -6.43659153e-05  1.09207614e-04  1.67297839e-01 -1.69789790e-04  1.94680675e-04  2.37978623e-01 -1.93207216e-04  2.32952647e-04  2.45197115e-01  1.44199583e-04 -1.60096154e-04 -1.74930771e-01  1.90118151e-04 -1.26796002e-04 -1.68844647e-01 -1.89235825e-04  1.96227527e-04  2.38056142e-01 -2.17348571e-04  2.33753362e-04  2.45242067e-01  1.65676392e-04 -1.55662830e-04 -1.74968996e-01  2.14813322e-04 -1.26868956e-04 -1.68884436e-01 -6.59866790e-05  8.65592426e-05  1.68442937e-01]
Atoms: 57  Mode #: 88 Freq: 933.1215784425414 cm-1,Mass weighted displacment dq is: 
 [ 2.80469350e-06 -1.11953143e-06 -8.66104659e-08  1.94034771e-04  8.40860966e-05  4.61855776e-03 -3.17428690e-05  2.03273046e-04 -4.42118975e-03  1.29419757e-04 -7.82288423e-05 -1.47751071e-02  6.24998961e-05  1.29094417e-04 -1.59059914e-04 -1.49422753e-04  8.40400050e-05  1.47742676e-02 -7.14809552e-05 -1.23406708e-04  1.60410036e-04  4.12408254e-05 -2.12587800e-04  4.42143357e-03 -1.81183907e-04 -8.69686068e-05 -4.61855194e-03 -9.04983366e-05  2.50612977e-05 -1.39333541e-03 -1.37396937e-04  8.22227609e-05  5.15293590e-04  7.01164967e-05  9.71682325e-05 -3.11437827e-02  5.47768247e-05  7.69031185e-05  5.68216147e-02  6.98196775e-05 -6.41463250e-05  3.49401102e-04  1.42243254e-04 -7.10682368e-05  8.93427967e-05 -1.53012270e-04  1.56473294e-04  2.16063753e-01 -8.69180932e-05  5.90454945e-05  2.21097938e-01  8.76655764e-05  1.11507198e-05 -1.48908788e-01  2.46985318e-05  7.32081991e-05  1.44767519e-03  3.61429014e-05  6.05981658e-05  2.27627490e-03 -1.33680381e-04 -5.32133872e-07  2.43442227e-03  6.82362309e-05 -1.89052436e-04 -1.52422295e-01  4.40553223e-05  1.13606587e-04  3.17686852e-02  3.35666161e-05  6.40677107e-05 -5.69755323e-02 -4.06517692e-05 -6.91951984e-05  5.69717447e-02 -4.75883343e-05 -1.21591680e-04 -3.17664954e-02  7.31173530e-05 -1.21335193e-04 -4.87414012e-03 -1.44973002e-04  6.95742558e-05 -9.25366119e-05 -7.17562619e-05  6.38971080e-05 -3.43622044e-04  1.39879332e-04 -8.21947321e-05 -5.18950022e-04  9.01257594e-05 -2.41716038e-05  1.39944272e-03 -6.08297967e-05 -7.43224708e-05 -5.68282719e-02 -6.30933504e-05 -8.82035668e-05  3.11457366e-02  1.73909751e-04 -1.49941183e-04 -2.16062005e-01  1.00662692e-04 -2.91776282e-05 -2.21067836e-01 -9.30697984e-05 -4.73230808e-05  1.48918401e-01 -8.04864020e-05  1.90889211e-04  1.52384118e-01 -2.51328722e-05 -7.48759309e-05 -1.47053259e-03 -3.72717076e-05 -6.04422356e-05 -2.29971977e-03  1.32926019e-04  2.14226378e-07 -2.41817308e-03 -7.56459986e-05  1.23598868e-04  4.88983533e-03 -1.21060690e-05 -1.91182011e-05  3.77393036e-03 -2.75350597e-06 -2.20333365e-05  2.36730276e-03 -4.30360780e-05  1.29600738e-05 -7.55787752e-03  1.44297130e-05  1.70250097e-05 -3.73850324e-03  5.36028337e-06  2.03735592e-05 -2.33055430e-03  4.33841108e-05 -1.05350963e-05  7.53245333e-03 -3.50347906e-05  3.37320161e-05 -3.90623442e-03  2.82894857e-04 -2.60199797e-04 -3.37111162e-01  3.10428762e-04 -3.11183225e-04 -3.47389101e-01 -2.42419970e-04  1.87684376e-04  2.44933046e-01 -2.29261501e-04  2.17816457e-04  2.36441662e-01 -3.10273075e-04  2.62792819e-04  3.37107005e-01 -3.44977859e-04  3.14627038e-04  3.47343677e-01  2.71358461e-04 -1.77469865e-04 -2.44870627e-01  2.60954792e-04 -2.20891975e-04 -2.36459041e-01  3.51232350e-05 -3.50058761e-05  3.88013652e-03]
Atoms: 57  Mode #: 89 Freq: 933.1271970467184 cm-1,Mass weighted displacment dq is: 
 [ 1.06631812e-06  2.65067868e-06 -2.49005776e-06  5.63621098e-04  1.28791666e-04  4.43287790e-03 -2.04113741e-04  5.32936076e-04  4.62962323e-03  3.74785670e-04 -1.99135986e-04  2.04200766e-04  1.91820896e-04  2.46295252e-04 -1.47771250e-02 -3.79939596e-04  1.90617519e-04 -1.16366936e-04 -1.97469690e-04 -2.65723089e-04  1.47725048e-02  2.06645850e-04 -5.20727819e-04 -4.60733709e-03 -5.54916194e-04 -1.19419525e-04 -4.40948018e-03 -2.18606292e-04  4.49710599e-06 -5.69909197e-02 -2.79083589e-04  2.19577186e-04  3.17797888e-02  1.69899090e-04  3.66724398e-04 -8.96320530e-07  1.52706985e-04  1.66897562e-04  5.13941532e-04  1.93159572e-04 -2.37318285e-04 -5.68627747e-02  2.97644599e-04 -9.33696889e-05  3.11574252e-02  2.24117947e-04 -5.57995739e-05 -2.10190549e-03  1.57911244e-04 -1.52014601e-04 -2.94207849e-03  3.17212294e-05  3.32486266e-04 -1.98715159e-03 -1.12566082e-04  3.06681110e-04  2.16148549e-01 -1.89813321e-04  2.58437953e-04  2.21187873e-01  1.33964263e-05 -1.31323066e-05 -1.48918243e-01 -2.83917865e-04 -2.06370630e-04  5.33670772e-03  2.17604504e-04  3.45210633e-04 -6.12055190e-04  5.51605894e-05  2.24732646e-04  1.56444492e-03 -5.61167661e-05 -2.24982860e-04 -1.22643861e-03 -2.17595795e-04 -3.43229134e-04  4.23791501e-04  2.49154335e-04 -3.16702918e-04 -1.52508119e-01 -3.05990778e-04  1.00212405e-04 -3.11313103e-02 -1.95808532e-04  2.31775154e-04  5.68081821e-02  2.86290760e-04 -2.22835898e-04 -3.17527969e-02  2.22901269e-04 -1.13107359e-05  5.69431880e-02 -1.52088745e-04 -1.68441863e-04 -1.76909909e-04 -1.68094006e-04 -3.69187373e-04 -1.83372746e-04 -2.21398735e-04  5.42795243e-05  8.19563517e-04 -1.57640623e-04  1.50311997e-04  1.63256623e-03 -3.18781671e-05 -3.33046424e-04  2.87098539e-03  2.81090722e-04  2.04934044e-04 -4.43476353e-03  1.06192824e-04 -2.86159482e-04 -2.15972089e-01  1.60885518e-04 -2.44921594e-04 -2.21001525e-01  2.16396487e-05  7.71537277e-06  1.48804892e-01 -2.50732622e-04  3.04257811e-04  1.52372573e-01 -1.95224462e-04  9.08274921e-05  3.36960649e-01 -2.43998289e-04  1.28202425e-04  3.47252325e-01  1.15438114e-04 -8.17682304e-05 -2.44858686e-01  1.93397653e-04 -1.17768478e-04 -3.37209262e-01  2.41265239e-04 -1.61964804e-04 -3.47536172e-01 -1.25318589e-04  1.09976703e-04  2.45084848e-01 -2.06142570e-04  2.36378885e-04  2.36445927e-01  5.10213929e-05 -2.50161026e-05  4.76131959e-03  5.28474021e-05 -1.63236827e-05  3.37308193e-03 -5.39511890e-05 -9.96619366e-05 -8.27774394e-03  5.11227298e-05  1.00327767e-04  3.19426741e-03 -5.07623551e-05  2.86348981e-05 -2.76207102e-03 -5.32584029e-05  2.04970417e-05 -1.31828317e-03  5.30510667e-05  9.87619503e-05  6.82605917e-03 -4.83662685e-05 -1.01470328e-04 -4.59992922e-03  2.08815438e-04 -2.05315711e-04 -2.36268531e-01]
Atoms: 57  Mode #: 90 Freq: 933.760549477027 cm-1,Mass weighted displacment dq is: 
 [-3.35975220e-05 -4.13049935e-05 -1.33394481e-03 -1.64464266e-04 -7.61656370e-05  6.31216691e-03 -5.12091460e-05 -1.22456033e-04  6.31231925e-03  4.43595342e-05  9.80058354e-05  1.14722855e-02  6.37160385e-05  1.15124381e-04  1.15532457e-02  7.65626175e-05  7.52377919e-05  1.14740271e-02  8.35276778e-05  1.48787339e-04  1.15000583e-02 -6.87536866e-05 -6.35050596e-05  6.32921761e-03 -1.05297326e-04 -5.86424496e-05  6.32787864e-03 -3.91937531e-05  4.27902154e-05  4.01073897e-02 -6.83003098e-05  3.62255251e-05 -2.23646907e-02 -1.49157247e-05 -6.78949978e-05 -2.18208963e-02 -2.96514301e-05  4.12404456e-07  3.97268436e-02 -3.61394997e-06  5.58269628e-05  4.00664719e-02  9.60152329e-05 -3.82942313e-05 -2.19991495e-02  1.54393448e-04 -1.20678316e-04 -1.52674162e-01  8.47158499e-05 -7.38417353e-05 -1.55601930e-01 -5.27659807e-05  7.04798333e-05  1.04726239e-01  1.10921271e-04 -8.34869356e-05 -1.53927960e-01  2.41066196e-04 -6.22078969e-05 -1.56887555e-01 -2.95426142e-04  1.37701996e-05  1.05550506e-01 -1.12115977e-04  8.54473843e-05  1.06748054e-01  3.82006111e-05 -1.19725075e-05 -2.21798854e-02 -4.54320296e-06  1.48890390e-06  3.97804997e-02 -2.02907391e-06  2.48327708e-05  3.97848919e-02  6.22090085e-05  2.20841126e-05 -2.21823710e-02 -3.39164623e-05  2.94278024e-05  1.07659741e-01  1.32912943e-04 -5.18944870e-05 -2.18866633e-02  1.44951248e-05  3.43261920e-05  3.98570600e-02 -1.03118335e-04  6.18366636e-05 -2.22505587e-02 -6.34046202e-05  4.52210296e-05  3.99032312e-02 -7.45056402e-06  1.88582450e-05  3.97300284e-02 -1.36002785e-06 -2.90122470e-05 -2.18196956e-02  1.93923939e-04 -1.21440377e-04 -1.52687448e-01  1.13587032e-04 -7.02703883e-05 -1.55596790e-01 -5.38173565e-05  8.59931065e-05  1.04729742e-01 -1.52508086e-04  6.32333082e-05  1.06745047e-01  1.12239249e-04 -4.35683629e-05 -1.53146948e-01  2.37202912e-04 -3.43817567e-05 -1.56085614e-01 -3.09820955e-04  1.25555449e-05  1.05021092e-01 -1.12194931e-05 -1.12690550e-05  1.07103910e-01 -9.90045074e-05  9.40771403e-05  2.40153260e-01 -1.24930576e-04  1.23666591e-04  2.46231535e-01  1.83968191e-04 -8.65195296e-05 -1.71763873e-01 -1.02292921e-04  1.08052002e-04  2.41360429e-01 -1.28179124e-04  1.42996999e-04  2.47492359e-01  1.80300844e-04 -1.00118465e-04 -1.72659067e-01  6.30005209e-05 -1.20250619e-04 -1.67190946e-01 -1.91549446e-04  1.74165417e-04  2.39432139e-01 -2.10653800e-04  2.13927927e-04  2.45477837e-01  1.58731414e-04 -1.58025233e-04 -1.71177504e-01  1.75572029e-04 -1.30474233e-04 -1.65880969e-01 -2.05092964e-04  1.72590798e-04  2.39457463e-01 -2.29286416e-04  2.12346248e-04  2.45465615e-01  1.72250250e-04 -1.62107084e-04 -1.71171643e-01  2.04266165e-04 -1.20691448e-04 -1.65888565e-01  5.28139751e-05 -9.16652776e-05 -1.66356319e-01]
Atoms: 57  Mode #: 91 Freq: 940.31158347254 cm-1,Mass weighted displacment dq is: 
 [-6.45008107e-07 -3.05708404e-07 -1.68504712e-07 -2.67704726e-01 -7.91330912e-02 -1.72259097e-04  7.91328231e-02 -2.67704012e-01  2.35336894e-04 -1.72709511e-01  9.30367596e-02 -2.12591422e-04 -9.30367124e-02 -1.72711840e-01  5.44817467e-06  1.72713283e-01 -9.30367355e-02  2.16492689e-04  9.30375272e-02  1.72712443e-01 -1.53515781e-06 -7.91327860e-02  2.67704016e-01 -2.50466853e-04  2.67702367e-01  7.91335138e-02  1.57029347e-04  9.89569322e-02 -2.16377131e-02 -2.26426582e-05  1.36675402e-01 -9.98395297e-02  2.35147308e-04 -5.96728222e-02 -1.58118244e-01  4.02975810e-05 -7.14195867e-02 -7.28455992e-02  3.35284780e-05 -7.28440400e-02  7.14189037e-02 -2.11463253e-04 -1.58117688e-01  5.96722967e-02 -1.01566494e-04 -7.96917371e-02  1.94139264e-02  2.48048349e-05 -5.79200509e-02  5.42610144e-02  1.92364022e-04 -8.11231352e-03 -1.34529401e-01  9.44670969e-05 -1.94138927e-02 -7.96952098e-02  5.81155379e-04 -5.42608460e-02 -5.79160443e-02  3.63339953e-04  1.34529673e-01 -8.11463722e-03 -3.48891924e-04  1.11638674e-01  8.12197882e-02 -2.18859207e-04 -9.98391341e-02 -1.36675238e-01  3.62081710e-05 -2.16386593e-02 -9.89568965e-02  1.17257791e-05  2.16384364e-02  9.89564938e-02 -1.09648344e-05  9.98379887e-02  1.36676092e-01 -2.38471107e-05 -8.12208549e-02  1.11641895e-01 -3.64036102e-04  1.58117648e-01 -5.96724827e-02  1.08058386e-04  7.28451908e-02 -7.14203348e-02  1.91015180e-04 -1.36676365e-01  9.98379850e-02 -2.22788375e-04 -9.89582779e-02  2.16375666e-02  2.31880761e-05  7.14206885e-02  7.28459002e-02 -5.41604498e-05  5.96730460e-02  1.58118926e-01 -3.37568113e-05  7.96932609e-02 -1.94143200e-02  2.99485421e-05  5.79190147e-02 -5.42620052e-02 -1.72081445e-04  8.11197204e-03  1.34531793e-01 -1.35056695e-04 -1.11639891e-01 -8.12197195e-02  2.00059573e-04  1.94153946e-02  7.96923826e-02 -5.27489110e-04  5.42625307e-02  5.79188026e-02 -3.42218922e-04 -1.34531103e-01  8.11353240e-03  3.09817734e-04  8.12205609e-02 -1.11638128e-01  3.44366006e-04  6.22931789e-03  2.21585728e-02  7.88475449e-04  1.14713701e-02  1.84344211e-02  5.28487680e-04  4.19036524e-02 -2.07429143e-02 -3.46696615e-04 -6.22729724e-03 -2.21603624e-02 -8.60495077e-04 -1.14678806e-02 -1.84354904e-02 -5.49789939e-04 -4.19032244e-02  2.07445467e-02  3.54878518e-04  3.93639580e-02 -2.68247543e-02  8.05003823e-04 -2.21600229e-02  6.22531033e-03 -1.74751485e-04 -1.84347053e-02  1.14697653e-02 -4.94561811e-04  2.07419657e-02  4.19043724e-02  3.89415782e-04 -2.68232126e-02 -3.93648921e-02  3.10986881e-06  2.21593457e-02 -6.22746547e-03  1.01190597e-04  1.84343959e-02 -1.14701448e-02  4.75148221e-04 -2.07413257e-02 -4.19056707e-02 -3.83208970e-04  2.68221103e-02  3.93654229e-02  7.59371796e-05 -3.93649284e-02  2.68240269e-02 -7.28811296e-04]
Atoms: 57  Mode #: 92 Freq: 961.2228079317551 cm-1,Mass weighted displacment dq is: 
 [-3.35675121e-05  3.85909888e-05 -4.18140845e-05 -7.09254648e-05  6.45390265e-05 -5.53508863e-05 -3.41598821e-05  8.05778075e-05 -5.82005272e-05  5.25826995e-05 -5.73970522e-05 -6.43620456e-06  8.98999809e-05 -1.59774041e-04 -3.10696734e-06  9.43835900e-05 -6.71280718e-05 -5.65431565e-06  1.02131372e-04 -1.21033481e-04 -5.87569597e-06 -4.75094218e-05  1.25281724e-04 -3.83587306e-05 -2.38400700e-05  7.69452511e-05 -4.39786236e-05 -4.37916825e-05  1.08689754e-05  6.87141717e-03  4.32664345e-05 -4.75049927e-05  3.74781860e-03 -1.50481093e-06 -7.40439165e-05 -4.15451368e-03  4.93225419e-05 -5.48773971e-05 -6.73701151e-03 -5.24597741e-05 -2.35589972e-05 -6.64116715e-03 -2.43189220e-05  2.77961284e-05 -4.10730202e-03  1.29333168e-04 -7.37648060e-05 -8.99100596e-02 -9.97284675e-05  2.74826221e-05  8.68124956e-02 -1.23572806e-04  1.93904065e-04  1.54479045e-01  1.35077170e-05  1.06195233e-04 -9.03946414e-02 -3.07587518e-04  8.83113197e-06  8.71903400e-02  2.34609954e-04  2.16507723e-04  1.55229683e-01  8.03251442e-05 -1.53784753e-04 -1.50301974e-01  2.64018651e-05  6.06335672e-05  3.73361858e-03  9.34219132e-06 -1.43934919e-05  6.83019310e-03  9.13249543e-06 -1.22584618e-05  6.94656197e-03  4.09785824e-05  7.74121930e-05  3.80400002e-03  1.31995394e-04 -3.14089991e-04 -1.50976426e-01 -7.05579059e-06  2.54616207e-05 -4.12435452e-03 -3.94235552e-05 -2.44579006e-05 -6.69301367e-03  2.89242129e-05 -3.32894457e-05  3.77690169e-03 -4.62896855e-05  1.08946454e-05  6.90692639e-03  4.81133659e-05 -4.11231484e-05 -6.62319245e-03  9.83389437e-07 -5.69598848e-05 -4.07791372e-03  1.29768667e-04 -7.88573373e-05 -9.14172393e-02 -1.08956441e-04 -2.88033279e-06  8.82704062e-02 -1.54303097e-04  2.39601415e-04  1.57038985e-01  1.10948591e-04 -1.56401992e-04 -1.52797831e-01  1.65428569e-05  1.04580546e-04 -9.08513076e-02 -2.79272130e-04  2.51866746e-06  8.77007726e-02  1.94924728e-04  1.90033725e-04  1.56064796e-01  1.33064498e-04 -2.87974620e-04 -1.51827567e-01 -3.42777709e-04  2.47388573e-04  1.65119691e-01 -1.02531231e-04 -8.64893669e-06 -1.61491810e-01 -2.47099548e-04  3.14762683e-05  2.55834229e-01 -3.67805049e-04  2.76976010e-04  1.64283013e-01 -1.21067252e-04 -1.69155979e-05 -1.60550496e-01 -2.64217725e-04  4.97904650e-05  2.54402772e-01  3.04658857e-04 -4.86954141e-05 -2.61051564e-01 -1.31919080e-04  1.01580637e-04  1.63413907e-01  1.37796460e-04 -1.07232808e-04 -1.59840753e-01 -2.26022621e-04  1.71215404e-04  2.53254594e-01  2.33145864e-04 -1.74765392e-04 -2.59780183e-01 -1.66694538e-04  7.42063179e-05  1.66162597e-01  1.48466742e-04 -1.29266735e-04 -1.62539181e-01 -2.48530458e-04  1.54177117e-04  2.57457979e-01  2.58643701e-04 -1.56178771e-04 -2.64095589e-01  2.85411630e-04 -2.70359388e-05 -2.62469971e-01]
Atoms: 57  Mode #: 93 Freq: 961.4569157956578 cm-1,Mass weighted displacment dq is: 
 [-3.63087716e-06 -7.73769867e-07  2.22919072e-07 -2.19595161e-04 -1.42144754e-05 -1.22885406e-03  8.83003015e-05 -1.76281483e-04 -1.38419072e-03 -1.85094287e-04  7.07488919e-05 -7.90868008e-05 -7.33056663e-05 -1.09100688e-04  2.08335837e-04  2.13229806e-04 -6.43392611e-05  7.95889568e-05  8.20693734e-05  1.08036964e-04 -2.10166081e-04 -1.01200025e-04  1.80607673e-04  1.41269328e-03  2.00897214e-04  1.73209305e-05  1.20054262e-03  4.60389286e-05 -1.11953156e-05 -7.24432802e-04  2.11674551e-05 -5.29374028e-05 -1.13266063e-03 -3.85010224e-05 -1.03461781e-04 -6.48328675e-03  4.76462589e-05 -7.72625484e-05 -9.74426180e-03 -2.00317405e-05  3.41633071e-05  1.77074030e-03 -6.12728466e-05 -1.01087237e-05  1.73100084e-04 -1.64749765e-04  1.00982626e-04  1.28417658e-01  1.32536958e-04 -3.29706281e-05 -1.22804983e-01  1.84047535e-04 -3.24102679e-04 -2.18529651e-01  7.01954206e-06 -2.16027142e-05  1.16628482e-02  4.17450932e-05 -3.10433843e-06 -1.59083592e-02  1.65794386e-06 -3.58509665e-05 -2.33464109e-02 -1.16967886e-04  2.12571742e-04  2.11656147e-01 -5.82068638e-05 -9.56991207e-05 -5.86496888e-03 -1.85008339e-05  2.07427199e-06 -1.02066684e-02  1.70987237e-05 -6.76479169e-06  1.02279546e-02  6.47367799e-05  1.06825552e-04  5.90011656e-03 -3.88914550e-05  7.15799694e-05  2.52181977e-02  6.78131960e-05  1.29816151e-05 -4.01021609e-05  2.41543114e-05 -3.10144888e-05 -1.59290311e-03 -3.05373983e-05  5.51392463e-05  1.01059760e-03 -4.85109794e-05  9.10597601e-06  5.30856452e-04 -3.62399648e-05  6.82620011e-05  9.72476758e-03  3.53894114e-05  9.76911334e-05  6.45072245e-03  1.55770214e-04 -1.08211887e-04 -1.28787595e-01 -1.43110390e-04 -1.03138100e-05  1.23193710e-01 -2.26320001e-04  3.79813346e-04  2.19127332e-01  1.72331786e-04 -2.03612280e-04 -2.12266180e-01 -5.27489847e-06  2.25335284e-05 -9.09310171e-03 -2.76787446e-05  2.55221843e-06  1.34406417e-02 -1.36502155e-05  2.72974337e-05  1.89801433e-02  3.87593342e-05 -6.22864033e-05 -2.09773829e-02 -4.64370781e-05  3.35779928e-05  1.61589511e-02  6.61192120e-06 -1.04583309e-05 -2.45493499e-02 -1.54836733e-05  4.80265598e-06  3.49740428e-02  5.96068513e-05 -4.31569597e-05 -2.08460052e-02 -1.82722491e-06  1.31439557e-05  2.90971377e-02  2.48238604e-05 -1.08001777e-05 -4.21332868e-02 -3.55449038e-05 -8.73587888e-06  3.99472386e-02  2.05720677e-04 -1.24458500e-04 -2.33955535e-01 -1.89466387e-04  1.74309217e-04  2.27193443e-01  3.01090266e-04 -2.18119945e-04 -3.56453606e-01 -3.38380532e-04  2.33942445e-04  3.68153168e-01 -2.58322773e-04  7.59455410e-05  2.34648459e-01  1.99230228e-04 -2.08277119e-04 -2.27912829e-01 -3.24626414e-04  1.95093400e-04  3.57495151e-01  3.63416943e-04 -2.05959975e-04 -3.69157946e-01  2.41714310e-05  1.21380642e-05 -3.26098694e-02]
Atoms: 57  Mode #: 94 Freq: 961.4573205669479 cm-1,Mass weighted displacment dq is: 
 [ 4.13797773e-07 -3.35861428e-06  3.59899804e-08  1.70885770e-04  6.87337435e-05  1.40553731e-03 -3.13295730e-05  1.98914589e-04 -1.22020590e-03  1.14553581e-04 -6.74375592e-05 -2.09903961e-04 -2.06353668e-05  2.47130136e-04 -8.16486786e-05 -1.13536510e-04  7.74759678e-05  2.09298255e-04  1.59747848e-05 -2.21402481e-04  8.17219849e-05  2.83186042e-05 -2.15296214e-04  1.20823899e-03 -1.75634109e-04 -8.11824601e-05 -1.39355632e-03  3.12390062e-05 -2.98898913e-05 -1.02116111e-02 -1.06839416e-04  7.47756272e-05 -5.86799320e-03 -3.84743299e-06  7.68993913e-05  1.29043944e-04  2.60565463e-05  4.26534705e-05  1.71269247e-03  9.17979793e-05  2.56163612e-05  9.70787870e-03  6.64256669e-05 -2.00985102e-05  6.46158439e-03  7.03464569e-06 -3.34147412e-06 -9.93983802e-03 -9.38206723e-06  2.93127857e-06  1.42576392e-02 -2.63948405e-05  7.54989746e-05  2.04249899e-02 -1.19990085e-05 -1.03250557e-04  1.28473077e-01  4.24885626e-04 -3.31580601e-05 -1.22784215e-01 -2.95651574e-04 -2.88911084e-04 -2.18542025e-01 -9.00604458e-06 -3.42377091e-05 -2.23827968e-02  5.18538177e-05  4.12946749e-05  1.05009795e-03  9.16085827e-06  3.23104279e-05  5.94477349e-04 -7.96986844e-06 -3.43171235e-05 -6.59097596e-04 -5.20205157e-05 -4.72912839e-05 -1.09326141e-03 -1.41838003e-04  3.71760696e-04  2.11619988e-01 -6.12973468e-05  1.70548541e-05 -6.48352235e-03 -8.24472933e-05 -1.66024325e-05 -9.73922244e-03  9.72398511e-05 -6.85541730e-05  5.89100784e-03 -2.49230223e-05  2.86961445e-05  1.02406733e-02 -2.98460223e-05 -4.02138511e-05 -1.65322926e-03  1.88900436e-07 -7.30304348e-05 -8.30694671e-05 -1.03671470e-05  5.87190518e-06  1.08044763e-02  1.18424382e-05  2.44780046e-06 -1.50921244e-02  3.09602734e-05 -8.21049407e-05 -2.18922253e-02  4.93618932e-06  3.73857149e-05  2.38113731e-02  1.72114392e-05  9.57737984e-05 -1.28837433e-01 -3.85480770e-04  2.42897284e-05  1.23154750e-01  2.45546240e-04  2.49322870e-04  2.19169928e-01  1.33872568e-04 -3.20764091e-04 -2.12244127e-01 -4.35870916e-04  3.06848400e-04  2.34722450e-01 -9.34324563e-05 -3.11370052e-05 -2.27853096e-01 -3.46429912e-04  7.58956444e-05  3.57471347e-01  4.78929586e-04 -3.54531418e-04 -2.34038471e-01  1.22759409e-04  4.12433332e-05  2.27167272e-01  3.67424357e-04 -9.87057717e-05 -3.56410718e-01 -4.19988906e-04  9.27374654e-05  3.68188070e-01 -1.49303792e-05  1.38907541e-05  1.77025185e-02  1.80251746e-05 -3.22461603e-05 -2.60548029e-02 -2.29625356e-05 -2.44606882e-06  3.73430727e-02  5.29308605e-05 -9.07860149e-06 -3.50378363e-02  1.93960046e-05 -1.11959372e-05 -1.92820408e-02 -2.11165504e-05  3.56672451e-05  2.75927786e-02  2.93682484e-05  2.75173514e-06 -3.97562153e-02 -5.72785473e-05  7.97467628e-06  3.75033453e-02  3.93866301e-04 -6.89538484e-05 -3.69246878e-01]
Atoms: 57  Mode #: 95 Freq: 961.6218384365853 cm-1,Mass weighted displacment dq is: 
 [-2.37726811e-05 -2.10094474e-05  4.16820539e-08 -1.02536145e-04 -1.79700101e-05 -1.74668191e-03 -7.26899282e-05 -1.84108769e-05  1.76761889e-03  1.08897443e-04  1.97137902e-05  9.79493941e-05  6.58710544e-06  9.60868687e-05 -1.01329552e-04  1.18580690e-04  2.65250404e-05  9.73053168e-05  1.12097585e-05  8.08088954e-05 -9.69927050e-05 -7.82145258e-05 -2.66142321e-05  1.75292257e-03 -1.00627167e-04 -2.53600317e-05 -1.77550270e-03  2.10943252e-05 -2.79446897e-05 -6.90429710e-03 -6.99428335e-05  2.21394390e-05 -4.79545468e-03 -3.19110309e-05 -2.89655649e-05 -5.12072862e-03  4.13471600e-05 -3.44007994e-05 -6.03758456e-03  4.96305770e-05  5.78139199e-05  6.13444829e-03  2.23981651e-05  1.41290367e-05  5.20208068e-03  7.75287145e-05 -6.83623825e-05 -9.28542470e-02 -1.05246249e-04  3.78596084e-05  8.90614424e-02 -1.46027570e-04  2.26341559e-04  1.56725626e-01 -8.93705658e-06 -1.04964846e-04  9.22359248e-02  3.08315209e-04 -2.04105829e-05 -8.83656509e-02 -2.28680417e-04 -2.20092305e-04 -1.55585884e-01  1.24743165e-04 -1.17285592e-04 -1.52183609e-01  2.30715575e-05  2.75551696e-05  4.83358110e-03  1.53131628e-05 -2.88912629e-05  6.95079326e-03  1.29740046e-05 -3.54194950e-05  6.77761556e-03  2.29614025e-05  3.38600839e-05  4.73412621e-03 -1.28849612e-04  3.18393440e-04  1.51017160e-01  1.98948379e-05  1.74189491e-05  5.15817731e-03  4.32282010e-05  5.13297649e-05  6.10095586e-03 -6.20638612e-05  2.07235875e-05 -4.77315609e-03  1.47976982e-05 -2.58743352e-05 -6.84553505e-03  3.53437585e-05 -2.95286132e-05 -6.20440830e-03 -2.88071680e-05 -2.86559691e-05 -5.22634466e-03  7.37285313e-05 -7.11497296e-05 -9.07034419e-02 -1.09578299e-04  8.01353810e-06  8.70005566e-02 -1.70121858e-04  2.53550200e-04  1.53047048e-01  1.56849676e-04 -1.10195938e-04 -1.48625738e-01 -1.28851936e-05 -1.03299810e-04  9.15176277e-02  2.77848106e-04 -1.35792379e-05 -8.77706521e-02 -1.95770769e-04 -1.92019123e-04 -1.54434100e-01 -1.24444163e-04  2.83201553e-04  1.49953697e-01  3.50973267e-04 -2.50636164e-04 -1.67410664e-01  1.08160161e-04  1.80550199e-06  1.61881508e-01  2.51154615e-04 -2.88033460e-05 -2.53492217e-01  3.81802984e-04 -2.84120368e-04 -1.68715516e-01  1.24874885e-04  1.16443182e-05  1.62985472e-01  2.66401926e-04 -4.86553918e-05 -2.55287234e-01 -3.03365011e-04  4.72736415e-05  2.61358995e-01 -1.71889168e-04  7.03857435e-05  1.69854943e-01  1.26698059e-04 -1.39792370e-04 -1.64262196e-01 -1.96444593e-04  1.54541880e-04  2.57237324e-01  2.39301845e-04 -1.69667946e-04 -2.63275508e-01 -2.00784066e-04  3.91034092e-05  1.65940608e-01  1.33605564e-04 -1.53245797e-04 -1.60451388e-01 -2.11078150e-04  1.37045705e-04  2.51247367e-01  2.50073195e-04 -1.47364245e-04 -2.57078116e-01 -2.83229883e-04  3.02679347e-05  2.59432552e-01]
Atoms: 57  Mode #: 96 Freq: 1003.3550196755818 cm-1,Mass weighted displacment dq is: 
 [ 3.88474981e-06 -9.96654002e-06  1.93162263e-07  9.36475455e-03  9.43061317e-03  2.33834938e-06 -9.44980856e-03  9.38979158e-03 -1.18578998e-05  2.99748507e-02  2.66428148e-02  7.14504949e-06 -2.66731023e-02  2.99245232e-02 -4.12908308e-05 -2.98512381e-02 -2.66087692e-02 -9.86381137e-06  2.65191801e-02 -2.98737897e-02  3.83457575e-05  9.42294700e-03 -9.37197472e-03  1.30621956e-05 -9.39102734e-03 -9.43764410e-03 -1.11876603e-06  8.54837575e-03 -2.34596008e-02  3.61143708e-05  7.86874828e-04  5.56599467e-03 -2.98116428e-07 -2.08947805e-03 -5.11527680e-03  1.81691055e-06 -1.82749038e-02  2.41292906e-02 -3.42427966e-05  2.41897481e-02  1.83312810e-02 -1.48176460e-05 -5.13017851e-03  2.10412364e-03 -4.35883989e-06 -1.38422281e-01 -3.81131033e-02 -7.79098873e-05  2.95353226e-02 -1.29035254e-01  1.00644234e-04 -6.81407761e-02  2.06850477e-01 -2.10227637e-04  3.81284054e-02 -1.38451126e-01  6.60549680e-05  1.29071676e-01  2.95517421e-02  1.89735985e-04 -2.06924305e-01 -6.81543476e-02  3.74959988e-05  2.19721626e-01  5.73586272e-02  1.76427152e-04  5.54932861e-03 -8.17798747e-04  2.62236588e-06 -2.34533952e-02 -8.56414918e-03 -1.40284920e-05  2.33982083e-02  8.53233751e-03  1.69985400e-05 -5.56908037e-03  7.94456162e-04 -2.48385176e-06 -5.73541707e-02  2.19762167e-01 -4.07760399e-04  5.13788193e-03 -2.08488678e-03  4.00188841e-06 -2.40665123e-02 -1.82333130e-02  1.14409744e-05 -8.42476603e-04 -5.54311617e-03  3.84092487e-07 -8.55586394e-03  2.33301713e-02 -3.30226102e-05  1.83350728e-02 -2.41776348e-02  3.10253945e-05  2.10607747e-03  5.16261054e-03 -2.23392166e-06  1.38091957e-01  3.80224286e-02  8.84970385e-05 -2.94724270e-02  1.28729698e-01 -8.53548313e-05  6.79709501e-02 -2.06383679e-01  2.27355750e-04 -2.19191948e-01 -5.72064430e-02 -2.28182161e-04 -3.79068356e-02  1.37764979e-01 -5.50915750e-05 -1.28400223e-01 -2.93870004e-02 -1.74131158e-04  2.05838396e-01  6.78072913e-02 -2.04549274e-05  5.70814443e-02 -2.18663999e-01  3.55173648e-04 -1.66735976e-01  1.26891161e-01 -2.86072385e-04 -1.90011622e-01  7.16898155e-02 -6.64225238e-06 -4.24035834e-02 -1.06406999e-01 -3.59585349e-04  1.67622420e-01 -1.27548132e-01  3.15491246e-04  1.90990505e-01 -7.20536760e-02 -5.24218246e-06  4.26378404e-02  1.06953257e-01  4.00380842e-04 -6.41538898e-02 -8.36512919e-02 -2.76142593e-04 -1.27513425e-01 -1.67570952e-01 -5.67527445e-06 -7.20443853e-02 -1.90952870e-01  1.23461577e-04  1.06921576e-01 -4.26083496e-02  4.70491916e-05 -8.36365360e-02  6.41316311e-02 -1.41488405e-04  1.27217026e-01  1.67184508e-01  3.43574478e-05  7.18663851e-02  1.90489984e-01 -1.35366592e-04 -1.06672274e-01  4.25226926e-02 -6.91409261e-06  8.34250205e-02 -6.39866000e-02  1.21670468e-04  6.38181255e-02  8.32296029e-02  2.56086016e-04]
Atoms: 57  Mode #: 97 Freq: 1003.6335289747689 cm-1,Mass weighted displacment dq is: 
 [ 4.62017049e-03  1.76275026e-03  2.31956588e-06 -5.90918168e-03 -6.49107401e-03 -2.23993634e-06  8.40406211e-04 -6.26848745e-03  4.15069418e-06 -9.21928370e-03 -3.83704187e-02  1.69514009e-05 -9.60875325e-03  3.13921774e-02 -2.70879654e-05 -9.21540551e-03 -3.83555782e-02  1.53444968e-05 -9.61253886e-03  3.13880232e-02 -2.46593093e-05  8.39225909e-04 -6.27167157e-03  4.73867114e-06 -5.91271963e-03 -6.49154895e-03 -1.43699268e-06  7.46666823e-03 -1.53742416e-02  2.58531117e-05  4.95290463e-03 -4.84429980e-03  7.58637405e-06 -4.64357670e-03  2.95300098e-03 -5.88955638e-06 -2.34510148e-02  3.01710280e-02 -4.54668943e-05  1.33689779e-02  1.66822806e-02 -1.21644559e-05 -1.16267133e-02  4.88699659e-03 -1.26119508e-05  1.67032289e-01  5.45088621e-02  1.02921846e-04 -4.07404705e-02  1.63437322e-01 -1.24203390e-04  8.47672464e-02 -2.65087439e-01  2.51806579e-04  2.51425777e-02 -9.10054213e-02  3.74495008e-05  8.42792528e-02  1.73427017e-02  1.17241254e-04 -1.29590049e-01 -4.63466104e-02  3.40291811e-05 -2.67580803e-01 -6.58806154e-02 -2.23625420e-04 -6.10720490e-03 -1.43218441e-02  7.06791340e-06  3.19764687e-02 -3.34226625e-03  2.81969196e-05  3.19661336e-02 -3.34055967e-03  3.29214014e-05 -6.10480258e-03 -1.43182240e-02  5.89771403e-06 -4.12838063e-02  1.45662911e-01 -2.61123533e-04 -1.16251760e-02  4.88557012e-03 -1.16683337e-05  1.33714945e-02  1.66793225e-02 -1.00105616e-05  4.95260442e-03 -4.84443615e-03  6.46111309e-06  7.46485669e-03 -1.53768847e-02  2.38947903e-05 -2.34548190e-02  3.01801182e-02 -4.03553787e-05 -4.64239591e-03  2.95163004e-03 -5.50519500e-06  1.66989263e-01  5.44900541e-02  1.15519709e-04 -4.07264497e-02  1.63387731e-01 -1.02800939e-04  8.47409166e-02 -2.65011250e-01  2.76899639e-04 -2.67506351e-01 -6.58611934e-02 -2.94084374e-04  2.51459029e-02 -9.10087266e-02  3.21672883e-05  8.42853383e-02  1.73470630e-02  1.08321972e-04 -1.29600917e-01 -4.63501626e-02  2.22114484e-05 -4.12858499e-02  1.45672042e-01 -2.29200486e-04  1.07795884e-01 -8.23821080e-02  1.91492350e-04  1.27426630e-01 -4.90197739e-02  2.05411526e-05  2.44063511e-02  6.89911389e-02  2.19596617e-04  1.07790403e-01 -8.23783620e-02  2.13113217e-04  1.27417808e-01 -4.90175228e-02  1.41083506e-05  2.44046572e-02  6.89870616e-02  2.42093836e-04 -4.02411076e-02 -5.73009401e-02 -1.84200521e-04  1.59926279e-01  2.15983891e-01 -2.39373569e-05  8.86948161e-02  2.38820023e-01 -1.65092514e-04 -1.33110220e-01  5.74720957e-02 -5.13819383e-05  1.03062329e-01 -8.20009857e-02  2.08116526e-04  1.59885115e-01  2.15926668e-01  1.32124224e-05  8.86697703e-02  2.38749537e-01 -1.86083731e-04 -1.33074792e-01  5.74589679e-02  1.04455801e-05  1.03026188e-01 -8.19774559e-02  1.77213754e-04 -4.02445710e-02 -5.73078320e-02 -1.71604751e-04]
Atoms: 57  Mode #: 98 Freq: 1003.6343540821193 cm-1,Mass weighted displacment dq is: 
 [-1.76294449e-03  4.62163964e-03 -4.61513059e-06  6.28501271e-03  8.58183946e-04  5.24903743e-06  6.47011226e-03 -5.89202573e-03  9.91151278e-06 -3.13142180e-02 -9.53572165e-03 -1.83697851e-05  3.83357949e-02 -9.17607206e-03  3.75504923e-05 -3.14607179e-02 -9.69286587e-03 -2.08204771e-05  3.83917719e-02 -9.26547338e-03  3.59417366e-05  6.51330930e-03 -5.92568875e-03  1.07756863e-05  6.25025167e-03  8.26449884e-04  4.69524555e-06  3.35233081e-03  3.19416607e-02 -3.83679641e-05  1.43311473e-02 -6.09953163e-03  1.14934547e-05 -4.88943993e-03 -1.16410941e-02  1.18979473e-06 -1.67338795e-02  1.34387184e-02 -1.93730504e-05 -3.01497599e-02 -2.34325701e-02  2.23740514e-05 -2.95876945e-03 -4.63911915e-03 -5.96001835e-07  9.06115038e-02  2.50308835e-02  3.63174090e-05 -1.72592503e-02  8.39107679e-02 -7.02324692e-05  4.61500171e-02 -1.28999608e-01  1.33203319e-04 -5.44590317e-02  1.66858557e-01 -7.65319715e-05 -1.63268319e-01 -4.07031107e-02 -2.61436090e-04  2.64822659e-01  8.46831817e-02 -7.52110290e-05 -1.45038977e-01 -4.11241443e-02 -1.03989834e-04  4.85805149e-03  4.95861973e-03  2.12262765e-06  1.53082847e-02  7.44749690e-03  9.85812398e-06  1.54461086e-02  7.48100667e-03  1.21360510e-05  4.82951480e-03  4.94766468e-03  3.19760846e-06  6.57993227e-02 -2.67292140e-01  5.52605906e-04 -2.94521121e-03 -4.64460631e-03 -7.78303092e-07 -3.02036545e-02 -2.34709165e-02  1.73784326e-05  1.43103986e-02 -6.11340981e-03  1.01623154e-05  3.32017647e-03  3.19927383e-02 -3.41351981e-05 -1.66246435e-02  1.33018492e-02 -1.70126727e-05 -4.87798624e-03 -1.16101376e-02  2.12572008e-06  9.13994020e-02  2.52607523e-02  4.16996229e-05 -1.74312161e-02  8.46545786e-02 -6.14344232e-05  4.65432279e-02 -1.30192328e-01  1.47199175e-04 -1.46294548e-01 -4.14484711e-02 -1.38518198e-04 -5.45338759e-02  1.67177183e-01 -6.36728193e-05 -1.63550787e-01 -4.07657728e-02 -2.41651140e-04  2.65277051e-01  8.48324986e-02 -5.20233343e-05  6.59331631e-02 -2.67795565e-01  4.86326962e-04 -2.16134879e-01  1.60048544e-01 -3.82146164e-04 -2.38987192e-01  8.87578726e-02  3.07748914e-05 -5.75226140e-02 -1.33219545e-01 -5.49874107e-04 -2.15767856e-01  1.59763190e-01 -4.16699912e-04 -2.38562855e-01  8.85961617e-02  4.99358935e-05 -5.74301562e-02 -1.32978855e-01 -6.06221213e-04  8.19184115e-02  1.02951607e-01  4.03083723e-04  8.20131734e-02  1.07308466e-01  3.54861586e-05  4.88123938e-02  1.26874194e-01 -6.85046339e-05 -6.86798083e-02  2.42780169e-02 -4.02332173e-05  5.70617327e-02 -4.00582891e-02  1.00987280e-04  8.27474736e-02  1.08281105e-01  5.84583303e-05  4.92258342e-02  1.27972368e-01 -7.62087896e-05 -6.92941485e-02  2.45271297e-02 -1.61859630e-05  5.75417494e-02 -4.04280389e-02  8.78628341e-05  8.20595425e-02  1.03139676e-01  3.75716616e-04]
Atoms: 57  Mode #: 99 Freq: 1004.4072650158164 cm-1,Mass weighted displacment dq is: 
 [-1.89469820e-06  3.87353826e-06  1.77230140e-09  6.24356873e-04  2.72980636e-03 -6.68551198e-07  2.72206701e-03 -6.08188705e-04  3.27829988e-06 -1.49497013e-02 -2.80657019e-02  5.95868375e-06 -2.80508954e-02  1.49567210e-02 -3.30540116e-05  1.48962014e-02  2.80527891e-02 -4.55946158e-06  2.81194953e-02 -1.49758160e-02  3.16223625e-05 -2.71166385e-03  5.95470401e-04 -3.59081188e-06 -6.12999790e-04 -2.72710167e-03  9.30557300e-07 -8.69962223e-04 -2.50272749e-02  2.96499710e-05 -8.52061259e-03  3.72599183e-03 -6.63916714e-06  2.33882842e-03  4.52756054e-03 -1.89027363e-07  1.99995816e-02 -2.32790398e-02  3.41774886e-05  2.32893434e-02  2.00122660e-02 -1.59168107e-05 -4.54586153e-03  2.34466516e-03 -4.29444567e-06  1.33644107e-01  4.39276276e-02  6.90762198e-05 -3.17796766e-02  1.30538696e-01 -1.05116588e-04  6.95951444e-02 -2.09314577e-01  2.10821588e-04  4.38985515e-02 -1.33586488e-01  7.04880422e-05  1.30472685e-01  3.17616105e-02  1.82694974e-04 -2.09210788e-01 -6.95616926e-02  3.02745245e-05 -2.14713134e-01 -5.42451158e-02 -1.70179239e-04 -3.72081360e-03 -8.52971084e-03  3.32708854e-06  2.50444349e-02 -8.81846086e-04  2.24360652e-05 -2.50211848e-02  8.96500613e-04 -2.56598059e-05  3.72906491e-03  8.54077913e-03 -2.73205405e-06 -5.42152502e-02  2.14609798e-01 -3.91270087e-04  4.54383940e-03 -2.35392093e-03  3.87439044e-06 -2.33441494e-02 -2.00568354e-02  1.25088653e-05  8.54282175e-03 -3.73543872e-03  6.03969851e-06  8.76763811e-04  2.50861750e-02 -2.63844567e-05 -2.00238774e-02  2.32995729e-02 -3.08015832e-05 -2.34778100e-03 -4.54746280e-03  8.15532062e-07 -1.33510654e-01 -4.38901567e-02 -7.97045399e-05  3.17555118e-02 -1.30414134e-01  9.06408009e-05 -6.95255513e-02  2.09127292e-01 -2.27689418e-04  2.14498446e-01  5.41824925e-02  2.20160784e-04 -4.39988602e-02  1.33896490e-01 -5.97754554e-05 -1.30770419e-01 -3.18361300e-02 -1.69994956e-04  2.09693858e-01  6.97185805e-02 -1.40154313e-05  5.43370589e-02 -2.15106178e-01  3.43760526e-04 -1.71165986e-01  1.27057666e-01 -2.81783246e-04 -1.92121151e-01  7.17653217e-02 -1.76463888e-05 -4.45900324e-02 -1.06261733e-01 -3.47036349e-04  1.70770934e-01 -1.26763870e-01  3.08259846e-04  1.91682239e-01 -7.16015263e-02  8.34950488e-06  4.44834705e-02  1.06015722e-01  3.82381160e-04 -6.46955421e-02 -8.42159712e-02 -2.66474880e-04  1.26824889e-01  1.70859276e-01  5.09631595e-06  7.16401178e-02  1.91784855e-01 -1.24762335e-04 -1.06063264e-01  4.44995108e-02 -5.46108676e-05  8.42586302e-02 -6.47277717e-02  1.47096516e-04 -1.26707436e-01 -1.70706770e-01 -3.37718603e-05 -7.15678615e-02 -1.91596978e-01  1.35990624e-04  1.05963381e-01 -4.44669705e-02  1.69183906e-05 -8.41714376e-02  6.46695125e-02 -1.29565223e-04  6.48453572e-02  8.44077941e-02  2.49646298e-04]
Atoms: 57  Mode #: 100 Freq: 1024.3275443424895 cm-1,Mass weighted displacment dq is: 
 [-2.08109280e-06 -1.21351676e-06 -3.86880734e-07 -1.80237552e-01 -5.40053453e-02 -1.31833523e-04  5.39989580e-02 -1.80236483e-01  1.55243969e-04 -2.57429289e-01  1.42651835e-01 -3.05092074e-04 -1.42648362e-01 -2.57428721e-01  4.99976994e-05  2.57442438e-01 -1.42654658e-01  3.21250452e-04  1.42660746e-01  2.57442989e-01 -3.40329803e-05 -5.40055752e-02  1.80233279e-01 -1.67600086e-04  1.80231724e-01  5.40017288e-02  1.19482396e-04 -1.20696159e-01 -3.57432175e-02 -7.57324968e-05 -1.08276370e-01  2.16034722e-02 -9.92267537e-05  7.83604337e-02  7.70256300e-02  1.19389582e-05  1.20271716e-01  3.97533332e-02  8.66033795e-05  3.97519765e-02 -1.20270420e-01  1.11222337e-04  7.70185711e-02 -7.83608032e-02  1.08483779e-04  1.12069921e-01 -8.35712351e-02  1.12978254e-04  1.34052957e-01 -6.17662904e-02  1.58987620e-04 -1.28147549e-02  1.18541546e-01 -4.92121062e-05  8.35747890e-02  1.12066122e-01 -9.68752121e-06  6.17759517e-02  1.34054205e-01 -5.66452437e-05 -1.18554712e-01 -1.28189302e-02 -8.55673514e-05 -8.41867173e-02 -4.84644596e-02 -5.97580959e-05  2.16070184e-02  1.08274212e-01 -5.60800823e-05 -3.57390428e-02  1.20695196e-01 -1.09792074e-04  3.57419962e-02 -1.20700075e-01  1.11571689e-04 -2.16089765e-02 -1.08282862e-01  4.19428072e-05  4.84602674e-02 -8.41754151e-02  1.37490199e-04 -7.70251541e-02  7.83629433e-02 -9.91944491e-05 -3.97548844e-02  1.20279607e-01 -9.92227575e-05  1.08278295e-01 -2.16127015e-02  8.54969632e-05  1.20696875e-01  3.57422009e-02  7.73177824e-05 -1.20272407e-01 -3.97512051e-02 -7.43830297e-05 -7.83638988e-02 -7.70187999e-02 -2.69402234e-06 -1.12069382e-01  8.35752166e-02 -1.19156891e-04 -1.34053659e-01  6.17708382e-02 -1.74068439e-04  1.28165609e-02 -1.18552309e-01  4.33176301e-05  8.41835085e-02  4.84654818e-02  7.62872476e-05 -8.35759603e-02 -1.12067472e-01  3.90803319e-06 -6.17745378e-02 -1.34057484e-01  4.21310816e-05  1.18555198e-01  1.28164533e-02  7.96850390e-05 -4.84642913e-02  8.41800739e-02 -1.21387598e-04 -2.81955795e-02 -3.04778533e-02 -7.91955550e-06 -2.68518772e-02 -3.45611390e-02 -3.21595109e-05  2.60438700e-03  3.41585832e-02  7.55313927e-05  2.81993904e-02  3.04751621e-02 -1.68382343e-06  2.68564300e-02  3.45581127e-02  3.43604154e-05 -2.60628302e-03 -3.41576477e-02 -8.47598739e-05 -3.39660381e-02 -2.94935403e-02 -1.02937594e-05  3.04813434e-02 -2.81891390e-02  1.35147364e-04  3.45624330e-02 -2.68440576e-02  4.36183021e-05 -3.41615377e-02  2.60557311e-03  2.01321269e-05 -2.94865802e-02  3.39621203e-02 -1.44751182e-04 -3.04775836e-02  2.81964757e-02 -1.44331639e-04 -3.45603290e-02  2.68499672e-02 -4.09728491e-05  3.41579160e-02 -2.60133186e-03 -2.93970247e-05  2.94887265e-02 -3.39651677e-02  1.53085727e-04  3.39665856e-02  2.94905453e-02  1.87274558e-05]
Atoms: 57  Mode #: 101 Freq: 1040.434719064701 cm-1,Mass weighted displacment dq is: 
 [-8.00592205e-02 -1.03900463e-02 -6.00878452e-05 -1.27843011e-01 -1.38508509e-02 -1.11119743e-04 -1.46431774e-01 -2.22628616e-02 -9.50928579e-05  3.81907068e-01 -1.38925728e-01  4.02802770e-04  2.12590072e-01  2.15764537e-01  3.54206324e-05  3.81898773e-01 -1.38920664e-01  4.23608412e-04  2.12583828e-01  2.15747555e-01  5.03323575e-05 -1.46429862e-01 -2.22716785e-02 -1.05768224e-04 -1.27851382e-01 -1.38546828e-02 -1.02500435e-04  1.63073026e-02 -5.21679004e-03  1.64104827e-05 -1.19437570e-03 -1.80200704e-01  1.10846716e-04 -7.52670143e-02  1.95304909e-01 -2.07682980e-04  4.77245875e-02  2.89245465e-02  2.79962914e-05 -4.25887154e-02  1.09480704e-01 -1.04559362e-04 -1.13145270e-01  8.90766607e-02 -1.44496253e-04 -4.49025526e-02  3.80435316e-02 -5.18237550e-05 -2.65093237e-02 -3.07497014e-03 -2.45244203e-05 -1.91238172e-02 -6.90709947e-02  1.43510529e-05 -1.35471362e-02  4.74960402e-03 -5.72534361e-06 -2.01793055e-02 -4.99603640e-02  2.40168655e-05  8.49325370e-02 -1.68466196e-02  6.99476207e-05  7.15954168e-02  7.31519975e-02  2.52634202e-05 -1.07584478e-01 -1.43072273e-01  9.50378488e-06  2.43329672e-02 -1.26226343e-01  1.08007528e-04  2.43300571e-02 -1.26221397e-01  1.10865126e-04 -1.07586476e-01 -1.43070903e-01 -9.45815902e-06 -3.15004031e-02  2.31573779e-02 -5.49871142e-05 -1.13140453e-01  8.90738829e-02 -1.35444089e-04 -4.25883660e-02  1.09479759e-01 -9.48074083e-05 -1.20065899e-03 -1.80196159e-01  9.20840169e-05  1.62988614e-02 -5.21885920e-03  1.64569706e-05  4.77310303e-02  2.89258626e-02  2.33921021e-05 -7.52628098e-02  1.95304918e-01 -2.06207898e-04 -4.48978823e-02  3.80387806e-02 -5.51835972e-05 -2.65025190e-02 -3.07871544e-03 -3.05498400e-05 -1.91252411e-02 -6.90664583e-02  8.32055673e-06  7.15940559e-02  7.31522939e-02  4.06851301e-05 -1.35434999e-02  4.75484459e-03 -5.09639080e-06 -2.01762360e-02 -4.99567964e-02  1.82773140e-05  8.49259359e-02 -1.68472249e-02  6.57714665e-05 -3.14981089e-02  2.31535015e-02 -4.94118563e-05  3.49577691e-03 -8.76943524e-04 -7.05950568e-06  5.42467234e-03 -2.12287223e-02  5.24634299e-06 -2.71927087e-02 -5.47383844e-03  9.84922204e-06  3.49184847e-03 -8.76844995e-04 -7.06973848e-06  5.42065327e-03 -2.12280371e-02  4.37841609e-06 -2.71930576e-02 -5.47251099e-03  1.46529491e-05  2.59682016e-02 -2.46435975e-02  5.40991616e-05 -7.50637145e-03  2.12888337e-02 -5.23824312e-05 -3.34766952e-03  4.23293634e-03  1.00084764e-05  7.59621704e-03  4.34732530e-02 -6.50799073e-05 -3.49190812e-02 -2.01753922e-02  2.99411363e-05 -7.50484785e-03  2.12875705e-02 -5.42324155e-05 -3.34652840e-03  4.23003201e-03  1.39578516e-05  7.59390113e-03  4.34763222e-02 -7.39606012e-05 -3.49213883e-02 -2.01739234e-02  2.89628011e-05  2.59665757e-02 -2.46451851e-02  5.09574264e-05]
Atoms: 57  Mode #: 102 Freq: 1040.4348283623629 cm-1,Mass weighted displacment dq is: 
 [-1.03897196e-02  8.00597122e-02 -5.71449679e-05 -2.22686274e-02  1.46432821e-01 -1.00514633e-04 -1.38531097e-02  1.27847774e-01 -9.23224595e-05  2.15756385e-01 -2.12588005e-01  3.09096009e-04 -1.38924860e-01 -3.81903936e-01  1.36284739e-04  2.15756503e-01 -2.12588207e-01  3.23698922e-04 -1.38923361e-01 -3.81898967e-01  1.15961289e-04 -1.38516462e-02  1.27849599e-01 -1.01000044e-04 -2.22666632e-02  1.46433713e-01 -1.11326029e-04 -1.26226472e-01 -2.43344071e-02 -8.72199888e-05 -1.43071374e-01  1.07584540e-01 -1.84003098e-04  8.90764392e-02  1.13141824e-01  2.12581450e-06  1.09481923e-01  4.25889909e-02  7.53611783e-05  2.89249694e-02 -4.77300277e-02  5.58621876e-05  1.95303266e-01  7.52628182e-02  1.09644665e-04  4.75245425e-03  1.35439785e-02 -9.30738481e-07 -4.99581904e-02  2.01758161e-02 -5.58422024e-05 -1.68463481e-02 -8.49264238e-02  3.32235698e-05  3.80443178e-02  4.49021596e-02 -3.11456404e-06 -3.07012532e-03  2.65098377e-02 -3.92042186e-05 -6.90750525e-02  1.91223077e-02 -7.44637122e-05  2.31556865e-02  3.14996433e-02  5.84260674e-06 -1.80198633e-01  1.19776834e-03 -1.53340419e-04 -5.21820013e-03 -1.63013966e-02  4.90267855e-06 -5.21704563e-03 -1.63028912e-02  4.32679144e-06 -1.80198738e-01  1.19707744e-03 -1.72470887e-04  7.31496654e-02 -7.15929211e-02  1.51289242e-04  1.95303212e-01  7.52644916e-02  1.10841987e-04  2.89253188e-02 -4.77302058e-02  5.12483610e-05 -1.43070192e-01  1.07582437e-01 -1.65123757e-04 -1.26223378e-01 -2.43334799e-02 -8.94878637e-05  1.09480971e-01  4.25888501e-02  6.52960433e-05  8.90749002e-02  1.13142659e-01 -7.07375044e-06  4.75082973e-03  1.35456525e-02  4.63751670e-07 -4.99607528e-02  2.01800484e-02 -6.21924175e-05 -1.68444668e-02 -8.49314249e-02  2.80933072e-05  2.31542059e-02  3.14985969e-02  1.27805488e-05  3.80431546e-02  4.49006219e-02 -1.14928439e-07 -3.07272585e-03  2.65075164e-02 -3.30522346e-05 -6.90704417e-02  1.91233043e-02 -6.79988077e-05  7.31499588e-02 -7.15931109e-02  1.35371720e-04  2.12882153e-02  7.50611926e-03  1.34142658e-05  4.23419636e-03  3.34689642e-03  2.84238111e-05  4.34716635e-02 -7.59608297e-03 -5.07526326e-05  2.12915244e-02  7.50491525e-03  1.12171862e-05  4.23887777e-03  3.34549354e-03  3.31876864e-05  4.34702964e-02 -7.59689056e-03 -6.16084873e-05 -2.01764605e-02  3.49162312e-02 -2.93675417e-05 -8.78611177e-04 -3.49729114e-03 -1.12758608e-05 -2.12285800e-02 -5.42393727e-03 -1.55729290e-05 -5.47326007e-03  2.71930508e-02 -4.36063431e-05 -2.46437967e-02 -2.59666176e-02  3.34062188e-05 -8.78479972e-04 -3.49583900e-03 -1.19912956e-05 -2.12278663e-02 -5.41970867e-03 -1.34844754e-05 -5.47403177e-03  2.71932625e-02 -5.12859001e-05 -2.46383151e-02 -2.59679270e-02  3.18224055e-05 -2.01753671e-02  3.49176234e-02 -2.96800950e-05]
Atoms: 57  Mode #: 103 Freq: 1073.6530897541718 cm-1,Mass weighted displacment dq is: 
 [-7.43323014e-03  9.79726477e-03 -1.38806441e-05 -4.67705522e-02  5.62919256e-02 -7.57818142e-05 -4.76283324e-02  5.65451559e-02 -7.28375468e-05 -9.98582476e-02 -7.38682659e-03 -7.55305626e-05  1.24900442e-01 -2.78306121e-02  1.15847517e-04 -9.98627579e-02 -7.38503158e-03 -8.33990137e-05  1.24903511e-01 -2.78281446e-02  1.08937954e-04 -4.76257460e-02  5.65447432e-02 -7.83374343e-05 -4.67718338e-02  5.62946030e-02 -7.57749346e-05 -1.63201395e-01 -5.32585117e-02 -9.50141665e-05 -2.21530792e-02 -4.23467836e-02  1.16492408e-05  5.57814100e-02 -1.12076105e-01  1.24502887e-04  1.96319751e-01  4.74282606e-03  1.74057118e-04 -5.84125282e-02  4.64691344e-02 -7.31221693e-05 -7.56389775e-02 -4.78701736e-06 -6.14774593e-05 -2.12687754e-01  7.96807562e-02 -1.93193685e-04 -2.15194578e-01  1.54651455e-01 -2.89025738e-04  9.55143306e-02 -7.39188716e-02  1.07603825e-04  5.78811933e-02  1.17146205e-01 -2.57142610e-05  4.84590743e-02  4.75635648e-02  9.55907416e-06  8.89948737e-03 -3.51094125e-02  3.30873553e-05  6.95060853e-02 -5.49977991e-02  9.48182058e-05  1.34170513e-01  3.94345971e-02  8.59104046e-05  9.24711176e-02 -6.45277884e-02  1.16671661e-04  9.24719462e-02 -6.45249466e-02  1.22587397e-04  1.34172461e-01  3.94349579e-02  9.54756831e-05 -2.39820085e-03 -6.17195791e-02  2.88016542e-05 -7.56413919e-02 -6.49702352e-06 -5.93793041e-05 -5.84135728e-02  4.64736085e-02 -6.66917303e-05 -2.21535406e-02 -4.23486803e-02  1.40197106e-05 -1.63201703e-01 -5.32583323e-02 -9.51037591e-05  1.96324458e-01  4.74228779e-03  1.56052257e-04  5.57799218e-02 -1.12074092e-01  1.21377484e-04 -2.12685667e-01  7.96813260e-02 -2.09186679e-04 -2.15190513e-01  1.54650671e-01 -3.04591490e-04  9.55137051e-02 -7.39202921e-02  1.13699677e-04  6.95018862e-02 -5.50007721e-02  9.81592783e-05  5.78813553e-02  1.17145876e-01 -1.68684499e-05  4.84574427e-02  4.75611162e-02  1.19486930e-05  8.90170972e-03 -3.51086406e-02  2.98937672e-05 -2.39824787e-03 -6.17202463e-02  2.36661459e-05  3.93828067e-02  2.49751774e-02  1.24425970e-05  1.17362557e-01 -4.27546970e-02  1.11021583e-04 -7.90790607e-02 -6.80678775e-02 -2.39324022e-05  3.93812104e-02  2.49759790e-02  7.49505817e-06  1.17362157e-01 -4.27532598e-02  1.17740397e-04 -7.90789055e-02 -6.80673971e-02 -1.82527810e-05  4.73333723e-03 -5.90790662e-02  4.08596272e-05 -1.33397664e-01 -1.05539100e-01 -1.24130159e-04 -2.34853813e-02  1.24604880e-01 -1.30046481e-04  1.04603503e-01 -1.53220283e-01  2.06115423e-04  2.23931171e-01 -1.81956266e-02  2.49327563e-04 -1.33394327e-01 -1.05534107e-01 -1.49142479e-04 -2.34835392e-02  1.24606170e-01 -1.31795313e-04  1.04601740e-01 -1.53220251e-01  2.14127971e-04  2.23926912e-01 -1.81959726e-02  2.76627273e-04  4.73395176e-03 -5.90766329e-02  3.33588716e-05]
Atoms: 57  Mode #: 104 Freq: 1073.6538637157425 cm-1,Mass weighted displacment dq is: 
 [-9.79772891e-03 -7.43192320e-03 -3.61494050e-06 -5.65439901e-02 -4.76268984e-02 -2.25149327e-05 -5.62971292e-02 -4.67716280e-02 -1.71920265e-05  2.78379281e-02  1.24895328e-01 -6.36579237e-05  7.38019444e-03 -9.98668526e-02  6.90487844e-05  2.78334772e-02  1.24897073e-01 -5.64651886e-05  7.38376780e-03 -9.98568912e-02  6.14126362e-05 -5.62959380e-02 -4.67706556e-02 -1.71463975e-05 -5.65451649e-02 -4.76234808e-02 -1.70451294e-05  6.45331530e-02  9.24773761e-02 -4.45521550e-06 -3.94395299e-02  1.34174023e-01 -1.15752544e-04  2.82168409e-06 -7.56370444e-02  5.52488299e-05 -4.64701656e-02 -5.84110076e-02 -4.17745410e-06 -4.73739007e-03  1.96321097e-01 -1.23716793e-04  1.12080179e-01  5.57835449e-02  5.08094659e-05 -1.17151005e-01  5.78811616e-02 -1.20249691e-04 -4.75651180e-02  4.84618871e-02 -7.39926101e-05  3.51121140e-02  8.89894298e-03  9.06770423e-06 -7.96827292e-02 -2.12689638e-01  6.47351549e-05 -1.54655122e-01 -2.15193908e-01  7.42478159e-06  7.39217035e-02  9.55117888e-02 -1.08619958e-05  6.17237063e-02 -2.39781412e-03  5.16011018e-05  4.23410764e-02 -2.21536633e-02  4.57932025e-05  5.32584162e-02 -1.63200768e-01  1.61577058e-04  5.32580377e-02 -1.63198074e-01  1.62049874e-04  4.23433061e-02 -2.21549438e-02  4.34876988e-05  5.50015627e-02  6.94995983e-02  1.21222836e-05  1.12075131e-01  5.57813269e-02  5.39758920e-05 -4.73935642e-03  1.96322313e-01 -1.05899473e-04 -3.94381641e-02  1.34168672e-01 -1.06283934e-04  6.45325231e-02  9.24741972e-02  1.25985795e-06 -4.64667018e-02 -5.84104694e-02  2.49196948e-06  1.70430517e-06 -7.56347828e-02  5.73544573e-05 -1.17149042e-01  5.78810787e-02 -1.29513889e-04 -4.75611436e-02  4.84590129e-02 -7.63151851e-05  3.51102659e-02  8.90158944e-03  1.25837983e-05  6.17231348e-02 -2.39735155e-03  5.63962743e-05 -7.96820152e-02 -2.12685233e-01  4.87865438e-05 -1.54652343e-01 -2.15193507e-01 -7.51813921e-06  7.39228755e-02  9.55077986e-02 -4.76573916e-06  5.49981115e-02  6.94998609e-02  1.52462432e-05  1.05521462e-01 -1.33387871e-01  1.60073050e-04 -1.24610019e-01 -2.34824743e-02 -7.82266100e-05  1.53224809e-01  1.04604669e-01  6.93726524e-05  1.05524140e-01 -1.33390444e-01  1.84082841e-04 -1.24612295e-01 -2.34826162e-02 -7.60459567e-05  1.53227652e-01  1.04605561e-01  6.12580549e-05  1.81965088e-02  2.23930097e-01 -1.25086472e-04 -2.49823718e-02  3.93716226e-02 -1.00103963e-04  4.27539721e-02  1.17364669e-01 -5.54793491e-05  6.80693312e-02 -7.90799102e-02  1.13830354e-04  5.90855906e-02  4.73327605e-03  6.87446141e-05 -2.49798280e-02  3.93748743e-02 -1.04997051e-04  4.27534560e-02  1.17360762e-01 -4.91326881e-05  6.80684338e-02 -7.90788695e-02  1.20871148e-04  5.90799757e-02  4.73395345e-03  7.58650339e-05  1.81971867e-02  2.23922271e-01 -9.87228494e-05]
Atoms: 57  Mode #: 105 Freq: 1085.3160375144123 cm-1,Mass weighted displacment dq is: 
 [ 7.44075377e-07  3.15241783e-07 -1.21024059e-08 -2.77861312e-02  9.30857272e-02 -7.68541037e-05  9.30826624e-02  2.77865920e-02  5.23589758e-05 -2.96461329e-01  1.58879653e-01 -3.50867783e-04  1.58874076e-01  2.96446536e-01 -6.11713684e-05  2.96458423e-01 -1.58878341e-01  3.70880079e-04 -1.58881482e-01 -2.96450144e-01  4.13942212e-05 -9.30820724e-02 -2.77860839e-02 -5.85226874e-05  2.77856916e-02 -9.30841993e-02  8.30694485e-05  6.06369346e-02 -2.66671289e-02  6.57952910e-05  5.55507535e-02 -1.92339260e-01  1.64115913e-04 -5.88608606e-02  1.91374025e-01 -1.86871252e-04  3.40230681e-02  5.45950640e-02 -4.54212626e-06 -5.45931785e-02  3.40253760e-02 -6.66821493e-05 -1.91364771e-01 -5.88619489e-02 -1.15678865e-04 -5.49744210e-02  1.31590791e-03 -3.59322370e-05 -3.29939132e-02  4.80916207e-02 -6.11034237e-05  4.77796079e-02  4.36677378e-02  8.19281803e-06  1.31289638e-03  5.49573092e-02 -2.70194241e-05  4.80747666e-02  3.29818188e-02  3.02075424e-05  4.36690408e-02 -4.77678326e-02  6.76286512e-05 -1.66875966e-02 -6.37470454e-02  2.07311801e-05  1.92348898e-01  5.55587842e-02  1.22045956e-04  2.66732101e-02  6.06361862e-02 -2.01268405e-05 -2.66720863e-02 -6.06377644e-02  1.54087957e-05 -1.92349434e-01 -5.55562212e-02 -1.40988706e-04 -6.37377116e-02  1.66921961e-02 -9.27893997e-05  1.91370561e-01  5.88635871e-02  1.17544954e-04  5.45965963e-02 -3.40299040e-02  6.13698510e-05 -5.55518917e-02  1.92341274e-01 -1.45456443e-04 -6.06327583e-02  2.66685836e-02 -6.12191695e-05 -3.40209144e-02 -5.45968751e-02  9.96678222e-06  5.88607638e-02 -1.91377184e-01  1.84927687e-04  5.49679990e-02 -1.31615527e-03  4.07377231e-05  3.29894403e-02 -4.80867470e-02  6.11797258e-05 -4.77760521e-02 -4.36676306e-02 -1.49274637e-05  1.66903303e-02  6.37455544e-02 -1.25043851e-05 -1.31434743e-03 -5.49623608e-02  2.23013377e-05 -4.80784815e-02 -3.29832621e-02 -3.03098552e-05 -4.36696032e-02  4.77691587e-02 -6.10696488e-05  6.37398302e-02 -1.66897606e-02  8.48613216e-05  2.79864338e-02 -3.31165145e-02  4.39599273e-05 -4.09462864e-02  3.13149955e-03 -1.58051810e-05  8.77968563e-02  3.82452002e-02 -5.02335189e-06 -2.79884791e-02  3.31157378e-02 -5.02927313e-05  4.09375919e-02 -3.12755719e-03  1.38364434e-05 -8.77892871e-02 -3.82400052e-02  1.38929171e-05  1.44125034e-02 -1.04097738e-01  8.16747303e-05 -3.31295051e-02 -2.80034813e-02 -3.01451593e-05  3.13145339e-03  4.09563140e-02 -3.61781139e-05  3.82514047e-02 -8.78082218e-02  1.23764403e-04  1.04122540e-01  1.44126502e-02  7.00777795e-05  3.31242356e-02  2.79972508e-02  3.66822250e-05 -3.13070555e-03 -4.09510649e-02  3.82165547e-05 -3.82481935e-02  8.78039286e-02 -1.32984603e-04 -1.04111870e-01 -1.44123285e-02 -8.10971821e-05 -1.44128615e-02  1.04099706e-01 -7.09302858e-05]
Atoms: 57  Mode #: 106 Freq: 1090.276215654074 cm-1,Mass weighted displacment dq is: 
 [-1.49294164e-08  2.04909299e-07  1.68888104e-09 -2.90875708e-02  9.87543195e-02 -8.17706177e-05  9.87598241e-02  2.90822885e-02  5.65286288e-05 -9.85339406e-02  5.74381523e-02 -1.18888495e-04  5.74653649e-02  9.85987889e-02 -1.65558021e-05  9.85316690e-02 -5.74390497e-02  1.25247406e-04 -5.74627022e-02 -9.85991406e-02  1.02609901e-05 -9.87611865e-02 -2.90810832e-02 -6.24474016e-05  2.90858807e-02 -9.87545992e-02  8.77158328e-05  9.62725905e-02  6.86926101e-02  3.39691490e-05 -3.49137311e-02 -4.50418032e-02 -5.71836433e-07 -5.29346396e-02  1.89537049e-02 -6.07160468e-05  1.23579144e-01 -1.97515780e-03  1.11326081e-04  1.96005914e-03  1.23546276e-01 -7.46549661e-05 -1.90132932e-02 -5.29203778e-02  1.51264961e-05  1.65601958e-01 -4.31613039e-02  1.38838616e-04  1.31577028e-01 -1.22884492e-01  1.97274834e-04 -7.67896540e-02  4.98540720e-02 -8.24494001e-05 -4.31523420e-02 -1.65522712e-01  6.59897578e-05 -1.22816652e-01 -1.31519795e-01 -1.84963564e-05  4.98566587e-02  7.67341748e-02 -1.71465623e-05 -6.87204457e-02  3.80103522e-02 -8.08742187e-05  4.49935471e-02 -3.49513152e-02  6.11170827e-05 -6.87213431e-02  9.62693237e-02 -1.21993212e-04  6.87245668e-02 -9.62703353e-02  1.24630114e-04 -4.49911770e-02  3.49520693e-02 -6.52184185e-05  3.79692761e-02  6.87034248e-02  5.87225997e-07  1.90127055e-02  5.29212017e-02 -1.08146850e-05 -1.96072037e-03 -1.23544536e-01  6.39327604e-05  3.49140566e-02  4.50410736e-02  4.63602950e-06 -9.62748741e-02 -6.86919623e-02 -3.64748112e-05 -1.23576999e-01  1.97588515e-03 -1.00492100e-04  5.29360696e-02 -1.89556821e-02  5.63274144e-05 -1.65605752e-01  4.31643474e-02 -1.52523475e-04 -1.31579357e-01  1.22888152e-01 -2.05332668e-04  7.67909089e-02 -4.98575765e-02  8.81022614e-05  6.87197253e-02 -3.80133721e-02  8.46273534e-05  4.31531743e-02  1.65523156e-01 -5.25287393e-05  1.22815940e-01  1.31519494e-01  2.62011259e-05 -4.98552998e-02 -7.67321134e-02  1.15925677e-05 -3.79681667e-02 -6.87058248e-02 -4.23403831e-06 -1.17353541e-01  1.20324191e-01 -1.56492058e-04  1.63623467e-01 -2.87373351e-02  1.35904197e-04 -1.32606643e-01 -9.56028282e-02 -4.80097000e-05  1.17355475e-01 -1.20324749e-01  1.77278891e-04 -1.63621823e-01  2.87357000e-02 -1.40733217e-04  1.32604673e-01  9.56005508e-02  4.06899912e-05  1.17048662e-02  1.78117321e-01 -1.02642278e-04  1.20393369e-01  1.17434605e-01  7.93995552e-05 -2.87486757e-02 -1.63697868e-01  1.07166125e-04 -9.56476715e-02  1.32684661e-01 -1.87224089e-04 -1.78238254e-01  1.17023689e-02 -1.92962558e-04 -1.20393642e-01 -1.17432362e-01 -1.00824296e-04  2.87495246e-02  1.63702121e-01 -1.01945122e-04  9.56494854e-02 -1.32688945e-01  1.94752701e-04  1.78239030e-01 -1.17033206e-02  2.13534704e-04 -1.17047258e-02 -1.78113547e-01  8.26822264e-05]
Atoms: 57  Mode #: 107 Freq: 1092.0754067088621 cm-1,Mass weighted displacment dq is: 
 [-5.34142938e-08 -3.54802899e-07  1.72813450e-07 -7.00647961e-03 -2.64912823e-03 -2.77582547e-06  2.60123096e-03 -7.02291207e-03  6.00227512e-06  1.22582379e-01 -6.47324983e-02  1.43126418e-04  6.47273630e-02  1.22548406e-01 -2.65620341e-05 -1.22581327e-01  6.47357022e-02 -1.51300262e-04 -6.47271347e-02 -1.22545994e-01  1.84762565e-05 -2.60246612e-03  7.01984958e-03 -5.78619539e-06  7.00457359e-03  2.64711934e-03  2.94792214e-06 -1.15241315e-02 -6.06505584e-02  2.86815282e-05  7.62429201e-02 -8.59540443e-02  1.16679498e-04 -1.88183642e-02 -1.13279990e-01  6.27039904e-05  4.66740976e-02 -4.24981136e-02  7.02845411e-05 -4.25096403e-02 -4.67295735e-02 -5.36025043e-06 -1.13286147e-01  1.88457118e-02 -1.00879676e-04  1.54059385e-01 -1.69537062e-02  1.21761398e-04  1.02830653e-01 -1.24355424e-01  1.77867740e-04 -9.09752247e-02 -7.32449509e-03 -5.97426772e-05  1.69790762e-02  1.54158649e-01 -7.77851325e-05  1.24424466e-01  1.02902226e-01  3.90165464e-05  7.30304798e-03 -9.10200340e-02  6.84638614e-05 -3.09863321e-02  7.93512061e-02 -7.87152991e-05 -8.59616647e-02 -7.62217763e-02 -1.89846227e-05 -6.06064762e-02  1.14625626e-02 -5.72625361e-05  6.06100817e-02 -1.14670990e-02  6.22995755e-05  8.59627256e-02  7.62216326e-02  2.85012352e-05 -7.93785850e-02 -3.10219352e-02 -6.20945208e-05  1.13287948e-01 -1.88441681e-02  9.85880595e-05  4.25102040e-02  4.67327379e-02  7.86259234e-06 -7.62435144e-02  8.59562450e-02 -1.07266342e-04  1.15284524e-02  6.06524125e-02 -2.37778473e-05 -4.66762859e-02  4.24976106e-02 -6.78093351e-05  1.88173584e-02  1.13277799e-01 -6.50429084e-05 -1.54063015e-01  1.69568542e-02 -1.35827559e-04 -1.02831449e-01  1.24359274e-01 -1.83019701e-04  9.09775588e-02  7.32193196e-03  6.89754381e-05  3.09850224e-02 -7.93545414e-02  7.65202067e-05 -1.69812547e-02 -1.54163878e-01  6.38901953e-05 -1.24426347e-01 -1.02906990e-01 -4.39280509e-05 -7.30130286e-03  9.10195581e-02 -5.94017070e-05  7.93779282e-02  3.10259815e-02  5.99532141e-05  1.14655018e-01 -1.12160998e-01  1.53977071e-04 -1.54044814e-01  3.10478275e-02 -1.30463187e-04  1.65718163e-01  9.80238552e-02  6.14658233e-05 -1.14656135e-01  1.12159593e-01 -1.71766704e-04  1.54042374e-01 -3.10477840e-02  1.35930065e-04 -1.65714854e-01 -9.80203515e-02 -5.31004462e-05  5.40907768e-03 -2.08356019e-01  1.41443246e-04  1.12097138e-01  1.14604461e-01  4.40602062e-05 -3.10235639e-02 -1.53935891e-01  9.48971009e-05 -9.79599097e-02  1.65626837e-01 -2.19606156e-04 -2.08256536e-01 -5.41357167e-03 -1.89789847e-04 -1.12096704e-01 -1.14600490e-01 -6.27037606e-05  3.10277009e-02  1.53945294e-01 -8.92126230e-05  9.79630832e-02 -1.65633593e-01  2.28029324e-04  2.08255808e-01  5.41283730e-03  2.14163211e-04 -5.40859662e-03  2.08356501e-01 -1.17708563e-04]
Atoms: 57  Mode #: 108 Freq: 1112.840103739379 cm-1,Mass weighted displacment dq is: 
 [-1.00786397e-02 -1.90291238e-03 -7.41116472e-06 -6.14843846e-03 -4.30211470e-03 -4.90870925e-06  3.17474844e-02  1.12701892e-02  1.33997380e-05 -1.11940099e-02  1.41319968e-01 -1.05831433e-04  9.91440386e-02 -1.24609265e-01  1.57302856e-04 -1.11860428e-02  1.41321737e-01 -1.01985582e-04  9.91619991e-02 -1.24630142e-01  1.46225390e-04  3.17406827e-02  1.12655646e-02  1.72461941e-05 -6.14856447e-03 -4.29813914e-03 -3.17593914e-06 -1.71433199e-01 -2.17327825e-02 -1.22583450e-04  2.90930123e-02  9.30963889e-02 -3.28406833e-05  8.69850046e-02 -6.39355919e-02  1.22841392e-04 -1.25683068e-01 -5.73971813e-02 -7.14512116e-05 -9.63498906e-02  1.47823930e-01 -1.63595879e-04 -1.16370003e-02  4.42929277e-02 -4.04301864e-05  2.92992887e-02  4.52673311e-02 -1.47312772e-05  5.66067780e-02 -8.25505383e-02  1.08627880e-04 -8.54840528e-02  3.76930101e-02 -9.26432453e-05  1.38934617e-02  9.99829434e-02 -4.97460150e-05  4.19246242e-02 -2.50020547e-02  4.56421542e-05  6.29564132e-02 -3.54118027e-03  4.55363227e-05  4.45127506e-02  4.18779089e-02  9.05328642e-06  3.64196715e-02 -4.72793154e-02  5.96071910e-05 -2.54077357e-03 -1.49753212e-01  1.08257663e-04 -2.53996386e-03 -1.49754827e-01  1.04007426e-04  3.64217348e-02 -4.72870178e-02  5.73184438e-05 -4.43468455e-02 -8.39497601e-02  1.49952112e-05 -1.16347544e-02  4.42927278e-02 -3.73700609e-05 -9.63608408e-02  1.47849104e-01 -1.47756363e-04  2.90877521e-02  9.31068911e-02 -2.49024766e-05 -1.71462352e-01 -2.17348031e-02 -1.18508559e-04 -1.25681840e-01 -5.73970706e-02 -5.83772129e-05  8.69960697e-02 -6.39413236e-02  1.17141831e-04  2.93000324e-02  4.52643501e-02 -1.08479356e-05  5.66081057e-02 -8.25541424e-02  1.11764982e-04 -8.54830263e-02  3.76947500e-02 -1.00796533e-04  4.45122037e-02  4.18846140e-02  1.66567198e-05  1.38969796e-02  9.99896014e-02 -4.04070951e-05  4.19193140e-02 -2.50119830e-02  4.04994963e-05  6.29639526e-02 -3.53395521e-03  4.43153139e-05 -4.43444366e-02 -8.39616987e-02  8.52639439e-06  5.88650156e-02  3.39465453e-03  3.60033617e-05  2.49820734e-01 -1.37734253e-01  2.66636749e-04 -1.92767602e-01 -1.40327979e-01 -9.74729831e-05  5.88412747e-02  3.40475906e-03  3.61819763e-05  2.49799923e-01 -1.37718532e-01  2.87174281e-04 -1.92753700e-01 -1.40314686e-01 -8.97731334e-05  2.02672198e-02  3.65632337e-02  1.05699533e-05  1.29230448e-01  2.38910610e-01 -6.59093083e-05  2.88145446e-02 -7.50639537e-03  3.71681005e-05  2.17592966e-02  2.38555912e-03  9.50922159e-06 -2.33024766e-01  9.78046592e-03 -2.10470131e-04  1.29230360e-01  2.38909388e-01 -4.47379523e-05  2.88121450e-02 -7.51333006e-03  3.93481468e-05  2.17557946e-02  2.39285252e-03  9.30489910e-06 -2.33021143e-01  9.78113325e-03 -2.35203146e-04  2.02694666e-02  3.65868577e-02  1.13176193e-05]
Atoms: 57  Mode #: 109 Freq: 1112.8422655707495 cm-1,Mass weighted displacment dq is: 
 [ 1.90326772e-03 -1.00786009e-02  9.22393404e-06 -1.12680624e-02  3.17481519e-02 -2.63384935e-05  4.30017297e-03 -6.14756574e-03  6.52445526e-06  1.24619818e-01  9.91643567e-02  3.56679354e-05 -1.41304331e-01 -1.12004945e-02 -1.06680579e-04  1.24609434e-01  9.91461087e-02  4.70402415e-05 -1.41327886e-01 -1.11788238e-02 -1.03060379e-04  4.30154928e-03 -6.14469051e-03  8.28018305e-06 -1.12695350e-02  3.17460395e-02 -3.01571956e-05  1.49731374e-01 -2.54589556e-03  1.20442876e-04  4.72778974e-02  3.64220789e-02  1.54566277e-05 -4.42850493e-02 -1.16400417e-02 -2.85708701e-05 -1.47820150e-01 -9.63529948e-02 -6.91786728e-05  5.73847057e-02 -1.25667907e-01  1.19759890e-04  6.39353658e-02  8.69906878e-02 -6.60374774e-07 -9.99987503e-02  1.38964871e-02 -8.84850933e-05  2.50039915e-02  4.19203463e-02 -1.18899898e-05  3.53924550e-03  6.29650022e-02 -4.33961553e-05 -4.52648247e-02  2.93149091e-02 -5.26965798e-05  8.25500460e-02  5.66053346e-02  3.48205407e-05 -3.76870845e-02 -8.54822182e-02  3.39805686e-05  8.39664075e-02 -4.43425779e-02  1.01003990e-04 -9.30968985e-02  2.90864434e-02 -9.93059380e-05  2.17373877e-02 -1.71458307e-01  1.40873092e-04  2.17356194e-02 -1.71439999e-01  1.36985759e-04 -9.31001665e-02  2.90945970e-02 -1.07266198e-04 -4.18766370e-02  4.45026798e-02 -7.44142001e-05  6.39347949e-02  8.69870401e-02  5.14360560e-06  5.73977136e-02 -1.25700468e-01  1.06881816e-04  4.72879867e-02  3.64152644e-02  1.28939815e-05  1.49763058e-01 -2.54476761e-03  1.15977636e-04 -1.47837819e-01 -9.63613984e-02 -5.30463681e-05 -4.42955453e-02 -1.16424705e-02 -2.54936651e-05 -9.99913354e-02  1.38963300e-02 -9.84576802e-05  2.50000910e-02  4.19246213e-02 -6.54066502e-06  3.53729684e-03  6.29586666e-02 -4.19738629e-05  8.39625787e-02 -4.43460899e-02  1.07298472e-04 -4.52680128e-02  2.93086855e-02 -4.86774300e-05  8.25568974e-02  5.66170321e-02  3.77071719e-05 -3.76974628e-02 -8.54871242e-02  2.58214397e-05 -4.18784685e-02  4.45136877e-02 -6.66577566e-05 -2.38923462e-01  1.29239719e-01 -2.47202042e-04  7.49259317e-03  2.88267707e-02 -1.81274986e-05 -2.37954968e-03  2.17638086e-02  1.30897336e-05 -2.38897182e-01  1.29228279e-01 -2.67699382e-04  7.51821123e-03  2.88076973e-02 -2.08730758e-05 -2.39511668e-03  2.17499386e-02  1.43475806e-05 -9.77844857e-03 -2.33023602e-01  1.28119819e-04 -3.40224437e-03  5.88559449e-02 -6.48974420e-05  1.37725108e-01  2.49808467e-01 -6.82320134e-05  1.40326013e-01 -1.92762099e-01  2.57883856e-04 -3.65736109e-02  2.02700916e-02 -5.16055198e-05 -3.40462771e-03  5.88468087e-02 -6.43456552e-05  1.37716823e-01  2.49796983e-01 -4.75348951e-05  1.40322658e-01 -1.92760435e-01  2.66847119e-04 -3.65745814e-02  2.02680485e-02 -5.27861790e-05 -9.78163684e-03 -2.33049959e-01  1.04494753e-04]
Atoms: 57  Mode #: 110 Freq: 1118.7983848919703 cm-1,Mass weighted displacment dq is: 
 [ 9.35958392e-07 -1.51650842e-07  1.86504573e-09 -1.75167226e-02 -5.36064577e-03 -1.68701416e-05 -5.33993424e-03  1.75251120e-02 -1.45659326e-05 -9.63322095e-02 -1.80305197e-01  3.80825860e-05 -1.80359962e-01  9.63789961e-02 -2.04815325e-04  9.63453993e-02  1.80304731e-01 -3.33596346e-05  1.80332046e-01 -9.63734673e-02  1.99912666e-04  5.33880563e-03 -1.75256982e-02  1.80997356e-05  1.75175008e-02  5.36326726e-03  1.32772067e-05  1.99722210e-01  2.26926113e-02  1.42047437e-04  6.08407625e-02  5.94930374e-03  4.35912578e-05 -5.44158134e-02 -3.10472862e-02 -2.65243810e-05 -1.78510732e-01 -8.88910942e-02 -9.82767987e-05  8.89240027e-02 -1.78583300e-01  1.74809554e-04  3.10628846e-02 -5.43820749e-02  6.12487660e-05  6.33938491e-02 -2.62253758e-02  7.00281974e-05 -5.02633687e-02  3.32601706e-02 -6.51410992e-05  2.13971677e-02 -6.39820516e-02  6.09455794e-05 -2.62417596e-02 -6.34005041e-02  1.76608575e-05  3.32654947e-02  5.02899176e-02 -2.88102016e-07 -6.40082782e-02 -2.14350246e-02 -2.61660227e-05 -6.88695114e-02 -1.23147277e-02 -4.84211171e-05 -5.98961024e-03  6.08501432e-02 -4.33423734e-05 -2.26963377e-02  1.99638471e-01 -1.61344082e-04  2.26986599e-02 -1.99643066e-01  1.57486932e-04  5.97516698e-03 -6.08429960e-02  4.12285077e-05 -1.22983349e-02  6.89072308e-02 -6.00713783e-05 -3.10504387e-02  5.43869768e-02 -5.68336647e-05 -8.89087112e-02  1.78559713e-01 -1.58378160e-04 -6.08379724e-02 -5.95032926e-03 -4.08658712e-05 -1.99691559e-01 -2.26924888e-02 -1.39062277e-04  1.78503318e-01  8.88850038e-02  8.08254420e-05  5.44044319e-02  3.10516948e-02  2.22404983e-05 -6.34053843e-02  2.62234080e-02 -7.58731207e-05  5.02639334e-02 -3.32485988e-02  6.92518257e-05 -2.13942244e-02  6.39864025e-02 -6.28750627e-05  6.88757365e-02  1.23049959e-02  5.63976430e-05  2.62352795e-02  6.33958392e-02 -1.16479310e-05 -3.32588878e-02 -5.02835303e-02 -3.73217490e-06  6.39985760e-02  2.14245946e-02  2.81069702e-05  1.22959364e-02 -6.88965584e-02  5.22988073e-05  1.63660953e-01 -6.21854534e-02  1.55441474e-04  1.55636471e-01 -1.07560060e-01  1.84794901e-04 -1.04924008e-01 -9.15727394e-02 -5.72464412e-05 -1.63696350e-01  6.22015850e-02 -1.64875146e-04 -1.55653611e-01  1.07572867e-01 -2.00011633e-04  1.04938265e-01  9.15858640e-02  5.39257248e-05 -1.95949818e-02 -1.26774630e-01  3.85458645e-05 -6.21553032e-02 -1.63600283e-01  8.48998916e-05 -1.07508102e-01 -1.55552913e-01  1.50843881e-05 -9.15191002e-02  1.04848131e-01 -1.48355914e-04  1.26657075e-01 -1.95876593e-02  1.29850674e-04  6.21483524e-02  1.63593023e-01 -7.67599385e-05  1.07522194e-01  1.55581984e-01  9.87735092e-07  9.15367632e-02 -1.04875973e-01  1.52193342e-04 -1.26652759e-01  1.95892784e-02 -1.40793440e-04  1.95922530e-02  1.26745632e-01 -2.90202683e-05]
Atoms: 57  Mode #: 111 Freq: 1121.5154377288331 cm-1,Mass weighted displacment dq is: 
 [ 5.50093486e-07 -2.10409528e-08  7.57285231e-07  1.66122607e-02 -5.38204091e-02  4.49049821e-05  5.38171121e-02  1.66016954e-02  2.90072025e-05  6.06020043e-02  1.14397662e-01 -2.90754505e-05 -1.14321075e-01  6.05535497e-02 -1.28959066e-04 -6.05955629e-02 -1.14402002e-01  2.06775761e-05  1.14304145e-01 -6.05478526e-02  1.20651830e-04 -5.38179890e-02 -1.66017710e-02 -3.35111284e-05 -1.66124895e-02  5.38220616e-02 -4.94209601e-05  1.50726974e-01  5.34476018e-03  1.14639942e-04 -2.36090195e-02 -6.34723898e-02  1.97286416e-05 -5.44183165e-02  4.32231207e-02 -7.99910471e-05  1.28672576e-01  7.76360382e-02  6.10321909e-05  7.75935147e-02 -1.28602318e-01  1.35305710e-04  4.32080554e-02  5.44434772e-02  3.08830067e-06 -3.27265708e-02  3.03476822e-02 -5.18120009e-05  3.76642034e-02 -5.16415734e-03  3.52631791e-05 -6.48899482e-02  5.06260592e-02 -8.70520431e-05 -3.03379251e-02 -3.26781122e-02 -3.75950599e-06  5.15814259e-03  3.76516127e-02 -1.57994867e-05 -5.05989632e-02 -6.48952732e-02  9.24652466e-06  7.90648529e-02 -3.00454640e-02  8.79939759e-05 -6.34730178e-02  2.35830182e-02 -6.98115629e-05  5.36181428e-03 -1.50818347e-01  1.12889393e-04 -5.36174345e-03  1.50821693e-01 -1.07890419e-04  6.34655577e-02 -2.35780819e-02  7.58316135e-05  3.00530200e-02  7.90295056e-02 -2.69321833e-05 -4.32002379e-02 -5.44435182e-02 -6.83020062e-06 -7.75828597e-02  1.28588746e-01 -1.21609647e-04  2.36082870e-02  6.34706071e-02 -1.37234056e-05 -1.50707126e-01 -5.34401011e-03 -1.09804643e-04 -1.28672535e-01 -7.76353349e-02 -4.71761231e-05  5.44109036e-02 -4.32208319e-02  7.61887905e-05  3.27198561e-02 -3.03496327e-02  5.43751343e-05 -3.76667471e-02  5.17240404e-03 -3.99959613e-05  6.48991329e-02 -5.06267766e-02  9.31272831e-05 -7.90663390e-02  3.00398297e-02 -9.53871364e-05  3.03342352e-02  3.26716175e-02  6.20394572e-06 -5.15751836e-03 -3.76501724e-02  1.12350973e-05  5.05925916e-02  6.48895486e-02 -3.41738358e-06 -3.00515169e-02 -7.90203280e-02  1.98477912e-05  1.71877285e-01 -7.62848696e-02  1.70886425e-04  1.68924312e-01 -1.05479631e-01  1.94365327e-04 -1.67413998e-01 -1.25866661e-01 -8.01868199e-05 -1.71896086e-01  7.62920402e-02 -1.83392585e-04 -1.68941799e-01  1.05489904e-01 -2.10009299e-04  1.67430187e-01  1.25879546e-01  7.41947668e-05 -1.44555387e-02 -1.97018870e-01  9.08870947e-05  7.63011554e-02  1.71944936e-01 -6.64189457e-05  1.05533525e-01  1.69011124e-01 -3.73272853e-05  1.25918680e-01 -1.67472057e-01  2.26473138e-04 -1.97036709e-01  1.44644576e-02 -1.81952876e-04 -7.63122643e-02 -1.71962405e-01  5.35508572e-05 -1.05528303e-01 -1.68997160e-01  2.13545231e-05 -1.25916661e-01  1.67466394e-01 -2.32344412e-04  1.97056557e-01 -1.44646170e-02  2.01220593e-04  1.44535904e-02  1.97003501e-01 -7.19354456e-05]
Atoms: 57  Mode #: 112 Freq: 1151.6387539873247 cm-1,Mass weighted displacment dq is: 
 [ 1.73103969e-03 -1.22292704e-03  3.27499267e-06  1.47241948e-02 -5.23341641e-03  1.92940782e-05  1.64808253e-02 -5.03416683e-03  1.87220901e-05  7.07487927e-02 -4.03775458e-02  8.53934859e-05 -1.20030014e-01  6.92673937e-02 -1.36781998e-04  7.07491733e-02 -4.03835176e-02  8.91932268e-05 -1.20032827e-01  6.92757376e-02 -1.28209241e-04  1.64812037e-02 -5.03670794e-03  1.98549042e-05  1.47235545e-02 -5.23492768e-03  1.75314137e-05  9.78159504e-02 -1.54296932e-02  8.75257824e-05  6.03716088e-02 -5.11549033e-02  7.97060428e-05 -5.25272419e-02  7.90301027e-02 -9.80907007e-05 -8.34324425e-02 -7.69518204e-03 -7.23264794e-05  6.73722224e-02 -8.73776371e-02  1.07940166e-04  6.31817269e-02 -2.53733029e-02  6.87579930e-05 -8.79998619e-03 -6.54120376e-02  4.05298925e-05  4.77960781e-02  4.43337251e-02  4.84071906e-06  3.77275722e-02  3.23678055e-02  9.65368033e-06  1.71488941e-02 -4.10297094e-02  3.68850338e-05  4.18752597e-02  1.94029588e-02  2.50549617e-05 -2.67336580e-02  1.30721612e-01 -1.00076854e-04 -3.14453098e-03 -5.56511307e-02  3.54718138e-05 -9.35994605e-02  4.63601785e-03 -7.79608063e-05 -4.00905713e-02  7.56128844e-02 -8.66904040e-05 -4.00924478e-02  7.56180834e-02 -8.82216117e-05 -9.36021828e-02  4.63717786e-03 -8.29978629e-05 -1.21472168e-01 -4.96047676e-02 -8.86529158e-05  6.31771943e-02 -2.53753744e-02  6.59874805e-05  6.73746444e-02 -8.73879641e-02  9.77674991e-05  6.03772483e-02 -5.11605635e-02  7.18612865e-05  9.78185013e-02 -1.54361325e-02  8.26491989e-05 -8.34340335e-02 -7.69872703e-03 -6.42100395e-05 -5.25289271e-02  7.90251951e-02 -9.57908427e-05 -8.79683970e-03 -6.54131555e-02  3.73302955e-05  4.77965709e-02  4.43361694e-02  1.18781959e-05  3.77250879e-02  3.23654104e-02  1.45953983e-05 -3.14535120e-03 -5.56550521e-02  3.16596671e-05  1.71535431e-02 -4.10315385e-02  3.21042124e-05  4.18775828e-02  1.94065787e-02  2.44337782e-05 -2.67380909e-02  1.30726046e-01 -8.62456482e-05 -1.21474967e-01 -4.96023065e-02 -8.70465164e-05  1.13218513e-01 -7.25386596e-02  1.28802195e-04  1.15878631e-01 -4.83157244e-02  1.11549966e-04 -3.07178382e-01 -1.86371143e-01 -1.20292130e-04  1.13205492e-01 -7.25316616e-02  1.40653549e-04  1.15881984e-01 -4.83190941e-02  1.19421782e-04 -3.07169698e-01 -1.86366901e-01 -1.06124350e-04 -1.22048128e-02  3.59808358e-01 -2.40924145e-04 -6.39683873e-02 -1.31830742e-01  5.58971925e-05  8.06258744e-02  1.36812161e-01 -2.73624888e-05  4.54198067e-02 -8.90925339e-02  1.16488901e-04  7.71177971e-02  1.02604462e-02  5.35306773e-05 -6.39679239e-02 -1.31831564e-01  4.73342170e-05  8.06287021e-02  1.36817590e-01 -1.56393955e-05  4.54238418e-02 -8.91003782e-02  1.20912277e-04  7.71098921e-02  1.02596698e-02  6.30982836e-05 -1.22062354e-02  3.59823972e-01 -2.03094496e-04]
Atoms: 57  Mode #: 113 Freq: 1151.6407953720666 cm-1,Mass weighted displacment dq is: 
 [-1.22212689e-03 -1.73149566e-03  8.97904207e-07 -5.03577375e-03 -1.64831141e-02  4.65723716e-06 -5.23498006e-03 -1.47227452e-02  3.07162267e-06  6.92687558e-02  1.20027147e-01 -2.55903648e-05 -4.03906443e-02 -7.07419577e-02  1.28197490e-05  6.92698460e-02  1.20027321e-01 -1.69368738e-05 -4.03809894e-02 -7.07454127e-02  9.07537463e-06 -5.23711312e-03 -1.47259194e-02  4.84224306e-06 -5.03568168e-03 -1.64820688e-02  5.77299816e-06  7.56297954e-02  4.00938262e-02  3.51936582e-05  4.63717841e-03  9.35991734e-02 -5.53316052e-05 -2.53793747e-02 -6.31778930e-02  2.34948850e-05 -8.73795086e-02 -6.73699789e-02 -3.24020155e-05 -7.69097610e-03  8.34289254e-02 -5.74622742e-05  7.90335592e-02  5.25236430e-02  2.90107977e-05 -4.10241144e-02 -1.71517152e-02 -1.80756147e-05  1.94025070e-02 -4.18758039e-02  4.82663615e-05  1.30724240e-01  2.67320025e-02  8.31398552e-05 -6.54155139e-02  8.79393036e-03 -5.52921624e-05  4.43388495e-02 -4.77955567e-02  6.71328999e-05  3.23630765e-02 -3.77239858e-02  4.98706782e-05 -4.96121145e-02  1.21470925e-01 -1.26209289e-04 -5.11585638e-02 -6.03715783e-02 -3.93303507e-06 -1.54327101e-02 -9.78075761e-02  5.90038386e-05 -1.54326994e-02 -9.78118444e-02  5.39536210e-05 -5.11547300e-02 -6.03717687e-02 -1.18949945e-05 -5.56569924e-02  3.14943160e-03 -5.84791488e-05  7.90297528e-02  5.25251890e-02  3.13700425e-05 -7.69617090e-03  8.34334984e-02 -4.94998311e-05  4.63479889e-03  9.35979282e-02 -5.03426665e-05  7.56175153e-02  4.00899217e-02  3.66245948e-05 -8.73742567e-02 -6.73701766e-02 -2.20227185e-05 -2.53753348e-02 -6.31814451e-02  2.62304280e-05 -4.10260273e-02 -1.71508943e-02 -2.29291864e-05  1.94028267e-02 -4.18754723e-02  4.75538617e-05  1.30726878e-01  2.67331823e-02  9.73647232e-05 -4.96118018e-02  1.21467935e-01 -1.24578909e-04 -6.54145149e-02  8.79929287e-03 -5.21457781e-05  4.43356503e-02 -4.77949624e-02  6.02780645e-05  3.23639904e-02 -3.77284908e-02  4.50289614e-05 -5.56492002e-02  3.14991155e-03 -5.48001706e-05 -1.31833883e-01  6.39692955e-02 -1.33955807e-04  1.36809021e-01 -8.06236186e-02  1.40934470e-04 -8.90887175e-02 -4.54162605e-02 -2.91102558e-05 -1.31836146e-01  6.39686662e-02 -1.42268471e-04  1.36815575e-01 -8.06266456e-02  1.52377904e-04 -8.91022054e-02 -4.54232285e-02 -2.48710050e-05  1.02587185e-02 -7.71125013e-02  6.01332814e-05 -7.25340720e-02 -1.13213916e-01  1.92782583e-05 -4.83194765e-02 -1.15882140e-01  4.83638848e-05 -1.86372848e-01  3.07175788e-01 -3.95910805e-04  3.59819932e-01  1.22046532e-02  2.93312066e-04 -7.25365126e-02 -1.13216585e-01  7.00421433e-06 -4.83150989e-02 -1.15873854e-01  4.04386596e-05 -1.86370749e-01  3.07172200e-01 -4.10397935e-04  3.59819232e-01  1.22048351e-02  3.32033010e-04  1.02593481e-02 -7.71267472e-02  5.07798492e-05]
Atoms: 57  Mode #: 114 Freq: 1155.8216056069964 cm-1,Mass weighted displacment dq is: 
 [ 4.63101264e-07  8.84513903e-08 -4.52513782e-10 -1.64704807e-03 -2.57042938e-03 -4.56803212e-06 -2.55025197e-03  1.65115537e-03 -3.64018210e-06 -7.00855863e-02 -1.25110673e-01  2.57066154e-05 -1.25173924e-01  7.01275844e-02 -1.44680834e-04  7.00829960e-02  1.25102509e-01 -1.84875118e-05  1.25166555e-01 -7.01225712e-02  1.37660411e-04  2.54890764e-03 -1.65350727e-03  5.59681347e-06  1.64779524e-03  2.56820606e-03  2.59246267e-06  1.27883255e-01 -6.36067781e-03  1.06638729e-04  6.92570623e-02 -8.94653593e-03  6.12214153e-05 -5.23412988e-02 -3.83284093e-02 -1.92416739e-05 -1.10761490e-01 -7.50816526e-02 -4.70300172e-05  7.51139994e-02 -1.10804337e-01  1.28761251e-04  3.83698716e-02 -5.23299522e-02  6.57225229e-05  4.97396177e-02  1.09686805e-02  3.08876217e-05 -2.45704820e-02  4.81810662e-02 -5.75118085e-05 -1.03641425e-01 -3.64426647e-02 -5.46789668e-05  1.09706025e-02 -4.97602728e-02  3.83333271e-05  4.81930205e-02  2.45832331e-02  2.69493897e-05 -3.64586380e-02  1.03667276e-01 -8.99131389e-05  2.66737261e-02 -1.08035957e-01  9.80288281e-05  8.90047922e-03  6.92425788e-02 -3.79439026e-05  6.35461720e-03  1.27837820e-01 -8.64617335e-05 -6.35584795e-03 -1.27827920e-01  8.16044403e-05 -8.90047960e-03 -6.92390338e-02  3.33790649e-05 -1.08061088e-01 -2.66699588e-02 -8.90945597e-05 -3.83643158e-02  5.23257653e-02 -6.17115675e-05 -7.51100195e-02  1.10802352e-01 -1.16792365e-04 -6.92557374e-02  8.94350526e-03 -5.67318477e-05 -1.27875973e-01  6.36347653e-03 -1.01973249e-04  1.10762577e-01  7.50860055e-02  3.47792267e-05  5.23387811e-02  3.83340803e-02  1.52605443e-05 -4.97389013e-02 -1.09700556e-02 -3.64710579e-05  2.45708529e-02 -4.81757737e-02  5.74474592e-05  1.03640511e-01  3.64421931e-02  6.63834392e-05 -2.66735783e-02  1.08025265e-01 -9.50339761e-05 -1.09715707e-02  4.97570414e-02 -3.28223844e-05 -4.81911528e-02 -2.45833003e-02 -2.70444119e-05  3.64581705e-02 -1.03661290e-01  7.86959580e-05  1.08054968e-01  2.66663139e-02  8.60420467e-05 -5.25709227e-02  4.36951934e-02 -7.16085416e-05 -6.68332312e-02  1.88018653e-02 -6.26990028e-05  2.35863187e-01  1.36347114e-01  8.16219430e-05  5.25676099e-02 -4.36946373e-02  7.82541340e-05  6.68366579e-02 -1.88032355e-02  6.56088544e-05 -2.35873069e-01 -1.36353231e-01 -7.18936172e-05 -1.44896783e-02  2.68616867e-01 -1.79875179e-04  4.36876085e-02  5.25670533e-02 -1.61673969e-06  1.88145509e-02  6.68452884e-02 -3.33156843e-05  1.36332668e-01 -2.35831111e-01  3.02672137e-04 -2.68565115e-01 -1.44841957e-02 -2.15416850e-04 -4.36905582e-02 -5.25733530e-02 -5.57665003e-06 -1.88085593e-02 -6.68321162e-02  3.06137761e-05 -1.36323264e-01  2.35813390e-01 -3.12009401e-04  2.68555863e-01  1.44837805e-02  2.45194050e-04  1.44894105e-02 -2.68606537e-01  1.49714033e-04]
Atoms: 57  Mode #: 115 Freq: 1161.588920017716 cm-1,Mass weighted displacment dq is: 
 [ 5.35059684e-08  1.68697082e-07  5.87814941e-07  1.59544945e-02 -5.81952786e-02  4.52625893e-05  5.81907143e-02  1.59532113e-02  2.98638551e-05  1.18476804e-01  2.09419119e-01 -4.44834958e-05 -2.09388879e-01  1.18463166e-01 -2.40835588e-04 -1.18479631e-01 -2.09427800e-01  3.09679297e-05  2.09386668e-01 -1.18461000e-01  2.27449659e-04 -5.81900711e-02 -1.59537428e-02 -3.49312197e-05 -1.59538079e-02  5.81939171e-02 -5.03670839e-05  1.35785926e-01 -1.69404423e-02  1.18282951e-04  5.18785270e-02 -1.35169853e-01  1.25906059e-04 -3.03884043e-02  1.32126562e-01 -1.18747930e-04  1.10437984e-01  8.65702611e-02  3.86415408e-05  8.65462898e-02 -1.10413557e-01  1.36616589e-04  1.32107689e-01  3.04004153e-02  8.84802402e-05 -5.43900029e-02 -5.27445233e-03 -3.85921764e-05  3.02655438e-02 -4.82586045e-02  6.15723391e-05  8.61635198e-02  4.18151828e-02  3.79020089e-05  5.27424227e-03 -5.43772300e-02  3.71101592e-05  4.82448602e-02  3.02634697e-02  2.35729914e-05 -4.18079366e-02  8.61373083e-02 -8.25207135e-05 -1.10472055e-02  9.54005700e-02 -7.67863511e-05 -1.35168198e-01 -5.18950827e-02 -7.70785923e-05 -1.69394573e-02 -1.35818630e-01  8.34863188e-05  1.69391456e-02  1.35829487e-01 -7.67396449e-05  1.35168637e-01  5.18972363e-02  9.07732625e-05 -9.53715783e-02 -1.10387727e-02 -8.60042562e-05 -1.32105360e-01 -3.04053319e-02 -8.95026884e-05 -8.65445659e-02  1.10414845e-01 -1.24057102e-04 -5.18801294e-02  1.35167197e-01 -1.12362836e-04 -1.35786131e-01  1.69431575e-02 -1.11801565e-04 -1.10433117e-01 -8.65658319e-02 -2.58861212e-05  3.03888802e-02 -1.32121064e-01  1.17684024e-04  5.43939677e-02  5.27213078e-03  4.46317714e-05 -3.02655479e-02  4.82612778e-02 -6.25865513e-05 -8.61683517e-02 -4.18171403e-02 -4.78179199e-05  1.10478001e-02 -9.54056017e-02  7.28098933e-05 -5.27397849e-03  5.43753565e-02 -3.12482484e-05 -4.82469509e-02 -3.02639275e-02 -2.45678155e-05  4.18083581e-02 -8.61346550e-02  7.29044430e-05  9.53716753e-02  1.10361042e-02  8.21125123e-05 -3.04180934e-03  1.95597114e-02 -1.88198958e-05 -1.40037508e-02 -1.17848637e-02 -4.36770512e-06  1.81864282e-01  9.94022801e-02  6.27635784e-05  3.04016988e-03 -1.95594008e-02  2.19599664e-05  1.40025325e-02  1.17849890e-02  2.99699654e-06 -1.81862492e-01 -9.94020007e-02 -5.46172388e-05 -1.57685308e-02  2.05258350e-01 -1.45347363e-04 -1.95706511e-02 -3.05319892e-03 -2.49248802e-05  1.17746858e-02 -1.40273440e-02  2.56865769e-05 -9.94415563e-02  1.81929942e-01 -2.28474915e-04  2.05333709e-01  1.57718432e-02  1.55810372e-04  1.95718717e-02  3.05229672e-03  2.81527657e-05 -1.17741543e-02  1.40292150e-02 -2.70544293e-05  9.94473068e-02 -1.81940529e-01  2.36797406e-04 -2.05343901e-01 -1.57724538e-02 -1.79032672e-04  1.57684982e-02 -2.05255195e-01  1.22650087e-04]
Atoms: 57  Mode #: 116 Freq: 1183.9012731774512 cm-1,Mass weighted displacment dq is: 
 [ 2.65339002e-07 -2.06880562e-06  9.52732707e-08 -5.31283593e-02 -1.44322656e-02 -3.74673800e-05  1.44513007e-02 -5.31061807e-02  4.51332158e-05  1.39588992e-01 -8.20399887e-02  1.68650458e-04  8.20591503e-02  1.39588465e-01 -2.40526167e-05 -1.39559918e-01  8.20988404e-02 -1.77511106e-04 -8.20987682e-02 -1.39559321e-01  1.52419825e-05 -1.44491795e-02  5.31427218e-02 -4.77847796e-05  5.31183468e-02  1.44857324e-02  3.47570568e-05 -9.42981596e-02 -1.13427754e-01 -4.65860018e-06  6.88295964e-02 -1.45858352e-01  1.48246178e-04  2.36339502e-02 -1.67415352e-01  1.32724604e-04  1.34580454e-01 -4.60811728e-02  1.58817195e-04 -4.60627160e-02 -1.34633936e-01  4.60467079e-05 -1.67405095e-01 -2.36233042e-02 -1.16414360e-04  4.07565101e-02 -9.14621262e-02  9.76999794e-05  9.45082370e-02  1.75286842e-02  6.37710545e-05  3.68147255e-02  2.37895988e-02  1.58137054e-05  9.15030529e-02  4.07780702e-02  4.53908876e-05 -1.75386497e-02  9.45422515e-02 -7.26914804e-05 -2.37989625e-02  3.68269349e-02 -4.14949578e-05 -8.60163295e-04 -4.59865437e-02  3.27594390e-05 -1.45835322e-01 -6.88070357e-02 -7.04896936e-05 -1.13379337e-01  9.42345091e-02 -1.62846161e-04  1.13404623e-01 -9.43127189e-02  1.71266788e-04  1.45820741e-01  6.88117143e-02  8.12383702e-05  4.60143166e-02 -8.67246538e-04  4.25767412e-05  1.67393320e-01  2.36337108e-02  1.16326159e-04  4.60719067e-02  1.34545462e-01 -3.49805248e-05 -6.87924250e-02  1.45807660e-01 -1.37595814e-04  9.42860916e-02  1.13376032e-01  1.27591556e-05 -1.34580264e-01  4.60406066e-02 -1.47555910e-04 -2.36325547e-02  1.67357742e-01 -1.32921402e-04 -4.07903697e-02  9.14831604e-02 -9.89236471e-05 -9.45236602e-02 -1.75501343e-02 -7.42568706e-05 -3.68035012e-02 -2.37803945e-02 -2.03602958e-05  8.68191227e-04  4.60243105e-02 -3.04069386e-05 -9.14655430e-02 -4.07751806e-02 -4.65701011e-05  1.75474783e-02 -9.44975549e-02  6.24952841e-05  2.37715778e-02 -3.67978080e-02  3.69898911e-05 -4.60138447e-02  8.65228427e-04 -4.03154170e-05 -2.04023345e-01  8.30207877e-02 -1.95283139e-04  1.80067621e-01 -1.23229225e-01  1.99098765e-04 -4.62673879e-02 -2.11795313e-02 -1.58550696e-05  2.04081476e-01 -8.30459745e-02  2.07367616e-04 -1.80132817e-01  1.23280225e-01 -2.17379759e-04  4.62545719e-02  2.11712448e-02  1.40907710e-05 -6.84407991e-03  4.57628713e-02 -3.72626842e-05 -8.30164318e-02 -2.04002836e-01  1.02014961e-04  1.23238432e-01  1.80071824e-01 -2.47978649e-05  2.11621952e-02 -4.62294311e-02  5.71110817e-05  4.57500530e-02  6.84119308e-03  2.78647008e-05  8.30336129e-02  2.04060447e-01 -8.99179458e-05 -1.23253344e-01 -1.80098250e-01  6.13175499e-06 -2.11819778e-02  4.62762147e-02 -5.91093209e-05 -4.57174851e-02 -6.83746981e-03 -3.31733380e-05  6.83541598e-03 -4.57171490e-02  3.19865871e-05]
Atoms: 57  Mode #: 117 Freq: 1186.0013086320153 cm-1,Mass weighted displacment dq is: 
 [-6.37174497e-03  9.63273452e-03 -1.26667574e-05  6.84503022e-02 -1.34337097e-01  1.36003762e-04  6.97057455e-02 -6.92846966e-02  9.73180516e-05 -2.35696256e-02 -9.62485083e-02  4.41396239e-05  1.50727183e-01 -9.50690176e-02  1.81955099e-04 -2.36066634e-02 -9.62260448e-02  4.15282602e-05  1.50687480e-01 -9.51164797e-02  1.72958942e-04  6.97255989e-02 -6.92622494e-02  1.03408500e-04  6.84608511e-02 -1.34309499e-01  1.42951887e-04 -6.73053029e-02  8.29257566e-02 -1.03593672e-04 -7.44875139e-02  1.28501652e-01 -1.41302367e-04  7.68206969e-03  1.64123010e-01 -1.01352363e-04 -1.27813071e-01  8.27089013e-02 -1.81375057e-04 -6.70584123e-02  2.02675642e-01 -1.76865981e-04 -2.96380672e-02 -2.84795347e-02 -9.20204690e-06  8.06495723e-02 -1.06525556e-01  1.42350747e-04  1.02177909e-01  4.57567664e-02  4.91114440e-05  1.51392272e-02  2.01581780e-02  3.58328978e-06 -6.17876467e-02  3.13959124e-02 -6.64924143e-05 -4.17923181e-02 -8.53936465e-02  1.95608459e-05  6.93445510e-02 -7.34376525e-02  9.90903932e-05 -2.05972381e-02 -9.83914399e-02  5.14270136e-05 -4.26401108e-02 -5.80798676e-02  7.24786851e-06 -1.26620342e-01  2.10703961e-01 -2.55814961e-04 -1.26614345e-01  2.10705716e-01 -2.60236385e-04 -4.26103127e-02 -5.80737540e-02  4.49364099e-06  3.85573577e-02 -4.23152308e-03  3.21977618e-05 -2.95539085e-02 -2.84798838e-02 -1.21970629e-05 -6.70331242e-02  2.02758623e-01 -1.56971185e-04 -7.45229148e-02  1.28560527e-01 -1.30997823e-04 -6.72407653e-02  8.29898589e-02 -9.27558440e-05 -1.27815746e-01  8.27154327e-02 -1.71123572e-04  7.66941830e-03  1.64153421e-01 -1.04079416e-04  8.06492156e-02 -1.06520668e-01  1.47392332e-04  1.02172635e-01  4.57549592e-02  6.16203303e-05  1.51357330e-02  2.01594049e-02  6.01955635e-06 -2.06015994e-02 -9.83902419e-02  4.38247679e-05 -6.18409854e-02  3.13700975e-02 -6.12674509e-05 -4.17810113e-02 -8.54488107e-02  1.22936479e-05  6.93608668e-02 -7.34549241e-02  8.96325509e-05  3.85254406e-02 -4.22838056e-03  3.06835197e-05 -5.24089226e-02  3.01697825e-02 -5.59874740e-05  1.26991135e-01 -1.03490165e-01  1.49690544e-04  6.79156385e-02  3.24186668e-02  4.27200340e-05 -5.22991432e-02  3.01271460e-02 -6.04894231e-05  1.26897832e-01 -1.03425101e-01  1.63902841e-04  6.79453238e-02  3.24312389e-02  4.18483440e-05  2.29627926e-02 -1.26884856e-01  1.02923328e-04 -8.24408600e-02 -2.31455159e-01  1.23155374e-04  1.08234789e-01  1.59197287e-01 -2.54675541e-05  4.13546496e-02 -1.04023411e-01  1.25550986e-04 -2.97404881e-03  4.38277890e-03 -1.81755885e-05 -8.24286724e-02 -2.31429781e-01  1.10419383e-04  1.08222760e-01  1.59177088e-01 -9.57032379e-06  4.13520914e-02 -1.04021053e-01  1.30896638e-04 -2.98152181e-03  4.38322581e-03 -1.83771768e-05  2.29675300e-02 -1.26906881e-01  8.87780827e-05]
Atoms: 57  Mode #: 118 Freq: 1186.0018539467221 cm-1,Mass weighted displacment dq is: 
 [-9.63290791e-03 -6.37177143e-03 -4.27417580e-06  6.92868393e-02  6.96945774e-02  1.74157644e-05  1.34297653e-01  6.84524762e-02  5.90882460e-05  9.50757262e-02  1.50722829e-01 -2.31860759e-05  9.62295235e-02 -2.35942841e-02  9.10673820e-05  9.51110255e-02  1.50702201e-01 -1.39547506e-05  9.62461345e-02 -2.35863996e-02  8.86364026e-05  1.34344716e-01  6.84568940e-02  6.60559146e-05  6.92632275e-02  6.97368186e-02  1.11724795e-05 -2.10722300e-01 -1.26631485e-01 -8.87628159e-05  5.80876709e-02 -4.26248946e-02  7.40036129e-05  2.84820002e-02 -2.95636943e-02  4.58104148e-05 -2.02770956e-01 -6.70363585e-02 -1.37242476e-04 -8.27145856e-02 -1.27839009e-01  1.39570252e-05 -1.64140990e-01  7.68229148e-03 -1.34133236e-04 -3.13940224e-02 -6.17837014e-02  2.08059007e-05  8.53928011e-02 -4.17931442e-02  1.02661356e-04  7.34337683e-02  6.93407818e-02  9.11644695e-06  1.06536385e-01  8.06513209e-02  3.11616361e-05 -4.57566050e-02  1.02186167e-01 -1.03339800e-04 -2.01652179e-02  1.51453205e-02 -2.50757489e-05  4.23097617e-03  3.85598268e-02 -2.62678889e-05 -1.28506684e-01 -7.44877734e-02 -5.34502881e-05 -8.29216343e-02 -6.73093120e-02 -2.28096989e-05 -8.29970079e-02 -6.72382411e-02 -3.40369566e-05 -1.28558714e-01 -7.45301513e-02 -6.39705197e-05  9.83958965e-02 -2.06036708e-02  1.07816172e-04 -1.64135715e-01  7.67056792e-03 -1.31612022e-04 -8.27114540e-02 -1.27782659e-01  3.83561946e-06  5.80668045e-02 -4.26181043e-02  7.12630140e-05 -2.10686593e-01 -1.26594202e-01 -9.29950105e-05 -2.02668453e-01 -6.70576638e-02 -1.16913519e-04  2.84784462e-02 -2.96357242e-02  4.27171699e-05 -3.13681238e-02 -6.18425861e-02  1.54501147e-05  8.54561025e-02 -4.17838087e-02  1.10248661e-04  7.34593730e-02  6.93657158e-02  1.88606578e-05  4.22479341e-03  3.85274305e-02 -2.48050683e-05  1.06510319e-01  8.06396686e-02  3.60339940e-05 -4.57564451e-02  1.02155807e-01 -9.11821263e-05 -2.01472272e-02  1.51315257e-02 -2.26264769e-05  9.83827122e-02 -2.05985958e-02  1.00426446e-04  2.31419627e-01 -8.24270251e-02  2.15639950e-04 -1.59168269e-01  1.08212312e-01 -1.69728286e-04  1.04020032e-01  4.13537712e-02  2.92179993e-05  2.31462622e-01 -8.24426820e-02  2.28119744e-04 -1.59203473e-01  1.08240560e-01 -1.85300083e-04  1.04023989e-01  4.13522168e-02  2.40108244e-05 -4.38488217e-03 -2.96407726e-03 -5.36537213e-06 -3.01248585e-02 -5.22951913e-02  1.36303918e-05  1.03421487e-01  1.26891683e-01 -3.70908650e-06 -3.24334296e-02  6.79496615e-02 -7.70127283e-05  1.26883872e-01  2.29618376e-02  8.34993631e-05 -3.01700747e-02 -5.24109243e-02  8.96334191e-06  1.03493611e-01  1.26992455e-01  1.08537677e-05 -3.24239237e-02  6.79227078e-02 -7.76610933e-05  1.26912843e-01  2.29688605e-02  9.79691890e-05 -4.37979435e-03 -2.97983987e-03 -5.63532044e-06]
Atoms: 57  Mode #: 119 Freq: 1187.6887416157479 cm-1,Mass weighted displacment dq is: 
 [ 2.69484399e-06  5.38948327e-08 -3.73897520e-09  3.36986871e-02 -1.13585000e-01  9.54453500e-05 -1.13621155e-01 -3.37225082e-02 -6.68127232e-05 -2.90358211e-02  1.95044957e-02 -3.82802405e-05  1.94873638e-02  2.90181546e-02 -3.35718847e-06  2.90046004e-02 -1.95415874e-02  4.06971044e-05 -1.95643218e-02 -2.89863402e-02  8.90922687e-07  1.13554549e-01  3.37111124e-02  7.23563199e-05 -3.37412167e-02  1.13585809e-01 -1.01117594e-04 -1.49159096e-01 -1.37978070e-01 -3.29068020e-05  7.55973297e-02 -7.52497913e-02  1.08181933e-04  2.51102658e-02  1.06948139e-01 -4.85284445e-05 -1.93137313e-01  3.59111595e-02 -2.05779835e-04 -3.58824774e-02 -1.93168984e-01  9.01518601e-05 -1.06914306e-01  2.51181391e-02 -9.77684268e-05 -5.33988364e-02  1.11689086e-01 -1.21195243e-04 -1.18510640e-01 -1.76073589e-02 -8.31460139e-05 -4.18180581e-02 -4.88588173e-02 -3.33963757e-06  1.11646002e-01  5.33709937e-02  5.32744204e-05 -1.75960805e-02  1.18460899e-01 -8.86699814e-05 -4.88437794e-02  4.18025291e-02 -6.30487472e-05  1.83475525e-02  6.37544342e-02 -3.03082791e-05  7.52923245e-02  7.56277066e-02  8.05842327e-06  1.38034073e-01 -1.49219401e-01  2.21154818e-04 -1.37976273e-01  1.49201028e-01 -2.29344519e-04 -7.52336243e-02 -7.55869102e-02 -1.46283350e-05  6.37249901e-02 -1.83416775e-02  7.02691469e-05  1.06992406e-01 -2.51171856e-02  9.35072703e-05  3.59301137e-02  1.93176553e-01 -7.32821927e-05 -7.56017564e-02  7.52379777e-02 -1.01660123e-04  1.49258221e-01  1.38007335e-01  4.09413098e-05  1.93241562e-01 -3.59034878e-02  1.88777581e-04 -2.51237664e-02 -1.06971167e-01  5.30047862e-05  5.33937107e-02 -1.11642677e-01  1.22792677e-04  1.18456567e-01  1.76151746e-02  9.60692253e-05  4.17869497e-02  4.88274535e-02  9.31056956e-06 -1.83455632e-02 -6.37487996e-02  2.51694055e-05 -1.11675669e-01 -5.34098598e-02 -5.48797929e-05  1.76259524e-02 -1.18484163e-01  7.61089396e-05  4.88357595e-02 -4.17908378e-02  5.71760460e-05 -6.37745626e-02  1.83509909e-02 -6.53559096e-05 -1.97521627e-01  7.26970559e-02 -1.84291048e-04  1.67958703e-01 -1.23638837e-01  1.87395501e-04 -5.13117096e-02 -1.60550402e-02 -1.59526903e-05  1.97440571e-01 -7.26710249e-02  1.94686824e-04 -1.67923355e-01  1.23618882e-01 -2.04965142e-04  5.12521858e-02  1.60296802e-02  1.40148825e-05 -1.41614121e-02  4.80481584e-02 -4.68318652e-05  7.27045665e-02  1.97530952e-01 -1.11024059e-04 -1.23672624e-01 -1.67998552e-01  1.43858225e-05 -1.60388249e-02  5.12774274e-02 -5.95718932e-05 -4.80611628e-02 -1.41656561e-02 -1.87358049e-05 -7.26756956e-02 -1.97461579e-01  1.00307636e-04  1.23611100e-01  1.67918008e-01  3.62755059e-06  1.60434803e-02 -5.12835772e-02  6.15846829e-05  4.80131275e-02  1.41557092e-02  2.41520568e-05  1.41579633e-02 -4.80200964e-02  4.15472382e-05]
Atoms: 57  Mode #: 120 Freq: 1271.3891300410626 cm-1,Mass weighted displacment dq is: 
 [-4.16406162e-08  1.36089182e-08 -1.29844882e-07 -1.66156885e-02  5.80625124e-02 -4.93705602e-05 -5.80655191e-02 -1.66193337e-02 -3.74724135e-05  8.75784086e-02  1.62468162e-01 -3.70132482e-05 -1.62467263e-01  8.75797075e-02 -1.84856676e-04 -8.75781950e-02 -1.62466808e-01  2.74093966e-05  1.62471634e-01 -8.75837317e-02  1.75327157e-04  5.80641506e-02  1.66169140e-02  3.95811125e-05  1.66164996e-02 -5.80661260e-02  5.14746311e-05 -1.83666157e-01 -3.18696507e-03 -1.45192405e-04  1.73930307e-01 -1.60045816e-01  2.40199016e-04  5.90624573e-02  2.32858218e-01 -1.06965224e-04 -1.55917243e-01 -1.02496600e-01 -6.90163132e-05 -1.02495669e-01  1.55917407e-01 -1.72902342e-04  2.32858686e-01 -5.90614750e-02  2.17336103e-04  3.17438732e-02  2.65787358e-02  6.36378552e-06  4.13194041e-03  3.76197008e-02 -2.43902288e-05 -7.00514010e-03 -5.28683198e-02  3.51251054e-05 -2.65745226e-02  3.17395148e-02 -4.06729998e-05 -3.76204994e-02  4.13220453e-03 -3.40235398e-05  5.28652266e-02 -7.00522699e-03  4.27714319e-05 -3.88507552e-02 -3.58887469e-02 -8.99382503e-06 -1.60044397e-01 -1.73928990e-01 -1.14714250e-05 -3.18974267e-03  1.83663514e-01 -1.34752375e-04  3.18833563e-03 -1.83665547e-01  1.28254768e-04  1.60043874e-01  1.73929801e-01  2.88997142e-05  3.58891053e-02 -3.88505136e-02  6.31928499e-05 -2.32859672e-01  5.90648365e-02 -2.09555603e-04  1.02491006e-01 -1.55916155e-01  1.56405861e-04 -1.73935974e-01  1.60054045e-01 -2.23061684e-04  1.83673219e-01  3.18726266e-03  1.38772551e-04  1.55920188e-01  1.02501431e-01  5.22856652e-05 -5.90640331e-02 -2.32863047e-01  1.14889434e-04 -3.17413792e-02 -2.65742422e-02 -1.03108954e-05 -4.13275497e-03 -3.76199484e-02  2.26155626e-05  7.00623239e-03  5.28662455e-02 -3.32680614e-05  3.88512257e-02  3.58872427e-02  1.56451465e-05  2.65709668e-02 -3.17383068e-02  3.67679534e-05  3.76243355e-02 -4.13639545e-03  3.23440956e-05 -5.28632657e-02  7.00567709e-03 -4.08963414e-05 -3.58892536e-02  3.88546513e-02 -5.67675949e-05 -3.29247157e-02  1.09563252e-02 -2.87659424e-05 -2.10706415e-02  1.77680037e-02 -2.62597955e-05 -8.86312196e-02 -3.64276179e-02 -2.80324179e-05  3.29291109e-02 -1.09587894e-02  3.00221204e-05  2.10693937e-02 -1.77678536e-02  2.84856558e-05  8.86246555e-02  3.64245852e-02  2.46669027e-05  1.82091118e-02 -9.94119617e-02  8.05582735e-05 -1.09601167e-02 -3.29324645e-02  1.76823220e-05 -1.77669048e-02 -2.10679705e-02 -1.81105200e-06  3.64227972e-02 -8.86219060e-02  1.03694735e-04 -9.94193606e-02 -1.82104341e-02 -6.60730361e-05  1.09574751e-02  3.29274375e-02 -1.64395613e-05  1.77676768e-02  2.10698670e-02  4.20141783e-06 -3.64243346e-02  8.86240383e-02 -1.07283444e-04  9.94130433e-02  1.82094959e-02  7.77971725e-05 -1.82085390e-02  9.94054819e-02 -6.91568261e-05]
Atoms: 57  Mode #: 121 Freq: 1280.1553419720535 cm-1,Mass weighted displacment dq is: 
 [ 3.09874496e-03 -1.11878928e-03  3.31986631e-06 -2.63941950e-02  3.21226000e-02 -4.14668604e-05 -5.35988144e-02 -6.07327483e-04 -4.28266402e-05 -1.54137371e-02  2.09010131e-02 -2.63258196e-05  3.85041323e-02 -2.48156810e-02  4.44752733e-05 -1.54008485e-02  2.08991427e-02 -2.70723355e-05  3.85001769e-02 -2.48159456e-02  4.06320472e-05 -5.35935089e-02 -6.11625014e-04 -4.55334023e-05 -2.64014411e-02  3.21292748e-02 -4.21816783e-05  9.60798914e-02 -2.17331198e-02  8.95931952e-05 -6.28018340e-02  6.99289981e-02 -9.38667159e-05  7.17054520e-04 -1.49742953e-01  1.05397491e-04  6.51475490e-02  2.21379146e-01 -9.95480278e-05  7.80887411e-03 -5.07642913e-02  3.65530355e-05 -5.39284341e-02  1.29670252e-02 -5.02335377e-05  9.13541022e-02  1.26732012e-01 -2.41897871e-05 -5.69192484e-02 -1.33757030e-01  5.04092414e-05  5.03195325e-02 -8.64862772e-02  1.10320492e-04  2.13569921e-03 -1.45458397e-02  1.11432239e-05  5.35233555e-02 -1.16846838e-02  4.99262452e-05 -1.40004982e-02  2.04826050e-02 -2.48596583e-05  9.38917020e-02 -2.99771283e-04  9.12194062e-05  1.02370400e-01  5.95612004e-02  4.29502691e-05 -1.53201516e-01 -1.49106880e-01 -2.48690592e-05 -1.53176377e-01 -1.49072720e-01 -4.56183599e-05  1.02340801e-01  5.95422424e-02  5.32543359e-05 -2.62501257e-02  2.90303217e-02 -4.21862556e-05 -5.39141260e-02  1.29646285e-02 -4.80670175e-05  7.79321984e-03 -5.07536080e-02  3.17864081e-05 -6.28055255e-02  6.99302695e-02 -8.64548304e-05  9.60885735e-02 -2.17406122e-02  8.42528521e-05  6.51530087e-02  2.21417220e-01 -1.09937740e-04  7.19984878e-04 -1.49769701e-01  1.07609826e-04  9.13405464e-02  1.26707435e-01 -1.11734063e-05 -5.69062294e-02 -1.33727272e-01  3.93771639e-05  5.03039500e-02 -8.64727908e-02  1.12859527e-04  9.38754401e-02 -3.02812546e-04  1.05296864e-04  2.12451518e-03 -1.45390315e-02  9.64771077e-06  5.35311804e-02 -1.16890579e-02  4.69700684e-05 -1.39934096e-02  2.04835230e-02 -2.23395707e-05 -2.62493040e-02  2.90373840e-02 -3.79292323e-05  4.46355154e-03 -7.06241785e-03  4.85230264e-06 -5.47969640e-02  3.59997019e-02 -6.14492936e-05 -6.59131469e-02 -2.72207294e-02 -3.49991128e-05  4.44839998e-03 -7.05475061e-03  6.29442909e-06 -5.47857263e-02  3.59937690e-02 -6.65276110e-05 -6.58997502e-02 -2.72141173e-02 -3.37569898e-05 -4.84394610e-03 -1.96732281e-03  5.28745708e-07 -1.16311613e-01 -2.33056391e-01  8.57655134e-05  1.23497406e-01  2.15652983e-01 -5.21585638e-05 -1.10086150e-01  2.17462369e-01 -2.77134221e-04 -2.52882453e-01 -2.92099040e-02 -1.83713294e-04 -1.16288435e-01 -2.33011964e-01  6.74251396e-05  1.23474316e-01  2.15612385e-01 -3.26535898e-05 -1.10061968e-01  2.17415739e-01 -2.88807306e-04 -2.52837349e-01 -2.92049529e-02 -2.12363083e-04 -4.84146655e-03 -1.98570424e-03  1.82287257e-07]
Atoms: 57  Mode #: 122 Freq: 1280.1562344432425 cm-1,Mass weighted displacment dq is: 
 [ 1.11879737e-03  3.09877652e-03 -5.22565833e-07  6.16974170e-04 -5.35922462e-02  3.33723762e-05 -3.21219185e-02 -2.64026126e-02 -9.58227734e-06  2.48172851e-02  3.85027580e-02 -6.52673631e-06 -2.08836073e-02 -1.54160492e-02 -5.81435787e-06  2.48172140e-02  3.85058372e-02 -2.77376464e-06 -2.08863529e-02 -1.54118467e-02 -6.52237884e-06 -3.21263177e-02 -2.64038327e-02 -1.03237707e-05  6.18043490e-04 -5.35941212e-02  3.61125235e-05  1.49104051e-01 -1.53186807e-01  2.14443165e-04 -5.95669919e-02  1.02373250e-01 -1.12276146e-04 -1.29714384e-02 -5.39280666e-02  2.61484618e-05  5.07676545e-02  7.80560257e-03  4.09282251e-05 -2.21399065e-01  6.51415849e-02 -2.10974095e-04  1.49736198e-01  7.19533673e-04  1.15163446e-04  1.45393116e-02  2.12653492e-03  1.02023841e-05  1.16884777e-02  5.35325459e-02 -3.00789919e-05 -2.04858741e-02 -1.39944763e-02 -4.91451563e-06 -1.26717506e-01  9.13422331e-02 -1.54217629e-04  1.33743694e-01 -5.69180398e-02  1.45898617e-04  8.64804325e-02  5.03180180e-02  4.09148332e-05 -2.90359720e-02 -2.62495278e-02 -6.05710474e-06 -6.99380263e-02 -6.28035493e-02 -1.47356324e-05  2.17421125e-02  9.60870354e-02 -4.93610281e-05  2.17361253e-02  9.60836200e-02 -4.40493023e-05 -6.99349677e-02 -6.28033334e-02 -2.23757835e-05  2.97902963e-04  9.38875008e-02 -9.06028510e-05  1.49735421e-01  7.17237487e-04  1.13030667e-04 -2.21393906e-01  6.51424771e-02 -2.00731902e-04 -5.95606505e-02  1.02364701e-01 -1.02095897e-04  1.49091543e-01 -1.53185768e-01  1.94238409e-04  5.07611924e-02  7.79418951e-03  3.61270961e-05 -1.29693059e-02 -5.39177310e-02  2.82900543e-05  1.45439716e-02  2.13336252e-03  1.18405541e-05  1.16855810e-02  5.35270790e-02 -2.70198997e-05 -2.04845881e-02 -1.39997558e-02 -7.52084580e-06 -2.90325252e-02 -2.62503634e-02 -1.03295846e-05 -1.26711741e-01  9.13409083e-02 -1.41430826e-04  1.33739590e-01 -5.69135315e-02  1.35132620e-04  8.64753453e-02  5.03134380e-02  4.34238174e-05  3.01202271e-04  9.38850058e-02 -7.69691222e-05  2.33035886e-01 -1.16301013e-01  2.34500402e-04 -2.15629990e-01  1.23483770e-01 -2.31835551e-04 -2.17437519e-01 -1.10072841e-01 -6.03665599e-05  2.33041516e-01 -1.16304702e-01  2.52472804e-04 -2.15635964e-01  1.23486466e-01 -2.50782841e-04 -2.17447187e-01 -1.10077783e-01 -4.91481384e-05  2.92073260e-02 -2.52855487e-01  1.84057175e-04  7.06299128e-03  4.46540155e-03  3.68523838e-06 -3.60023251e-02 -5.48006203e-02  9.68667078e-06  2.72214233e-02 -6.59138551e-02  7.60484540e-05  1.98330867e-03 -4.84181825e-03  2.16489857e-06  7.05796443e-03  4.45493522e-03  5.13148049e-06 -3.59977850e-02 -5.47921108e-02  4.59479357e-06  2.72169803e-02 -6.59055140e-02  7.68766037e-05  1.97047209e-03 -4.84366592e-03  2.67834425e-06  2.92060071e-02 -2.52847536e-01  1.55941184e-04]
Atoms: 57  Mode #: 123 Freq: 1284.0230674069337 cm-1,Mass weighted displacment dq is: 
 [-3.21431524e-07  9.07080416e-08 -4.84808848e-09  9.58337818e-03 -3.31031733e-02  2.82239514e-05 -3.30976116e-02 -9.56480820e-03 -2.09475023e-05 -3.41832093e-02  1.88430695e-02 -4.13903028e-05  1.88292075e-02  3.41816281e-02 -6.86209428e-06  3.41936084e-02 -1.88316022e-02  4.39192535e-05 -1.88446561e-02 -3.41727235e-02  4.37104008e-06  3.31053587e-02  9.57376410e-03  2.21782246e-05 -9.57697403e-03  3.30976089e-02 -2.94448703e-05 -1.23150754e-01  1.01285096e-01 -1.62193275e-04  6.36562248e-02 -9.13400032e-02  1.08121273e-04  3.22629985e-03  1.12115983e-01 -7.56674419e-05 -5.02885512e-02 -1.51282198e-01  6.14647497e-05  1.51239442e-01 -5.02770134e-02  1.47532950e-04 -1.12084902e-01  3.22692197e-03 -8.85690590e-05  6.05929382e-02  9.77636208e-02 -3.23581058e-05 -5.07829468e-02 -1.04978771e-01  3.25037057e-05  3.84840816e-02 -6.20349507e-02  8.07572563e-05  9.77554250e-02 -6.05855569e-02  1.10851385e-04 -1.04974612e-01  5.07815890e-02 -1.20465444e-04 -6.20327865e-02 -3.84819871e-02 -2.84584268e-05  7.27612578e-02  4.74241271e-03  7.02098038e-05  9.13389451e-02  6.36525569e-02  3.04148042e-05 -1.01292865e-01 -1.23146350e-01  9.02414537e-07  1.01318449e-01  1.23187700e-01  1.33457953e-05 -9.13716750e-02 -6.36791020e-02 -4.01851183e-05  4.74766935e-03 -7.27605171e-02  8.30609800e-05  1.12111292e-01 -3.23644650e-03  8.66747545e-05 -1.51252374e-01  5.02977328e-02 -1.40094171e-04 -6.36462223e-02  9.13194154e-02 -9.85334765e-05  1.23135684e-01 -1.01290364e-01  1.48275565e-04  5.02837589e-02  1.51248823e-01 -6.89913764e-05 -3.22516511e-03 -1.12110430e-01  7.76172755e-05 -6.06081334e-02 -9.77856709e-02  2.39281528e-05  5.07944874e-02  1.05003724e-01 -2.29363473e-05 -3.84888178e-02  6.20485543e-02 -8.27791423e-05 -7.27833207e-02 -4.74363617e-03 -8.24007495e-05 -9.77629690e-02  6.05933359e-02 -1.02563476e-04  1.04969584e-01 -5.07804724e-02  1.11126715e-04  6.20385041e-02  3.84773645e-02  3.04251730e-05 -4.73932883e-03  7.27603775e-02 -7.12584337e-05  1.62325135e-01 -8.35545351e-02  1.64983371e-04 -1.56924546e-01  8.82799995e-02 -1.71288117e-04 -1.66552487e-01 -8.28593038e-02 -2.37462109e-05 -1.62315774e-01  8.35510390e-02 -1.76427319e-04  1.56924414e-01 -8.82809024e-02  1.85807494e-04  1.66557049e-01  8.28604291e-02  1.30597577e-05 -2.09095441e-02  1.82171117e-01 -1.34610273e-04 -8.35558778e-02 -1.62325745e-01  6.92242406e-05  8.82866933e-02  1.56934902e-01 -3.80280240e-05 -8.28642837e-02  1.66562353e-01 -2.22184429e-04 -1.82186344e-01 -2.09108269e-02 -1.32875965e-04  8.35745231e-02  1.62362590e-01 -5.75906785e-05 -8.83086660e-02 -1.56973145e-01  2.31268046e-05  8.28847044e-02 -1.66605391e-01  2.33314769e-04  1.82227496e-01  2.09150822e-02  1.52746968e-04  2.09118418e-02 -1.82184299e-01  1.15238332e-04]
Atoms: 57  Mode #: 124 Freq: 1288.0339055477084 cm-1,Mass weighted displacment dq is: 
 [-2.01698702e-07  8.58293319e-08  1.57705070e-08  6.06702113e-02  1.67607057e-02  4.21975567e-05 -1.67594968e-02  6.06832632e-02 -5.14487195e-05 -5.21410102e-02  2.54744569e-02 -5.95716521e-05 -2.54860259e-02 -5.21427948e-02  1.36166122e-05  5.21380590e-02 -2.54830372e-02  6.31742784e-05  2.54648436e-02  5.21536066e-02 -1.00817539e-05  1.67618462e-02 -6.06785159e-02  5.46098761e-05 -6.06795964e-02 -1.67667164e-02 -3.89905760e-05  1.04122657e-01 -1.08239381e-01  1.50733263e-04 -5.25115121e-02  1.24716624e-01 -1.20789364e-04 -2.60959344e-02  1.25963762e-01 -1.10267221e-04 -2.30032387e-02 -1.42419429e-01  8.23503379e-05 -1.42440930e-01  2.30102913e-02 -1.23591485e-04  1.25979568e-01  2.60984548e-02  8.16690536e-05  5.95613220e-02  9.10734925e-02 -2.03548492e-05 -4.45992644e-02 -9.89055372e-02  3.52657053e-05  4.47000222e-02 -5.18404914e-02  7.89219999e-05 -9.10939186e-02  5.95749023e-02 -1.07651445e-04  9.89223549e-02 -4.46127608e-02  1.08161616e-04  5.18589723e-02  4.47082362e-02  1.63416060e-05  6.85199746e-02 -6.48654714e-03  6.92865622e-05  1.24709123e-01  5.25051266e-02  6.64955908e-05 -1.08214328e-01 -1.04106276e-01 -1.86339695e-05  1.08227423e-01  1.04117177e-01  3.28430435e-05 -1.24704919e-01 -5.25100836e-02 -7.71543556e-05  6.48950847e-03  6.85359043e-02 -5.66439404e-05 -1.25948991e-01 -2.60981241e-02 -8.25450726e-05  1.42433650e-01 -2.29949193e-02  1.19028928e-04  5.25335075e-02 -1.24738764e-01  1.10335167e-04 -1.04141792e-01  1.08236680e-01 -1.36878330e-04  2.29876387e-02  1.42401826e-01 -8.69639991e-05  2.61015742e-02 -1.25943281e-01  1.09403099e-04 -5.95698212e-02 -9.10861335e-02  1.15574220e-05  4.46039900e-02  9.89126844e-02 -2.69657044e-05 -4.46981850e-02  5.18494271e-02 -8.20470288e-05 -6.85294787e-02  6.48786398e-03 -7.87907610e-05  9.10891242e-02 -5.95710970e-02  9.90299896e-05 -9.89295647e-02  4.46147714e-02 -1.00067868e-04 -5.18528367e-02 -4.47093819e-02 -1.93732586e-05 -6.48553380e-03 -6.85398137e-02  4.74499026e-05 -1.61680050e-01  8.26257034e-02 -1.64229718e-04  1.57435403e-01 -8.93256730e-02  1.64034328e-04  1.62494578e-01  8.38628979e-02  5.26302754e-05  1.61683509e-01 -8.26270241e-02  1.77325313e-04 -1.57431506e-01  8.93228077e-02 -1.77674163e-04 -1.62486313e-01 -8.38598567e-02 -4.56597350e-05  1.77845962e-02 -1.78708232e-01  1.28574500e-04 -8.26061094e-02 -1.61642840e-01  4.95405788e-05  8.93050970e-02  1.57397681e-01 -4.09915425e-05 -8.38440684e-02  1.62454512e-01 -2.06672014e-04 -1.78665670e-01 -1.77791674e-02 -1.37298015e-04  8.26134520e-02  1.61657363e-01 -3.60911253e-05 -8.93132265e-02 -1.57412682e-01  2.70243197e-05  8.38506256e-02 -1.62468943e-01  2.13934744e-04  1.78686679e-01  1.77819249e-02  1.57288244e-04 -1.77827262e-02  1.78699456e-01 -1.09004223e-04]
Atoms: 57  Mode #: 125 Freq: 1291.476627507791 cm-1,Mass weighted displacment dq is: 
 [ 7.44471203e-04 -5.25366521e-04  7.24625922e-07  8.43661834e-02  1.44928959e-02  6.40342596e-05  4.82184118e-02 -1.47191193e-01  1.29056628e-04 -2.34082924e-02 -7.57879714e-02  3.08330741e-05  2.37723450e-01 -1.34557649e-01  2.73453965e-04 -2.34039225e-02 -7.57907143e-02  2.71257003e-05  2.37722779e-01 -1.34557045e-01  2.59018003e-04  4.82196382e-02 -1.47195060e-01  1.37708078e-04  8.43639747e-02  1.44974911e-02  6.07948244e-05  1.73391690e-01  2.51838363e-02  1.22886638e-04 -1.79671778e-01  2.94739056e-01 -3.29329945e-04 -9.53688080e-02  1.30217572e-01 -1.70970642e-04  4.70589225e-03 -5.30331540e-02  4.27246880e-05  4.63844569e-02 -1.88358572e-01  1.49102088e-04 -3.20593114e-01  4.85270612e-02 -2.80360505e-04 -3.55078889e-02 -1.65216305e-02 -1.58523487e-05 -1.52395830e-02  1.58414258e-02 -2.38833625e-05 -1.71111031e-02  1.39995574e-02 -2.64231685e-05  3.42023899e-02 -1.53014457e-02  3.68604316e-05  5.10129480e-02 -1.62265448e-02  5.11432926e-05 -3.85073425e-02  2.09893927e-02 -4.10343554e-05 -6.50183575e-03  2.51133613e-02 -2.49490711e-05 -8.12872339e-03  1.19965319e-01 -8.95640049e-05  7.37652739e-02 -7.51623714e-02  1.16333675e-04  7.37781656e-02 -7.51501353e-02  1.21190991e-04 -8.13933224e-03  1.19958061e-01 -8.39931553e-05 -2.98988200e-02  3.19676622e-02 -5.11897509e-05 -3.20589497e-01  4.85276001e-02 -2.72121409e-04  4.63837928e-02 -1.88350970e-01  1.30321398e-04 -1.79671564e-01  2.94734495e-01 -3.04952813e-04  1.73388344e-01  2.51898263e-02  1.19935209e-04  4.71053371e-03 -5.30196743e-02  4.33972574e-05 -9.53660428e-02  1.30205102e-01 -1.63926198e-04 -3.55138220e-02 -1.65306423e-02 -1.99642452e-05 -1.52346081e-02  1.58521315e-02 -2.47665983e-05 -1.71131598e-02  1.40048229e-02 -2.78468733e-05 -6.51070737e-03  2.51135269e-02 -2.51240449e-05  3.42008760e-02 -1.53019735e-02  3.44031623e-05  5.10109572e-02 -1.62297649e-02  4.77834823e-05 -3.85057584e-02  2.09869384e-02 -3.79126139e-05 -2.98981750e-02  3.19678249e-02 -4.59299860e-05  1.12044394e-02 -6.30961352e-03  1.27085960e-05 -3.32541733e-02  2.28982669e-02 -3.65559825e-05 -7.81634170e-02 -3.32856989e-02 -2.98276267e-05  1.12071803e-02 -6.31087806e-03  1.40122515e-05 -3.32621456e-02  2.29037525e-02 -3.94444841e-05 -7.81665364e-02 -3.32874033e-02 -2.68006495e-05 -1.28524863e-02  5.03477502e-02 -4.44240000e-05  3.27637833e-02  7.72666235e-02 -3.17744665e-05 -4.21044043e-02 -6.41713626e-02  1.27194058e-05  1.60314844e-02 -2.09326290e-02  3.02960736e-05  6.37207092e-02  5.51620201e-03  5.10017729e-05  3.27714119e-02  7.72814923e-02 -2.64535069e-05 -4.21143894e-02 -6.41888596e-02  6.15732659e-06  1.60397996e-02 -2.09500018e-02  3.16144654e-05  6.37381397e-02  5.51788154e-03  5.82559970e-05 -1.28520303e-02  5.03463333e-02 -3.85845963e-05]
Atoms: 57  Mode #: 126 Freq: 1291.4772629122367 cm-1,Mass weighted displacment dq is: 
 [ 5.25543718e-04  7.44454717e-04  1.21432968e-06  1.47194411e-01  4.82179455e-02  9.96951806e-05 -1.44918174e-02  8.43674393e-02 -6.71391186e-05  1.34555850e-01  2.37720946e-01 -5.05684370e-05  7.57888563e-02 -2.34065379e-02  7.42189577e-05  1.34556346e-01  2.37719410e-01 -3.61903320e-05  7.57866773e-02 -2.34017257e-02  7.04632950e-05 -1.44918082e-02  8.43630470e-02 -7.03619227e-05  1.47193155e-01  4.82155564e-02  9.09555631e-05  7.51534390e-02  7.37717117e-02  1.40308108e-05 -1.19959806e-01 -8.13396090e-03 -9.11773176e-05 -4.85274565e-02 -3.20581612e-01  1.75257181e-04  1.88352367e-01  4.63743293e-02  1.41125912e-04  5.30266849e-02  4.70911654e-03  3.73826068e-05 -1.30209301e-01 -9.53660181e-02 -4.36077151e-05  1.52993851e-02  3.41991743e-02 -1.28415737e-05  1.62307916e-02  5.10202913e-02 -2.34270381e-05 -2.09911445e-02 -3.85038055e-02  1.15621201e-05  1.65236733e-02 -3.55074655e-02  3.54361422e-05 -1.58489773e-02 -1.52353746e-02 -3.03606441e-06 -1.40010573e-02 -1.71153325e-02 -1.32841117e-06 -3.19715588e-02 -2.98993397e-02 -6.70819749e-06 -2.94738604e-01 -1.79672094e-01 -1.18149331e-04 -2.51795283e-02  1.73393392e-01 -1.47175169e-04 -2.51797011e-02  1.73394626e-01 -1.44601309e-04 -2.94740117e-01 -1.79672388e-01 -1.43105743e-04 -2.51119384e-02 -6.50776883e-03 -1.42782787e-05 -1.30215314e-01 -9.53681006e-02 -5.06491712e-05  5.30383007e-02  4.70749393e-03  3.67071959e-05 -1.19952432e-01 -8.14496938e-03 -8.56486357e-05  7.51438402e-02  7.37807119e-02  1.87169807e-05  1.88351140e-01  4.63746262e-02  1.22045593e-04 -4.85264390e-02 -3.20584650e-01  1.83648125e-04  1.52989965e-02  3.41967057e-02 -1.01221884e-05  1.62310048e-02  5.10199045e-02 -1.99623597e-05 -2.09930797e-02 -3.85038566e-02  8.28023190e-06 -3.19717873e-02 -2.98981414e-02 -1.18722163e-05  1.65304199e-02 -3.55123120e-02  3.15486542e-05 -1.58576793e-02 -1.52316567e-02 -3.88067520e-06 -1.40049991e-02 -1.71184511e-02 -2.73400983e-06 -2.51125220e-02 -6.51364580e-03 -1.44046157e-05 -7.72894496e-02  3.27760098e-02 -7.51893798e-05  6.41970640e-02 -4.21187986e-02  6.89989603e-05  2.09573277e-02  1.60433098e-02  7.97332988e-06 -7.72753413e-02  3.27689039e-02 -8.03030792e-05  6.41831865e-02 -4.21108421e-02  7.53845513e-05  2.09433582e-02  1.60362757e-02  6.84318648e-06 -5.51661403e-03  6.37274607e-02 -4.48504305e-05  6.31570761e-03  1.12166350e-02 -4.36492839e-06 -2.29081011e-02 -3.32701818e-02  2.52562639e-06  3.32908026e-02 -7.81742689e-02  9.12406209e-05 -5.03386584e-02 -1.28514650e-02 -3.05377928e-05  6.31703483e-03  1.12184945e-02 -3.07635594e-06 -2.29085377e-02 -3.32714089e-02 -7.25770046e-08  3.32916319e-02 -7.81749609e-02  9.34288917e-05 -5.03356994e-02 -1.28512448e-02 -3.61758131e-05 -5.51793379e-03  6.37410357e-02 -3.77101630e-05]
Atoms: 57  Mode #: 127 Freq: 1322.35687867671 cm-1,Mass weighted displacment dq is: 
 [-1.57957346e-08  5.09939550e-08 -1.52759095e-08  1.40367292e-01  4.14644328e-02  9.75774351e-05  4.14663292e-02 -1.40366169e-01  1.20742163e-04 -9.81793560e-02 -1.81165237e-01  4.06608558e-05 -1.81164101e-01  9.81769873e-02 -2.08257926e-04  9.81796324e-02  1.81166488e-01 -2.88910456e-05  1.81166982e-01 -9.81797405e-02  1.96918730e-04 -4.14649502e-02  1.40365069e-01 -1.28683365e-04 -1.40365860e-01 -4.14649228e-02 -8.94308542e-05 -1.00399359e-01 -8.66088123e-02 -2.48191404e-05  1.07807889e-01 -2.31028971e-01  2.33030903e-04  3.58498245e-02 -2.51880308e-01  2.02574070e-04  1.30877567e-01 -1.83004799e-02  1.33638721e-04  1.82980489e-02  1.30874764e-01 -6.43852361e-05  2.51879813e-01  3.58505072e-02  1.75770144e-04 -4.28724980e-02 -6.44788482e-02  1.42685294e-05 -3.09350252e-02 -7.16417391e-02  2.65637159e-05  6.14629104e-02  2.02567394e-02  3.76914361e-05 -6.44799047e-02  4.28736750e-02 -7.75134038e-05 -7.16371948e-02  3.09332444e-02 -7.54512524e-05  2.02569057e-02 -6.14620540e-02  5.30002850e-05 -1.63805290e-02  6.29916670e-02 -6.24877171e-05  2.31033728e-01  1.07812471e-01  1.15307595e-04  8.66063632e-02 -1.00403605e-01  1.44769967e-04 -8.66085549e-02  1.00405783e-01 -1.50022543e-04 -2.31035374e-01 -1.07813690e-01 -1.35063427e-04  6.29911510e-02  1.63836082e-02  3.87670033e-05 -2.51881698e-01 -3.58499415e-02 -1.76311860e-04 -1.82979146e-02 -1.30873758e-01  5.31123781e-05 -1.07813353e-01  2.31032771e-01 -2.13632051e-04  1.00402989e-01  8.66117263e-02  3.00417217e-05 -1.30875542e-01  1.83009098e-02 -1.22365416e-04 -3.58505980e-02  2.51879433e-01 -2.02169386e-04  4.28723323e-02  6.44771425e-02 -8.39415028e-06  3.09356172e-02  7.16410148e-02 -2.07625493e-05 -6.14638283e-02 -2.02566291e-02 -4.47979948e-05  1.63803199e-02 -6.29906060e-02  6.25104416e-05  6.44772640e-02 -4.28729051e-02  7.16454629e-05  7.16368946e-02 -3.09360547e-02  6.97262792e-05 -2.02562784e-02  6.14600581e-02 -4.59347368e-05 -6.29903353e-02 -1.63810048e-02 -3.87104979e-05 -1.72888498e-02  5.67621847e-03 -1.71187955e-05 -1.46191473e-02  1.13146786e-02 -1.63218236e-05 -8.84123436e-03  1.97443743e-03 -6.98864427e-06  1.72891517e-02 -5.67644875e-03  1.75076536e-05  1.46231409e-02 -1.13175909e-02  1.80154795e-05  8.83839813e-03 -1.97575143e-03  7.47076027e-06  6.45982879e-03 -6.21423854e-03  1.23298394e-05  5.67326733e-03  1.72828438e-02 -9.52295940e-06  1.13202072e-02  1.46276561e-02  1.87766915e-06  1.97251985e-03  8.84551028e-03 -4.51392614e-06  6.21422390e-03  6.45968096e-03 -3.21520670e-06 -5.67328398e-03 -1.72833117e-02  9.03252171e-06 -1.13200368e-02 -1.46281330e-02 -3.77929233e-06 -1.97227383e-03 -8.84515810e-03  3.85924351e-06 -6.21059547e-03 -6.45958026e-03  2.87747989e-06 -6.45977419e-03  6.21375444e-03 -1.16083207e-05]
Atoms: 57  Mode #: 128 Freq: 1361.0727422609868 cm-1,Mass weighted displacment dq is: 
 [ 7.21201187e-07 -1.56048823e-07  5.50008414e-07 -7.70720565e-03  2.47742168e-02 -2.08506688e-05 -2.47726168e-02 -7.70902662e-03 -1.38415749e-05  1.67989593e-02  3.06026083e-02 -8.82809017e-06 -3.06078739e-02  1.68009867e-02 -3.36104233e-05 -1.67993556e-02 -3.06044545e-02  5.47333236e-06  3.05991885e-02 -1.67965920e-02  3.03194088e-05  2.47860943e-02  7.71076096e-03  1.53467577e-05  7.71325482e-03 -2.47822696e-02  2.23687475e-05  3.63831510e-02 -1.54842324e-01  1.25941486e-04 -2.21504511e-02 -1.59624840e-02 -7.98716682e-06 -2.72942673e-02 -4.52830514e-04 -2.43258393e-05 -5.37449152e-02  1.52498896e-01 -1.60847260e-04  1.52516953e-01  5.37549868e-02  8.61229546e-05 -4.50966026e-04  2.72861992e-02 -1.66923349e-05  1.24554470e-01  1.57643339e-01 -1.98612093e-05  6.32491483e-02  1.92100550e-01 -8.97032871e-05 -2.21123468e-01 -1.33410495e-03 -1.89765677e-04 -1.57672730e-01  1.24581219e-01 -2.01326254e-04 -1.92137551e-01  6.32628910e-02 -1.88836693e-04  1.33428014e-03 -2.21171970e-01  1.38293672e-04  1.20628005e-01 -1.88838798e-01  2.52746380e-04 -1.59653302e-02  2.21532705e-02 -2.79719819e-05 -1.54810698e-01 -3.63782003e-02 -1.03115940e-04  1.54821353e-01  3.63725131e-02  1.19680922e-04  1.59600324e-02 -2.21373854e-02  2.91107521e-05  1.88875395e-01  1.20654768e-01  6.22647491e-05  4.49597489e-04 -2.72846081e-02  1.50792242e-05 -1.52471869e-01 -5.37407956e-02 -8.74270114e-05  2.21418413e-02  1.59618826e-02  9.11273381e-06 -3.63668098e-02  1.54796516e-01 -1.09641236e-04  5.37501978e-02 -1.52486028e-01  1.59521201e-04  2.72767229e-02  4.46208297e-04  2.27007328e-05 -1.24562340e-01 -1.57648600e-01  3.03538239e-06 -6.32570261e-02 -1.92112862e-01  7.64804495e-05  2.21137077e-01  1.33290725e-03  2.13956995e-04 -1.20633292e-01  1.88849019e-01 -2.61405430e-04  1.57622258e-01 -1.24541498e-01  1.84747180e-04  1.92079556e-01 -6.32435698e-02  1.75923944e-04 -1.33301544e-03  2.21101966e-01 -1.14698793e-04 -1.88817494e-01 -1.20615302e-01 -7.06487160e-05 -4.61315900e-02  1.15971301e-02 -4.32726728e-05 -3.52331041e-02  3.24125332e-02 -4.39151302e-05  6.13475443e-02  3.89997068e-02  8.34484512e-06  4.61475069e-02 -1.16014843e-02  4.50206586e-05  3.52435285e-02 -3.24222007e-02  4.93328991e-05 -6.13684156e-02 -3.90120678e-02 -4.06017543e-06 -7.71405833e-04  7.03652475e-02 -3.91292642e-05 -1.15997841e-02 -4.61375385e-02  2.74076025e-05 -3.24178785e-02 -3.52392341e-02 -5.79814191e-06 -3.90066873e-02  6.13583958e-02 -8.77876397e-05  7.03449472e-02  7.71231573e-04  6.38016443e-05  1.15994116e-02  4.61394664e-02 -2.57579357e-05  3.24186669e-02  3.52410164e-02  1.12918603e-05  3.90057345e-02 -6.13565630e-02  9.23063150e-05 -7.03557678e-02 -7.71551710e-04 -7.15984359e-05  7.71342967e-04 -7.03433004e-02  3.15993361e-05]
Atoms: 57  Mode #: 129 Freq: 1366.7224488677869 cm-1,Mass weighted displacment dq is: 
 [-4.93178350e-03  3.16855832e-03 -6.01365503e-06 -3.01130186e-02  5.27508272e-02 -5.65084870e-05 -5.46398155e-02  2.47548776e-04 -4.23535149e-05 -3.87613838e-03 -9.55033390e-04 -5.20292626e-06  3.51691566e-02 -1.87028787e-02  4.01254174e-05 -3.87925563e-03 -9.60875187e-04 -4.93642204e-06  3.51761411e-02 -1.87070712e-02  3.77085576e-05 -5.46347010e-02  2.53747424e-04 -4.55926963e-05 -3.01147875e-02  5.27433065e-02 -5.89584263e-05 -5.25129025e-02  2.16211619e-01 -1.77504754e-04  1.99815823e-02 -3.70257762e-03  1.76785795e-05  7.45626675e-02  1.71746344e-02  5.24105356e-05 -3.72217706e-02  6.81618936e-03 -3.90314804e-05 -2.13833332e-01 -6.97123940e-02 -1.24184931e-04  1.76928914e-02 -2.44755944e-02  2.80638620e-05 -4.52127755e-03 -2.78875283e-02  1.68966251e-05  9.69752300e-03 -1.44240430e-02  1.82894320e-05  1.68585262e-02  1.73451782e-03  1.30744331e-05  2.14173594e-01 -1.68535773e-01  2.72987223e-04  2.60134864e-01 -8.79057137e-02  2.57732302e-04  2.08393362e-03  3.11425030e-01 -1.91177012e-04 -1.61635455e-02  2.00494950e-02 -3.03397757e-05  2.54090809e-02 -7.44660271e-02  7.06140844e-05  3.77715330e-03  3.40089339e-02 -2.11436831e-05  3.81868976e-03  3.40216643e-02 -1.89851815e-05  2.54063570e-02 -7.44721672e-02  6.77010847e-05 -2.62771607e-01 -1.72762521e-01 -8.33156217e-05  1.76885921e-02 -2.44837815e-02  2.60416311e-05 -2.13861749e-01 -6.97279042e-02 -1.25729070e-04  1.99847995e-02 -3.69248820e-03  1.88325466e-05 -5.25134676e-02  2.16240824e-01 -1.55395862e-04 -3.72097247e-02  6.77451592e-03 -3.53512008e-05  7.45659466e-02  1.71807165e-02  4.64104636e-05 -4.55470498e-03 -2.79296478e-02  1.56304495e-05  9.68042008e-03 -1.44748123e-02  1.87135751e-05  1.69183077e-02  1.73413216e-03  1.50427633e-05 -1.61972805e-02  2.01007198e-02 -3.18784657e-05  2.14200095e-01 -1.68554622e-01  2.50618620e-04  2.60169642e-01 -8.79165691e-02  2.40232064e-04  2.08420507e-03  3.11460595e-01 -1.58118955e-04 -2.62806020e-01 -1.72781322e-01 -9.56649017e-05 -5.83640682e-02  1.38276042e-02 -5.39858039e-05 -4.29360280e-02  4.03195368e-02 -5.25013167e-05  8.62035691e-02  5.29388325e-02  1.70966500e-05 -5.83593479e-02  1.38265672e-02 -5.58799511e-05 -4.29301290e-02  4.03137870e-02 -5.98110942e-05  8.61946293e-02  5.29319235e-02  1.08278170e-05  2.52405701e-03 -9.93110663e-02  5.95094659e-05  9.79369391e-04 -4.23263375e-03  3.22806416e-06  9.09169173e-03  6.47551546e-03  2.57649925e-06  1.22177144e-02 -2.03295190e-02  2.61492558e-05  9.90421046e-03  2.15753886e-04  6.11325610e-06  9.82611306e-04 -4.22019429e-03  3.17586646e-06  9.09936394e-03  6.48338540e-03  3.95739154e-06  1.22285669e-02 -2.03473057e-02  2.72983491e-05  9.88469124e-03  2.15250412e-04  7.12032597e-06  2.52433465e-03 -9.93198137e-02  4.89915982e-05]
Atoms: 57  Mode #: 130 Freq: 1366.7234115488232 cm-1,Mass weighted displacment dq is: 
 [-3.16888870e-03 -4.93192847e-03  4.80875308e-07 -2.51773469e-04 -5.46356512e-02  3.18609838e-05 -5.27471973e-02 -3.01140600e-02 -2.17504075e-05  1.87056799e-02  3.51719495e-02 -9.00699434e-06  9.56955461e-04 -3.87730766e-03  1.75186040e-06  1.87051711e-02  3.51706234e-02 -6.10540755e-06  9.59163165e-04 -3.87855426e-03  2.08644500e-06 -5.27463214e-02 -3.01145500e-02 -2.41521827e-05 -2.51300963e-04 -5.46362649e-02  3.51302638e-05 -3.40130435e-02  3.79328441e-03 -2.93250852e-05  7.44672201e-02  2.54076959e-02  4.54305836e-05  2.44785452e-02  1.76952690e-02  1.06743518e-05  6.97199086e-02 -2.13849811e-01  2.19444858e-04 -6.79009459e-03 -3.72145966e-02  1.70292957e-05 -1.71781208e-02  7.45643187e-02 -6.05670906e-05  1.68546024e-01  2.14191929e-01 -2.72298334e-05  8.79123778e-02  2.60157366e-01 -1.19723448e-04 -3.11445444e-01  2.08509860e-03 -2.70133056e-04  2.79040957e-02 -4.53476084e-03  2.46217021e-05  1.44437208e-02  9.69088672e-03  4.88592911e-06 -1.73465578e-03  1.68818405e-02 -1.19411140e-05  1.72773930e-01 -2.62794579e-01  3.55830177e-04  3.69902486e-03  1.99871736e-02 -1.10091424e-05 -2.16230782e-01 -5.25186686e-02 -1.42627399e-04 -2.16221879e-01 -5.25132103e-02 -1.64507455e-04  3.69944589e-03  1.99840328e-02 -1.18979920e-05 -2.00692978e-02 -1.61766838e-02 -3.17354227e-06 -1.71772791e-02  7.45633331e-02 -5.46293719e-05 -6.80016175e-03 -3.72187432e-02  1.34501157e-05  7.44685381e-02  2.54074869e-02  4.24416478e-05 -3.40150656e-02  3.80490332e-03 -2.73175989e-05  6.97228562e-02 -2.13853286e-01  2.17964084e-04  2.44793663e-02  1.76927910e-02  8.74041790e-06  1.68538466e-01  2.14182540e-01 -4.85758350e-06  8.79095372e-02  2.60148856e-01 -1.01681144e-04 -3.11434184e-01  2.08679972e-03 -3.03899019e-04  1.72767319e-01 -2.62784919e-01  3.68133417e-04  2.79123885e-02 -4.54223970e-03  2.32355881e-05  1.44541331e-02  9.68710846e-03  5.28197536e-06 -1.73422644e-03  1.68971891e-02 -1.00794241e-05 -2.00800386e-02 -1.61848187e-02 -4.58005989e-06  4.22613302e-03  9.80451938e-04  1.37582526e-06 -6.47969889e-03  9.09562546e-03 -9.04231601e-06  2.03402125e-02  1.22238788e-02  5.71311689e-06  4.22679405e-03  9.81048907e-04  1.34362779e-06 -6.47829592e-03  9.09441718e-03 -1.04698820e-05  2.03360781e-02  1.22217284e-02  4.71470301e-06 -2.15706196e-04  9.89743908e-03 -7.12234484e-06 -1.38275419e-02 -5.83612466e-02  3.82554449e-05 -4.03182648e-02 -4.29352858e-02 -8.76756423e-06 -5.29388600e-02  8.62046319e-02 -1.22230253e-04  9.93137635e-02  2.52461275e-03  9.03074887e-05 -1.38258576e-02 -5.83558796e-02  3.65839372e-05 -4.03177350e-02 -4.29352074e-02 -1.67605764e-05 -5.29349264e-02  8.61980855e-02 -1.27280340e-04  9.93150584e-02  2.52498569e-03  1.00654577e-04 -2.15408213e-04  9.89089243e-03 -6.10379552e-06]
Atoms: 57  Mode #: 131 Freq: 1388.2965973867595 cm-1,Mass weighted displacment dq is: 
 [-1.19432562e-07  1.00697849e-07  8.39363684e-09 -5.86312688e-02 -1.72630571e-02 -4.05571166e-05 -1.72659328e-02  5.86300415e-02 -5.04806352e-05  7.54816978e-03  1.40920413e-02 -4.95227756e-06  1.40929825e-02 -7.54862406e-03  1.92218179e-05 -7.54849341e-03 -1.40927295e-02 -9.79581871e-07 -1.40924875e-02  7.54822560e-03 -1.35005382e-05  1.72629987e-02 -5.86307350e-02  5.37334167e-05  5.86292876e-02  1.72656688e-02  3.72060182e-05  6.16826762e-02 -1.59685185e-01  1.48316700e-04 -3.75562235e-02  9.39010865e-02 -8.98206246e-05 -1.97994742e-02  9.97014029e-02 -8.44316821e-05  3.58839940e-02 -1.68699824e-01  1.57854979e-04  1.68687802e-01  3.58792084e-02  1.08359360e-04 -9.96982854e-02 -1.98011989e-02 -6.54258436e-05 -9.12250208e-02 -1.16010576e-01  1.49308955e-05 -4.59553766e-02 -1.40974165e-01  6.62178331e-05  2.27139213e-01 -2.74957834e-02  2.16444044e-04 -1.16002434e-01  9.12215432e-02 -1.47726801e-04 -1.40963104e-01  4.59523948e-02 -1.37428636e-04 -2.74927616e-02 -2.27127749e-01  1.20503454e-04 -1.48428430e-01  1.77132113e-01 -2.68257640e-04 -9.39009085e-02 -3.75600991e-02 -5.07657764e-05  1.59697274e-01  6.16846903e-02  9.12868344e-05 -1.59693615e-01 -6.16828519e-02 -1.07820854e-04  9.39025846e-02  3.75572462e-02  5.87003547e-05  1.77116562e-01  1.48419614e-01  3.32423611e-05  9.97014672e-02  1.97993689e-02  6.61640670e-05 -1.68702707e-01 -3.58863218e-02 -1.10012437e-04  3.75599018e-02 -9.39011641e-02  8.21642713e-05 -6.16830473e-02  1.59697868e-01 -1.32459692e-04 -3.58864949e-02  1.68700351e-01 -1.56339158e-04  1.98009411e-02 -9.97001838e-02  8.37595598e-05  9.12233501e-02  1.16008952e-01 -2.93056192e-06  4.59547710e-02  1.40971789e-01 -5.70268816e-05 -2.27134874e-01  2.74954382e-02 -2.40837030e-04  1.48425272e-01 -1.77128621e-01  2.80384212e-04  1.16011671e-01 -9.12267424e-02  1.35912541e-04  1.40975376e-01 -4.59552532e-02  1.28518391e-04  2.74954345e-02  2.27142910e-01 -9.68421827e-05 -1.77132537e-01 -1.48429951e-01 -4.50225359e-05  3.06784614e-03 -1.09560336e-02  4.71670619e-06  1.13207803e-02  3.37658475e-03  5.49261378e-06  8.30870804e-02  4.08707308e-02  1.69537609e-05 -3.06637047e-03  1.09552122e-02 -6.57728420e-06 -1.13206624e-02 -3.37538830e-03 -4.70214447e-06 -8.30808030e-02 -4.08666770e-02 -1.31281613e-05 -1.08017573e-02  8.89935253e-02 -6.07051281e-05 -1.09550309e-02 -3.06673707e-03 -1.11242975e-05  3.37627350e-03 -1.13210214e-02  1.63395376e-05  4.08718759e-02 -8.30888550e-02  1.08738874e-04 -8.89941149e-02 -1.08029103e-02 -7.10892876e-05  1.09550878e-02  3.06769934e-03  1.25983480e-05 -3.37633409e-03  1.13207561e-02 -1.70377009e-05 -4.08700971e-02  8.30857825e-02 -1.12697051e-04  8.89945552e-02  1.08027343e-02  8.20284514e-05  1.08028073e-02 -8.89973087e-02  4.97499661e-05]
Atoms: 57  Mode #: 132 Freq: 1416.8403624234245 cm-1,Mass weighted displacment dq is: 
 [ 4.30809644e-03  7.05399463e-03 -4.23973202e-07 -1.44361831e-02 -5.60277907e-02  1.73839944e-05 -4.34822073e-02 -3.98790120e-02 -9.93067444e-06  7.26143408e-03  1.91518653e-02 -7.61912376e-06 -1.48973974e-02 -3.02879655e-02  6.17948895e-06  7.26123822e-03  1.91534222e-02 -5.68249947e-06 -1.48966562e-02 -3.02890698e-02  5.13576547e-06 -4.34827503e-02 -3.98780081e-02 -9.71868525e-06 -1.44369242e-02 -5.60265299e-02  2.21358015e-05 -4.49027934e-02 -6.68739707e-02  5.97168630e-06  1.49455701e-01  8.04954478e-02  6.98332684e-05 -3.78895665e-02 -5.74577175e-02  8.83845540e-06 -1.99709118e-01  1.02478009e-01 -2.58984899e-04 -1.69304623e-02 -4.57041831e-02  1.36227279e-05 -2.12842866e-02  1.78075019e-01 -1.27227677e-04  1.07740118e-01  1.57341285e-01 -3.18097601e-05  8.06653810e-02  1.74573356e-01 -6.15653579e-05  1.09003398e-01 -1.25031435e-01  1.91067852e-04  5.74144438e-02  1.58289233e-02  3.58710634e-05  4.82893126e-03  4.65472474e-02 -2.44972622e-05 -8.30447057e-03 -4.30507291e-02  1.92430653e-05 -1.67964170e-01  2.57223679e-02 -1.67400095e-04 -1.82398797e-02 -8.31076452e-02  3.94028444e-05  1.89690761e-01 -1.02918427e-01  2.35997101e-04  1.89693400e-01 -1.02917399e-01  2.52010587e-04 -1.82426675e-02 -8.31092425e-02  3.16312474e-05 -2.71198483e-02 -6.93129172e-03 -1.77981238e-05 -2.12847984e-02  1.78077972e-01 -1.12735263e-04 -1.69306333e-02 -4.57136725e-02  1.01251936e-05  1.49456088e-01  8.04955108e-02  6.62912204e-05 -4.48972874e-02 -6.68663589e-02  1.54816241e-06 -1.99706787e-01  1.02474645e-01 -2.41613342e-04 -3.78931675e-02 -5.74550521e-02  1.23521455e-05  1.07741558e-01  1.57340746e-01 -1.63351889e-05  8.06653696e-02  1.74574469e-01 -4.70820738e-05  1.09005169e-01 -1.25033736e-01  1.99635493e-04 -1.67965877e-01  2.57213536e-02 -1.86758101e-04  5.74072679e-02  1.58321330e-02  3.56681865e-05  4.82041504e-03  4.65504162e-02 -2.01377993e-05 -8.30192549e-03 -4.30469360e-02  1.49672880e-05 -2.71165820e-02 -6.93472021e-03 -1.75660503e-05 -1.47300805e-02  2.34847822e-02 -2.53129332e-05 -1.21309199e-03  1.70220316e-02 -1.09356783e-05  3.75627998e-02  2.83084520e-02  2.13998434e-05 -1.47380077e-02  2.34889858e-02 -2.91608200e-05 -1.22055153e-03  1.70269137e-02 -1.30936189e-05  3.75598590e-02  2.83087172e-02  2.04526206e-05 -2.87841460e-03  6.82156530e-02 -4.41040861e-05 -1.11173059e-01 -2.19615571e-01  7.51818238e-05 -1.20391427e-01 -2.15421533e-01  5.59947977e-05  4.16853920e-02 -1.47212727e-01  1.55884264e-04 -1.40579846e-01 -4.49569372e-02 -8.39074462e-05 -1.11173723e-01 -2.19617126e-01  5.80182608e-05 -1.20392483e-01 -2.15422441e-01  3.62301709e-05  4.16845132e-02 -1.47212823e-01  1.59623643e-04 -1.40583458e-01 -4.49573027e-02 -1.00767195e-04 -2.87725428e-03  6.82083411e-02 -3.66179530e-05]
Atoms: 57  Mode #: 133 Freq: 1416.8405171078143 cm-1,Mass weighted displacment dq is: 
 [ 7.05428769e-03 -4.30837666e-03  9.25436444e-06 -3.98787495e-02  4.34856287e-02 -6.27483166e-05 -5.60279653e-02  1.44370675e-02 -5.27647663e-05 -3.02884483e-02  1.48973753e-02 -3.47998623e-05  1.91531500e-02 -7.26090219e-03  1.92658844e-05 -3.02878872e-02  1.48963634e-02 -3.58484955e-05  1.91543745e-02 -7.26034713e-03  1.74453479e-05 -5.60286781e-02  1.44341923e-02 -5.74841613e-05 -3.98780825e-02  4.34842970e-02 -6.25638964e-05 -1.02908232e-01 -1.89690539e-01  3.92927834e-05 -8.31105940e-02  1.82436049e-02 -7.78058433e-05  1.78076086e-01  2.12877217e-02  1.39188210e-04 -4.57084340e-02  1.69244892e-02 -5.30213021e-05  1.02477547e-01  1.99701558e-01 -4.49346469e-05 -5.74579756e-02  3.78894089e-02 -6.93335321e-05  1.58300370e-02 -5.74097452e-02  5.35511681e-05  4.65489119e-02 -4.82071616e-03  4.23044814e-05 -4.30447077e-02  8.30355254e-03 -4.38536413e-05  1.57332200e-01 -1.07732958e-01  1.90829895e-04  1.74566998e-01 -8.06631005e-02  1.88107902e-04 -1.25029507e-01 -1.09006621e-01 -2.86369917e-05 -6.93380405e-03  2.71151495e-02 -2.56908040e-05  8.04931590e-02 -1.49456214e-01  1.66717578e-04 -6.68678616e-02  4.49000028e-02 -8.70586681e-05 -6.68709289e-02  4.49010472e-02 -9.15659457e-05  8.04961780e-02 -1.49457296e-01  1.63098104e-04  2.57215943e-02  1.67963638e-01 -9.91547538e-05 -5.74607819e-02  3.78875187e-02 -6.58272548e-05  1.02480240e-01  1.99711097e-01 -2.78912705e-05 -8.31124514e-02  1.82408739e-02 -7.00917932e-05 -1.02919370e-01 -1.89695352e-01  2.37218151e-05 -4.57118872e-02  1.69279199e-02 -4.94872792e-05  1.78081104e-01  2.12850565e-02  1.24678054e-04  1.58291982e-02 -5.74090533e-02  5.33742987e-05  4.65487194e-02 -4.82017497e-03  4.67878611e-05 -4.30472955e-02  8.30501025e-03 -4.82499609e-05 -6.93104118e-03  2.71121879e-02 -2.54550528e-05  1.57346282e-01 -1.07744703e-01  1.75602965e-04  1.74579627e-01 -8.06680629e-02  1.74036045e-04 -1.25037168e-01 -1.09003911e-01 -3.69217221e-05  2.57212792e-02  1.67968144e-01 -8.04329944e-05 -2.19625388e-01  1.11177376e-01 -2.22689797e-04 -2.15427065e-01  1.20394646e-01 -2.24696165e-04 -1.47216983e-01 -4.16865364e-02 -6.41735507e-05 -2.19610254e-01  1.11170460e-01 -2.39517361e-04 -2.15414126e-01  1.20387368e-01 -2.43775635e-04 -1.47211261e-01 -4.16845594e-02 -6.08693622e-05 -4.49557602e-02  1.40580103e-01 -1.24817480e-04  2.34852946e-02  1.47323181e-02  1.94120590e-05  1.70235516e-02  1.21634052e-03  1.68919854e-05  2.83080251e-02 -3.75618812e-02  5.09208655e-05  6.82094449e-02  2.87796573e-03  5.77025480e-05  2.34861844e-02  1.47344486e-02  2.33437935e-05  1.70241865e-02  1.21773708e-03  1.90715548e-05  2.83069828e-02 -3.75598368e-02  5.18760741e-05  6.82104774e-02  2.87844132e-03  6.53599694e-05 -4.49585318e-02  1.40583575e-01 -1.08491838e-04]
Atoms: 57  Mode #: 134 Freq: 1421.497338569549 cm-1,Mass weighted displacment dq is: 
 [-1.48305627e-07  1.62212505e-07  2.65925729e-09 -3.59860736e-02 -1.20024106e-02 -2.79131931e-05 -1.20046622e-02  3.59859208e-02 -3.15657972e-05 -1.30910646e-02 -2.43090162e-02  4.58040999e-06 -2.43099660e-02  1.30903844e-02 -2.63139473e-05  1.30925482e-02  2.43101694e-02 -5.65826061e-06  2.43099161e-02 -1.30904132e-02  2.75953273e-05  1.20058254e-02 -3.59867184e-02  3.52347596e-05  3.59866376e-02  1.20015422e-02  2.43083494e-05  9.65880843e-02  1.05008578e-01  8.25475381e-06  9.70200078e-02  4.74424924e-02  4.74002357e-05 -1.08730046e-01 -1.29738439e-02 -8.38757295e-05 -1.39421458e-01  3.46774026e-02 -1.52690013e-04 -3.46747499e-02 -1.39403256e-01  6.02922561e-05  1.29717480e-02 -1.08727189e-01  7.82121472e-05 -1.05219999e-01 -1.61014077e-01  3.62513324e-05 -7.84784075e-02 -1.73824269e-01  6.26405035e-05 -2.68110989e-02  9.22852115e-02 -9.39696114e-05 -1.61000765e-01  1.05211056e-01 -1.92042335e-04 -1.73813211e-01  7.84733875e-02 -1.85921106e-04  9.22787607e-02  2.68069619e-02  5.29065726e-05  9.27959735e-02  2.74826718e-02  6.10546151e-05 -4.74385736e-02  9.70113093e-02 -1.03443628e-04 -1.05018365e-01  9.66049339e-02 -1.58444854e-04  1.05023143e-01 -9.66079120e-02  1.66809211e-04  4.74359342e-02 -9.70102340e-02  1.00712156e-04  2.74870597e-02 -9.27865685e-02  9.08597833e-05 -1.29717945e-02  1.08728513e-01 -6.93285495e-05  3.46704385e-02  1.39393739e-01 -4.84125319e-05 -9.70132747e-02 -4.74432470e-02 -4.44439320e-05 -9.65884336e-02 -1.04999405e-01 -1.63085502e-05  1.39419819e-01 -3.46746553e-02  1.40723012e-04  1.08723244e-01  1.29706687e-02  7.49428500e-05  1.05223363e-01  1.61019154e-01 -2.12646235e-05  7.84783025e-02  1.73828440e-01 -4.86193752e-05  2.68123684e-02 -9.22890020e-02  9.45960906e-05 -9.27976007e-02 -2.74848273e-02 -7.35445903e-05  1.61000808e-01 -1.05212003e-01  1.77318812e-04  1.73809546e-01 -7.84706126e-02  1.72276535e-04 -9.22758497e-02 -2.67980896e-02 -5.33394063e-05 -2.74889641e-02  9.27789454e-02 -7.87145098e-05 -1.69211268e-01  8.54864240e-02 -1.70396248e-04 -1.63467472e-01  9.28769296e-02 -1.70192526e-04 -9.60471560e-02 -2.33028547e-02 -3.67657606e-05  1.69215202e-01 -8.54886797e-02  1.83462078e-04  1.63473428e-01 -9.28799817e-02  1.85270959e-04  9.60535640e-02  2.33045912e-02  3.39679364e-05  3.29645327e-02 -9.50251976e-02  8.98896617e-05  8.54944345e-02  1.69226426e-01 -5.72055506e-05  9.28880397e-02  1.63488431e-01 -4.08529299e-05 -2.33068311e-02  9.60605044e-02 -1.00433010e-04  9.50304494e-02  3.29672390e-02  5.09703965e-05 -8.54970941e-02 -1.69231048e-01  4.41409125e-05 -9.28907756e-02 -1.63491537e-01  2.54801815e-05  2.33059427e-02 -9.60610753e-02  1.03124099e-04 -9.50360805e-02 -3.29683188e-02 -6.20846570e-05 -3.29636452e-02  9.50194729e-02 -7.85910826e-05]
Atoms: 57  Mode #: 135 Freq: 1428.8843250848286 cm-1,Mass weighted displacment dq is: 
 [-2.03797927e-07  8.72266026e-08  1.72456449e-07  5.67463622e-04 -8.79769037e-03  5.14664369e-06  8.79539577e-03  5.68400248e-04  5.86581691e-06  1.32600108e-04 -2.48743114e-03  8.61592891e-07  2.48432536e-03  1.32437028e-04  2.75182783e-06 -1.30885604e-04  2.48665212e-03 -1.56754511e-06 -2.48498888e-03 -1.33098038e-04 -3.41483733e-06 -8.79273944e-03 -5.70614966e-04 -6.98975151e-06 -5.65186615e-04  8.79694090e-03 -6.27192041e-06  1.36284964e-01  1.46874164e-01  1.40850637e-05 -3.35716864e-02 -4.34281646e-02  1.08411823e-07 -4.55757889e-02  1.43995423e-02 -5.10756294e-05  1.94296291e-01 -3.92935591e-02  2.07057102e-04 -3.92967486e-02 -1.94319575e-01  8.96637710e-05  1.44007931e-02  4.55584767e-02 -1.59777858e-05  8.36816764e-02  1.31894291e-01 -3.22522102e-05  6.13719018e-02  1.42472297e-01 -5.37563320e-05  8.09058683e-02 -8.66059096e-02  1.35916894e-04 -1.31908431e-01  8.36889984e-02 -1.55897157e-04 -1.42494067e-01  6.13815809e-02 -1.50786051e-04  8.66150418e-02  8.09143637e-02  1.52332487e-05 -1.16069520e-01  1.25007634e-02 -1.12023218e-04 -4.34339967e-02  3.35901692e-02 -5.92168153e-05  1.46860032e-01 -1.36280710e-01  2.22836235e-04 -1.46850911e-01  1.36272964e-01 -2.32646916e-04  4.34299324e-02 -3.35826025e-02  6.18849879e-05 -1.24933893e-02 -1.16081226e-01  7.50698070e-05 -1.44015828e-02 -4.55590191e-02  1.25173793e-05  3.92940422e-02  1.94308611e-01 -7.19415027e-05  3.35797254e-02  4.34301387e-02  2.57848438e-06 -1.36284061e-01 -1.46866770e-01 -2.36990941e-05 -1.94301490e-01  3.92922452e-02 -1.89035837e-04  4.55661233e-02 -1.44001418e-02  4.75851533e-05 -8.36792944e-02 -1.31885090e-01  1.99481006e-05 -6.13712639e-02 -1.42466122e-01  4.22739434e-05 -8.09006664e-02  8.66026688e-02 -1.42451346e-04  1.16064845e-01 -1.25006763e-02  1.25814983e-04  1.31905764e-01 -8.36879437e-02  1.43839737e-04  1.42487622e-01 -6.13766543e-02  1.39618819e-04 -8.66117681e-02 -8.09069480e-02 -2.15930646e-05  1.24930444e-02  1.16073261e-01 -6.16792866e-05 -1.64831912e-01  8.53171594e-02 -1.67268463e-04 -1.60739223e-01  9.16027845e-02 -1.68076688e-04 -9.48560682e-02 -2.29486095e-02 -3.39320570e-05  1.64837365e-01 -8.53202153e-02  1.80142780e-04  1.60746635e-01 -9.16065016e-02  1.82780651e-04  9.48626862e-02  2.29501526e-02  3.13557412e-05  3.13960804e-02 -9.92766455e-02  8.97127068e-05 -8.53097985e-02 -1.64817769e-01  5.47836443e-05 -9.15961364e-02 -1.60728978e-01  3.88106953e-05  2.29479572e-02 -9.48503312e-02  9.89023002e-05 -9.92631870e-02 -3.13930610e-02 -5.63135212e-05  8.53048999e-02  1.64810109e-01 -4.16409983e-05  9.15914275e-02  1.60721257e-01 -2.36799592e-05 -2.29473031e-02  9.48470797e-02 -1.01612826e-04  9.92573399e-02  3.13916685e-02  6.83956095e-05 -3.13948700e-02  9.92704289e-02 -7.79232034e-05]
Atoms: 57  Mode #: 136 Freq: 1451.113435132446 cm-1,Mass weighted displacment dq is: 
 [-1.23496155e-07  1.92408850e-07 -8.77720741e-08  9.56405495e-02  3.07630759e-02  6.86598715e-05 -3.07684716e-02  9.56366179e-02 -8.30756252e-05 -7.17075704e-02  3.86225752e-02 -8.31860219e-05 -3.86240539e-02 -7.17086927e-02  1.47475666e-05  7.17096864e-02 -3.86236163e-02  8.67318854e-05  3.86227992e-02  7.17097496e-02 -1.12168943e-05  3.07703279e-02 -9.56387469e-02  8.97692052e-05 -9.56386319e-02 -3.07616718e-02 -6.19324736e-05  2.12950924e-02 -1.31613344e-01  9.71714378e-05  1.56758664e-01  1.55114233e-01  2.85007854e-05 -2.21237065e-01  4.61279939e-02 -2.23134535e-04  6.08782368e-02 -1.23024233e-01  1.44352016e-04 -1.23041820e-01 -6.08715355e-02 -5.89874372e-05  4.61350528e-02  2.21220810e-01 -1.02278117e-04  7.47870774e-02 -6.97883966e-02  1.14167021e-04  1.02324286e-01 -1.69469505e-02  1.00561921e-04 -1.21962082e-01 -4.15598648e-02 -7.44626958e-05  6.97939819e-02  7.47951431e-02  8.08966586e-06  1.69551800e-02  1.02330839e-01 -5.03236837e-05  4.15676512e-02 -1.21976944e-01  1.04317404e-04 -3.63879504e-02  1.23322401e-01 -1.26611616e-04  1.55109314e-01 -1.56756580e-01  2.32364371e-04 -1.31604862e-01 -2.12900213e-02 -9.37027217e-05  1.31606787e-01  2.12901910e-02  1.06553530e-04 -1.55113860e-01  1.56762701e-01 -2.32247100e-04 -1.23340941e-01 -3.63929172e-02 -6.58974564e-05 -4.61299126e-02 -2.21230473e-01  8.47173839e-05  1.23026910e-01  6.08747512e-02  6.14669520e-05 -1.56755124e-01 -1.55109369e-01 -2.83599506e-05 -2.12906476e-02  1.31605760e-01 -8.46191190e-05 -6.08746976e-02  1.23023502e-01 -1.41868460e-04  2.21229084e-01 -4.61279379e-02  2.05599000e-04 -7.47869267e-02  6.97895705e-02 -1.20091482e-04 -1.02327023e-01  1.69436852e-02 -1.10713724e-04  1.21960475e-01  4.15601736e-02  8.85518465e-05  3.63902451e-02 -1.23322117e-01  1.27638185e-04 -6.97907907e-02 -7.47879658e-02 -1.38627589e-05 -1.69489906e-02 -1.02325391e-01  4.04140989e-05 -4.15602322e-02  1.21965011e-01 -9.05505459e-05  1.23325137e-01  3.63890684e-02  6.68930695e-05 -8.35848352e-03 -3.42855095e-02  1.34622289e-05 -3.21688868e-02 -2.12063477e-02 -1.09926933e-05 -1.12756324e-01 -8.67321357e-02 -3.66581296e-05  8.36033874e-03  3.42876513e-02 -1.76416458e-05  3.21704486e-02  2.12087612e-02  9.33037821e-06  1.12767255e-01  8.67412398e-02  3.03571963e-05  1.29480234e-02  1.39508060e-01 -7.38025766e-05  3.42838590e-02 -8.36005180e-03  4.57094040e-05  2.12066330e-02 -3.21671603e-02  4.38088281e-05  8.67309129e-02 -1.12754919e-01  1.62972807e-04  1.39492036e-01 -1.29455959e-02  1.35408202e-04 -3.42835360e-02  8.36092092e-03 -4.99363025e-05 -2.12055574e-02  3.21698871e-02 -4.54649046e-05 -8.67313526e-02  1.12757025e-01 -1.69377097e-04 -1.39492736e-01  1.29456569e-02 -1.50268463e-04 -1.29458016e-02 -1.39495219e-01  5.93003913e-05]
Atoms: 57  Mode #: 137 Freq: 1461.504174423601 cm-1,Mass weighted displacment dq is: 
 [-2.95748421e-03 -3.84233765e-03  3.22699307e-07  2.25895422e-02  5.46211823e-02 -1.20322417e-05  5.29364037e-02  4.25773085e-02  1.47538980e-05  5.12143781e-03  5.48556504e-03  1.26965280e-06  7.00316974e-03  9.51304039e-03 -1.26538887e-06  5.12839050e-03  5.48236595e-03  1.10133214e-06  7.00489507e-03  9.51746439e-03 -8.67999408e-07  5.29428366e-02  4.25717568e-02  1.63566978e-05  2.25817917e-02  5.46218179e-02 -1.62517723e-05 -1.43057054e-01  1.77681273e-01 -2.22523067e-04 -1.31603694e-02 -9.50415439e-02  4.96368079e-05  1.41816924e-02  1.82578451e-02 -2.50161914e-07 -8.02636697e-02 -5.85648527e-02 -3.04190225e-05  2.19767706e-01  5.18345458e-03  1.67636459e-04 -7.18386575e-02 -7.23761355e-02 -9.57557485e-06  5.02955210e-03  7.09665529e-02 -5.06188632e-05  7.45508029e-03  7.34220647e-02 -4.89899808e-05  6.31981139e-02 -5.51549197e-03  6.11083632e-05 -5.21664200e-02 -1.46321903e-01  5.09221339e-05 -6.88766764e-02 -1.37408968e-01  3.16215085e-05 -1.14981242e-01  2.45020053e-01 -2.34543908e-04 -2.24439327e-02 -5.24372864e-02  2.21487551e-05 -2.74753779e-02  2.30849017e-02 -3.75024621e-05  6.50682546e-02 -4.69478412e-02  8.85142924e-05  6.50975627e-02 -4.69318931e-02  9.32141562e-05 -2.74960117e-02  2.30956234e-02 -3.82480863e-05  2.64835231e-01  5.05439352e-02  1.59914491e-04 -7.18266697e-02 -7.23945703e-02 -1.45553337e-05  2.19734722e-01  5.18890508e-03  1.63147408e-04 -1.31776962e-02 -9.50430877e-02  4.41886844e-05 -1.43032754e-01  1.77667462e-01 -2.00667039e-04 -8.02638840e-02 -5.85314923e-02 -2.16852742e-05  1.41994574e-02  1.82460281e-02 -1.66014118e-06  5.01003539e-03  7.09789631e-02 -4.84572747e-05  7.43421904e-03  7.34330941e-02 -4.58094063e-05  6.32338486e-02 -5.50040038e-03  6.76630511e-05 -2.24366557e-02 -5.24763038e-02  1.85656421e-05 -5.21650196e-02 -1.46300827e-01  3.67837130e-05 -6.88622060e-02 -1.37396625e-01  1.94622037e-05 -1.14960620e-01  2.44986773e-01 -2.05941159e-04  2.64794792e-01  5.05367182e-02  1.58934850e-04 -2.58792815e-02 -4.71718188e-02  7.43233858e-06 -4.67149369e-02 -3.60518592e-02 -1.60576775e-05 -1.92168659e-01 -1.61521139e-01 -5.50741791e-05 -2.58856250e-02 -4.71762997e-02  1.23012645e-05 -4.67202542e-02 -3.60562191e-02 -1.34452883e-05 -1.92194967e-01 -1.61543895e-01 -4.20764923e-05 -3.53832363e-02 -2.41210552e-01  1.15393928e-04 -3.83695014e-02 -4.91014544e-02  5.39164577e-06 -3.54804015e-02 -4.54395853e-02  4.44129465e-06 -2.44538610e-02  8.50114144e-03 -2.83387725e-05 -7.35399509e-02 -3.01947102e-03 -6.46339878e-05 -3.83781332e-02 -4.91001633e-02  3.25641511e-07 -3.54865115e-02 -4.54335232e-02 -1.28788786e-06 -2.44782084e-02  8.53027747e-03 -3.17333980e-05 -7.35783634e-02 -3.01485438e-03 -7.24313688e-05 -3.53770834e-02 -2.41178228e-01  9.04053901e-05]
Atoms: 57  Mode #: 138 Freq: 1461.5051609696263 cm-1,Mass weighted displacment dq is: 
 [ 3.84267881e-03 -2.95776770e-03  4.72600130e-06 -4.25766600e-02  5.29402941e-02 -6.80166719e-05 -5.46294679e-02  2.25844600e-02 -5.61851424e-05 -9.51651129e-03  7.00447027e-03 -1.09508397e-05 -5.48347307e-03  5.12580549e-03 -7.96824696e-06 -9.51658932e-03  7.00353335e-03 -1.13395232e-05 -5.48477385e-03  5.12375520e-03 -8.16846991e-06 -5.46262099e-02  2.25853934e-02 -6.03757364e-05 -4.25776400e-02  5.29459157e-02 -6.96446163e-05  4.69356582e-02  6.50918037e-02 -2.93063839e-06 -2.30924404e-02 -2.74893744e-02 -1.06930224e-06  7.23966878e-02 -7.18233492e-02  1.13298013e-04 -5.19077138e-03  2.19729477e-01 -1.64163138e-04  5.85643544e-02 -8.02682041e-02  9.55094141e-05 -1.82591973e-02  1.41908480e-02 -2.25302937e-05  1.46322111e-01 -5.21689252e-02  1.62732434e-04  1.37415450e-01 -6.88717649e-02  1.71352269e-04 -2.45021806e-01 -1.14979435e-01 -1.25737231e-04 -7.09784097e-02  5.01203237e-03 -5.86207357e-05 -7.34343239e-02  7.43933235e-03 -6.18034859e-05  5.50119390e-03  6.32289923e-02 -3.15475665e-05 -5.05424318e-02  2.64834701e-01 -2.48990869e-04  9.50508142e-02 -1.31720148e-02  8.77012264e-05 -1.77691670e-01 -1.43056029e-01 -4.73023446e-05 -1.77664167e-01 -1.43033310e-01 -6.96463357e-05  9.50410325e-02 -1.31785256e-02  9.32410322e-05  5.24726109e-02 -2.24371894e-02  5.06403654e-05 -1.82492712e-02  1.41955231e-02 -2.10980399e-05  5.85387672e-02 -8.02638215e-02  8.68646708e-05 -2.30929552e-02 -2.74801230e-02 -1.80728760e-06  4.69505344e-02  6.50711002e-02  1.61139390e-06 -5.18500373e-03  2.19765980e-01 -1.68736357e-04  7.23928119e-02 -7.18372480e-02  1.08321512e-04  1.46296302e-01 -5.21631729e-02  1.77144582e-04  1.37396050e-01 -6.88552295e-02  1.83764134e-04 -2.44978379e-01 -1.14959422e-01 -1.54974225e-04 -5.05360145e-02  2.64788954e-01 -2.47956822e-04 -7.09724021e-02  5.02932844e-03 -5.64208961e-05 -7.34243928e-02  7.45263412e-03 -5.86980923e-05  5.51525473e-03  6.31988085e-02 -2.51770070e-05  5.24412604e-02 -2.24414845e-02  4.71382359e-05  4.91015402e-02 -3.83705292e-02  5.95191569e-05  4.54387691e-02 -3.54809028e-02  5.33134648e-05 -8.50531473e-03 -2.44567614e-02  1.39298260e-05  4.90995485e-02 -3.83765013e-02  6.44766091e-05  4.54342613e-02 -3.54854098e-02  5.88292413e-05 -8.52713558e-03 -2.44758247e-02  1.73314229e-05  3.01523172e-03 -7.35725564e-02  4.34285911e-05  4.71768044e-02 -2.58854962e-02  6.44916657e-05  3.60569205e-02 -4.67211765e-02  6.59015465e-05  1.61546066e-01 -1.92198357e-01  2.87457469e-04  2.41212647e-01 -3.53825966e-02  2.41622448e-04  4.71690406e-02 -2.58810501e-02  6.94873593e-05  3.60493192e-02 -4.67167191e-02  6.85811064e-05  1.61519059e-01 -1.92168201e-01  3.00741131e-04  2.41174418e-01 -3.53763806e-02  2.67196582e-04  3.01935878e-03 -7.35433185e-02  3.58886043e-05]
Atoms: 57  Mode #: 139 Freq: 1464.0796822497207 cm-1,Mass weighted displacment dq is: 
 [-5.96814381e-08  6.08203230e-07 -2.41565113e-09  5.15350104e-03 -1.55408894e-02  1.37785716e-05 -1.55326870e-02 -5.14996795e-03 -9.29062654e-06 -6.73733779e-03  3.79536985e-03 -8.03205152e-06  3.79248829e-03  6.72976008e-03 -1.54999522e-06  6.73843670e-03 -3.79736424e-03  8.59623529e-06 -3.79289834e-03 -6.73284933e-03  1.00021094e-06  1.55336998e-02  5.13699047e-03  9.75105958e-06 -5.14952609e-03  1.55205780e-02 -1.42262232e-05 -1.09967982e-01  1.29681064e-01 -1.66401080e-04  3.03192524e-02 -5.09934967e-02  5.65983579e-05 -7.88423429e-04  5.84481011e-02 -4.20611666e-05 -2.28743732e-02 -1.66439589e-01  9.99271407e-05  1.66403073e-01 -2.28770208e-02  1.43330421e-04 -5.84370480e-02 -7.51624154e-04 -4.37230438e-05  1.06551589e-01 -3.80512562e-02  1.21337288e-04  9.10900769e-02 -6.69772351e-02  1.30695064e-04 -1.90772473e-01 -8.81843507e-02 -9.90812211e-05 -3.80327017e-02 -1.06555134e-01  3.79226286e-05 -6.69673838e-02 -9.10860429e-02  5.42640127e-06 -8.81900629e-02  1.90760565e-01 -1.80939609e-04 -3.04770863e-02  2.05593107e-01 -1.87199436e-04  5.10125347e-02  3.02952174e-02  2.18993683e-05 -1.29704530e-01 -1.09951909e-01 -3.04477636e-05  1.29725586e-01  1.09988018e-01  4.69137000e-05 -5.10253444e-02 -3.02977427e-02 -2.73341981e-05  2.05586796e-01  3.04836804e-02  1.25772460e-04  5.84530864e-02  7.62628504e-04  4.30599634e-05 -1.66453483e-01  2.28935466e-02 -1.37868447e-04 -3.03118920e-02  5.10183234e-02 -5.13053837e-05  1.09985810e-01 -1.29731092e-01  1.50369774e-04  2.28904700e-02  1.66409775e-01 -1.05507843e-04  7.70154491e-04 -5.84387690e-02  4.27283485e-05 -1.06577504e-01  3.80497393e-02 -1.32054894e-04 -9.11166322e-02  6.69757177e-02 -1.38363655e-04  1.90804242e-01  8.82061825e-02  1.21839754e-04  3.04909355e-02 -2.05632305e-01  1.86083588e-04  3.80564755e-02  1.06580954e-01 -2.74864449e-05  6.69936570e-02  9.11120107e-02  2.06096767e-06  8.82092640e-02 -1.90819801e-01  1.58781581e-04 -2.05646515e-01 -3.04882060e-02 -1.24697761e-04  1.17915680e-02  3.82659664e-02 -1.47696802e-05  2.51694296e-02  3.11212580e-02  3.25958427e-06  1.39542507e-01  1.21957241e-01  2.41370116e-05 -1.17977845e-02 -3.82490807e-02  1.79445627e-05 -2.51687287e-02 -3.11075231e-02 -1.22249196e-06 -1.39505250e-01 -1.21922330e-01 -1.33081848e-05 -2.68660570e-02 -1.85325085e-01  9.08482335e-05  3.82590066e-02 -1.17836751e-02  3.81842952e-05  3.11155863e-02 -2.51596767e-02  4.63831983e-05  1.21926500e-01 -1.39506741e-01  2.19231370e-04  1.85340819e-01 -2.68638934e-02  1.87265657e-04 -3.82609900e-02  1.17962598e-02 -4.14549615e-05 -3.11155337e-02  2.51765864e-02 -4.85158523e-05 -1.21951620e-01  1.39540875e-01 -2.30393117e-04 -1.85373601e-01  2.68707987e-02 -2.06304250e-04  2.68718654e-02  1.85384654e-01 -7.23612022e-05]
Atoms: 57  Mode #: 140 Freq: 1478.4499639251044 cm-1,Mass weighted displacment dq is: 
 [-2.05297143e-07 -1.04069935e-07 -1.07300770e-07  6.16052187e-02  2.12709728e-02  4.55344436e-05 -2.12785484e-02  6.16023369e-02 -5.47363643e-05 -6.11863633e-02  3.25728476e-02 -7.07837253e-05 -3.25748511e-02 -6.11880485e-02  1.26725495e-05  6.11899312e-02 -3.25735450e-02  7.37597284e-05  3.25731140e-02  6.11891027e-02 -9.69056614e-06  2.12853673e-02 -6.16050536e-02  5.98460470e-05 -6.16046934e-02 -2.12643777e-02 -4.04298905e-05 -1.28814648e-01  4.84115449e-02 -1.32161906e-04  2.07706966e-01  8.08899461e-02  1.16422114e-04 -2.21276203e-01 -4.43727276e-02 -1.58290329e-04  7.91476719e-02  1.08576240e-01 -5.77567036e-06  1.08557247e-01 -7.91327492e-02  1.32286248e-04 -4.43669287e-02  2.21243652e-01 -1.71361821e-04 -8.36946178e-02 -2.63384658e-02 -4.97454449e-05 -2.62823942e-02  8.00633734e-02 -8.41483147e-05  1.47816225e-01  8.65760189e-02  6.30117197e-05  2.63455916e-02 -8.36940401e-02  7.28196743e-05 -8.00586278e-02 -2.62779354e-02 -4.67609833e-05 -8.65748750e-02  1.47807042e-01 -1.54347842e-04  1.03276866e-02 -1.69531142e-01  1.38598677e-04  8.08848180e-02 -2.07705048e-01  2.05479514e-04  4.84260105e-02  1.28813507e-01 -5.00708971e-05 -4.84322721e-02 -1.28827262e-01  4.02011514e-05 -8.08840022e-02  2.07713900e-01 -1.97003782e-04  1.69522012e-01  1.03286051e-02  1.22070963e-04  4.43701619e-02 -2.21258828e-01  1.52880789e-04 -1.08566138e-01  7.91413424e-02 -1.23201081e-04 -2.07702240e-01 -8.08830978e-02 -1.08149950e-04  1.28816338e-01 -4.84239248e-02  1.22540718e-04 -7.91455101e-02 -1.08566633e-01  1.49837034e-05  2.21261131e-01  4.43712374e-02  1.39788019e-04  8.37031257e-02  2.63405116e-02  5.95019028e-05  2.62884171e-02 -8.00648737e-02  8.44887513e-05 -1.47829774e-01 -8.65842412e-02 -8.11750083e-05 -1.03294435e-02  1.69543945e-01 -1.34866248e-04 -2.63411877e-02  8.36968055e-02 -6.32763395e-05  8.00622587e-02  2.62840452e-02  4.71209325e-05  8.65773526e-02 -1.47816084e-01  1.36635229e-04 -1.69531963e-01 -1.03298225e-02 -1.18449395e-04  1.90721061e-02  1.48203773e-02  4.83517618e-06  5.31854836e-03  2.21898764e-02 -1.11034887e-05  8.51457768e-02  8.56434906e-02  2.31331563e-05 -1.90744151e-02 -1.48174067e-02 -3.40246705e-06 -5.31759197e-03 -2.21875670e-02  1.33625453e-05 -8.51386828e-02 -8.56373438e-02 -1.69971532e-05 -2.64260014e-02 -1.18177145e-01  4.82385507e-05 -1.48219539e-02  1.90687745e-02 -3.26910614e-05 -2.21913334e-02  5.31536845e-03 -2.42818553e-05 -8.56432868e-02  8.51446481e-02 -1.37750492e-04 -1.18186388e-01  2.64262431e-02 -1.31545517e-04  1.48230422e-02 -1.90713490e-02  3.42064177e-05  2.21918980e-02 -5.31887510e-03  2.66529223e-05  8.56512438e-02 -8.51541933e-02  1.44050984e-04  1.18198443e-01 -2.64286376e-02  1.43696962e-04  2.64269443e-02  1.18185645e-01 -3.63991183e-05]
Atoms: 57  Mode #: 141 Freq: 1495.02484176177 cm-1,Mass weighted displacment dq is: 
 [ 1.37179439e-02 -1.57081793e-02  2.18078944e-05 -1.01837032e-01  2.64512821e-01 -2.43082604e-04 -1.44540880e-01  2.02357495e-02 -1.23403887e-04 -3.34958504e-02  1.93893975e-02 -3.91204577e-05  2.28471161e-03  1.88203979e-02 -1.20439990e-05 -3.34941986e-02  1.93882172e-02 -4.08276543e-05  2.28689009e-03  1.88214153e-02 -1.29945616e-05 -1.44546879e-01  2.02307297e-02 -1.34180594e-04 -1.01838874e-01  2.64511153e-01 -2.55949817e-04  1.96633289e-01  1.90473826e-02  1.43067136e-04 -1.73160370e-01 -1.65086576e-02 -1.29170138e-04  3.28424979e-01  6.70731340e-02  2.34664050e-04 -1.42554284e-01 -8.64016287e-02 -6.72675278e-05  4.34333087e-02 -1.07994750e-01  1.01375009e-04 -4.74542339e-02 -8.72037364e-02  1.64792028e-05 -2.01282543e-02  4.80750441e-03 -2.09425236e-05  2.94009975e-02  9.10505777e-02 -4.41169436e-05  7.98009642e-02  4.08453539e-02  3.87127251e-05 -1.19061797e-01  6.90194649e-02 -1.36287688e-04 -7.57792754e-02  5.65209271e-02 -9.44167132e-05  5.36783141e-02 -3.41171106e-02  6.15887337e-05 -1.16685256e-02 -1.00586722e-01  6.64669462e-05  1.34753340e-01 -2.44840993e-01  2.76265052e-04  1.62418815e-02  4.08486358e-02 -1.53555652e-05  1.62418066e-02  4.08479828e-02 -1.23658890e-05  1.34751468e-01 -2.44835771e-01  2.69476667e-04 -2.39133858e-02 -2.58723591e-02  2.99347094e-07 -4.74526219e-02 -8.72084419e-02  9.96374280e-06  4.34322042e-02 -1.07990177e-01  9.05665796e-05 -1.73173942e-01 -1.65159472e-02 -1.19328772e-04  1.96637542e-01  1.90459019e-02  1.37203963e-04 -1.42556688e-01 -8.64019658e-02 -5.28066352e-05  3.28428882e-01  6.70738189e-02  2.07830727e-04 -2.01263923e-02  4.80926583e-03 -2.31174484e-05  2.94001366e-02  9.10473974e-02 -3.82150691e-05  7.97980602e-02  4.08439830e-02  4.83290538e-05 -1.16680566e-02 -1.00583974e-01  6.19401581e-05 -1.19063281e-01  6.90217152e-02 -1.26263927e-04 -7.57769781e-02  5.65198038e-02 -8.59831488e-05  5.36796463e-02 -3.41219060e-02  5.66027688e-05 -2.39171392e-02 -2.58709914e-02 -2.06004195e-06  6.89551798e-02 -3.57850445e-02  6.99620682e-05  6.81855688e-02 -3.04356427e-02  6.62409490e-05  4.34693289e-02  2.30716661e-02  1.80164921e-05  6.89554630e-02 -3.57856645e-02  7.52232060e-05  6.81849979e-02 -3.04356343e-02  7.17843247e-05  4.34688321e-02  2.30702408e-02  1.65035597e-05  1.80863729e-02 -4.62516312e-03  1.92846648e-05 -2.02320039e-02 -2.12168494e-02 -2.38857346e-06 -2.10958746e-02 -2.57711728e-02 -3.64275631e-07 -3.87954961e-02  2.26168642e-02 -4.81587870e-05 -6.21731316e-02  1.17105051e-02 -6.65960648e-05 -2.02319834e-02 -2.12172437e-02 -5.20871063e-06 -2.10949253e-02 -2.57698944e-02 -3.51687197e-06 -3.87944414e-02  2.26165043e-02 -5.08758296e-05 -6.21721980e-02  1.17100689e-02 -7.31842703e-05  1.80869279e-02 -4.62203089e-03  1.84506276e-05]
Atoms: 57  Mode #: 142 Freq: 1495.0266518873675 cm-1,Mass weighted displacment dq is: 
 [-1.57085480e-02 -1.37181070e-02 -5.32902579e-06  2.02302987e-02  1.44545860e-01 -6.31899957e-05  2.64519359e-01  1.01837888e-01  1.40727364e-04  1.88213424e-02 -2.28520359e-03  1.80245429e-05  1.93924850e-02  3.34952866e-02 -4.66744691e-06  1.88178894e-02 -2.28319924e-03  1.71102311e-05  1.93879801e-02  3.34929962e-02 -2.95761446e-06  2.64522842e-01  1.01847170e-01  1.53476756e-04  2.02324810e-02  1.44539452e-01 -7.40206484e-05  4.08506634e-02 -1.62326877e-02  4.30698978e-05 -2.44859057e-01 -1.34768336e-01 -1.11786205e-04 -8.71987341e-02  4.74546820e-02 -1.07789773e-04 -1.07996290e-01 -4.34348904e-02 -6.53005493e-05 -8.63975879e-02  1.42552573e-01 -1.53179176e-04  6.70740370e-02 -3.28421831e-01  2.55810254e-04  6.90191763e-02  1.19061064e-01 -3.39455143e-05  5.65204078e-02  7.57746005e-02 -7.83828934e-06 -3.41204716e-02 -5.36780312e-02  1.14330578e-05  4.80458555e-03  2.01264702e-02 -8.34860072e-06  9.10493863e-02 -2.94061379e-02  8.99868223e-05  4.08439731e-02 -7.97942547e-02  7.89654375e-05 -2.58706133e-02  2.39177038e-02 -4.06218664e-05 -1.65088044e-02  1.73166045e-01 -1.28209748e-04  1.90411520e-02 -1.96633716e-01  1.54688076e-04  1.90422756e-02 -1.96637719e-01  1.48688893e-04 -1.65064116e-02  1.73162627e-01 -1.18154904e-04 -1.00581770e-01  1.16684522e-02 -8.63050162e-05  6.70716219e-02 -3.28423998e-01  2.28949258e-04 -8.63963192e-02  1.42552134e-01 -1.38895388e-04 -2.44834362e-01 -1.34752863e-01 -1.05163360e-04  4.08429877e-02 -1.62381003e-02  4.01807332e-05 -1.07985767e-01 -4.34324964e-02 -5.43525709e-05 -8.72180482e-02  4.74530810e-02 -1.01294112e-04  6.90192521e-02  1.19061457e-01 -2.37415314e-05  5.65233847e-02  7.57809784e-02  8.19323787e-07 -3.41164611e-02 -5.36773983e-02  6.35031312e-06 -2.58723871e-02  2.39135814e-02 -4.30716202e-05  4.80865851e-03  2.01219693e-02 -6.25607433e-06  9.10460266e-02 -2.94018768e-02  8.42582676e-05  4.08404287e-02 -7.97882763e-02  6.95763270e-05 -1.00578113e-01  1.16665207e-02 -8.19267113e-05 -2.12169597e-02  2.02301447e-02 -2.72583781e-05 -2.57698000e-02  2.10937316e-02 -3.10696701e-05  2.26117025e-02  3.87897937e-02  4.97425999e-06 -2.12148072e-02  2.02297802e-02 -3.00240129e-05 -2.57704765e-02  2.10935300e-02 -3.40818480e-05  2.26111637e-02  3.87909064e-02  2.26043776e-06  1.17101318e-02  6.21667816e-02 -2.62653298e-05 -3.57843509e-02 -6.89528058e-02  2.26111307e-05 -3.04334632e-02 -6.81825896e-02  2.37657135e-05  2.30716077e-02 -4.34686824e-02  5.30091318e-05 -4.62207299e-03 -1.80863944e-02  1.34198758e-05 -3.57854799e-02 -6.89543842e-02  1.72711447e-05 -3.04355553e-02 -6.81856800e-02  1.80206971e-05  2.30700791e-02 -4.34686924e-02  5.46643506e-05 -4.62495195e-03 -1.80861387e-02  1.25394359e-05  1.17092970e-02  6.21635386e-02 -1.98449257e-05]
Atoms: 57  Mode #: 143 Freq: 1510.958633448998 cm-1,Mass weighted displacment dq is: 
 [-5.35614155e-07 -1.80318965e-07 -6.44396111e-09  9.36003914e-02 -3.27703363e-01  2.70485860e-04 -3.27681985e-01 -9.36058883e-02 -1.93141816e-04 -1.66310760e-03 -1.37103216e-04 -1.93463697e-06 -1.36994073e-04  1.66174738e-03 -7.46952024e-07  1.65833078e-03  1.44775533e-04  1.83100019e-06  1.39488041e-04 -1.66817573e-03  8.65314996e-07  3.27713581e-01  9.36180315e-02  2.10649260e-04 -9.36150098e-02  3.27696748e-01 -2.88146893e-04  5.80383662e-02 -3.41769080e-03  4.82557253e-05 -2.04981272e-01 -1.20037599e-01 -8.80131741e-05 -2.58871108e-01 -1.21090436e-02 -2.13226202e-04  5.69855038e-02  3.85916632e-02  2.41493648e-05 -3.85939072e-02  5.69851318e-02 -6.37185695e-05  1.21130706e-02 -2.58860154e-01  1.69083852e-04  1.93333461e-02  1.34597839e-02  5.10959927e-06  1.25978524e-03 -1.93126016e-02  1.51991476e-05 -6.84257202e-03 -3.08608322e-03 -3.60060368e-06  1.34595858e-02 -1.93330988e-02  2.27196427e-05 -1.93131505e-02 -1.25897137e-03 -1.40908553e-05 -3.08543333e-03  6.84106260e-03 -6.50238450e-06 -2.96273877e-03  7.88516472e-03 -8.96773241e-06  1.20034280e-01 -2.04969701e-01  2.38012585e-04  3.41557290e-03  5.80341789e-02 -3.90034702e-05 -3.42198609e-03 -5.80275244e-02  3.69748727e-05 -1.20009880e-01  2.04941220e-01 -2.33083787e-04  7.88394123e-03  2.96260703e-03  3.52635120e-06 -1.21060480e-02  2.58896892e-01 -1.47691729e-04  3.85896901e-02 -5.69944273e-02  5.78428156e-05  2.04950596e-01  1.20016783e-01  8.32490146e-05 -5.80294192e-02  3.42138437e-03 -4.62918197e-05 -5.69823999e-02 -3.85918518e-02 -1.81402113e-05  2.58850969e-01  1.21112115e-02  1.91809002e-04 -1.93370171e-02 -1.34620374e-02 -7.46181154e-06 -1.25609321e-03  1.93194332e-02 -1.45961962e-05  6.84562910e-03  3.08938532e-03  4.45163455e-06  2.96292291e-03 -7.89337214e-03  9.15906671e-06 -1.34552106e-02  1.93336416e-02 -2.03933627e-05  1.93108834e-02  1.25770931e-03  1.34988684e-05  3.08358114e-03 -6.84054129e-03  5.67446582e-06 -7.88291634e-03 -2.96204242e-03 -3.70460642e-06  2.21759470e-02 -7.71047402e-03  2.04703852e-05 -1.52409713e-02  1.23708220e-02 -1.79632583e-05  7.52286557e-03  5.67364628e-03  8.62403440e-07 -2.21755008e-02  7.71127431e-03 -2.17791416e-05  1.52430122e-02 -1.23726346e-02  1.99280043e-05 -7.52458553e-03 -5.67478463e-03 -4.91588532e-07 -1.14976583e-03 -8.52743430e-03  5.06775080e-06 -7.71059301e-03 -2.21744484e-02  1.08523003e-05  1.23723288e-02  1.52418876e-02 -2.44568370e-07  5.67541743e-03 -7.52527567e-03  1.11398243e-05  8.52829736e-03 -1.14993986e-03  8.04319227e-06  7.71123204e-03  2.21772304e-02 -9.51483380e-06 -1.23731953e-02 -1.52434491e-02 -1.73601598e-06 -5.67771234e-03  7.52645933e-03 -1.15245166e-05 -8.53201548e-03  1.15098573e-03 -8.96916835e-06  1.14920253e-03  8.52854526e-03 -4.18176495e-06]
Atoms: 57  Mode #: 144 Freq: 1523.1505358758145 cm-1,Mass weighted displacment dq is: 
 [-2.24824775e-03 -1.22316596e-02  5.82129930e-06 -1.42659632e-01  2.47794360e-01 -2.71027455e-04  1.72895058e-01 -6.62365950e-02  1.74937068e-04  4.27324599e-02  3.66221949e-02  1.00245252e-05 -4.96618190e-02 -6.06438480e-02 -5.67679288e-07  4.27308335e-02  3.66229065e-02  1.30523288e-05 -4.96630515e-02 -6.06454212e-02 -4.10246995e-06  1.72882462e-01 -6.62392907e-02  1.90138476e-04 -1.42652292e-01  2.47777325e-01 -2.79807427e-04 -9.87438750e-03 -5.22889103e-02  2.37249471e-05  9.76797373e-02  1.17453719e-01  3.99770043e-06 -3.89213106e-01  5.95308183e-02 -3.78937151e-04  9.40100632e-02 -2.57781300e-02  1.07467184e-04 -2.67495902e-02  6.33184367e-03 -2.39977817e-05  1.38057281e-02 -6.72794866e-02  5.27349177e-05 -4.17903916e-03  3.93034076e-02 -3.24626273e-05  2.26783579e-02 -7.33100354e-03  2.46442213e-05 -1.44573301e-02 -1.52419562e-02 -5.56338913e-07  4.02278324e-02 -3.28619295e-02  5.19528767e-05 -5.70785623e-02  3.45552101e-02 -6.60832791e-05 -2.81540970e-02  3.52411194e-02 -4.26819508e-05 -2.19628446e-03  4.70612197e-04 -2.29205768e-06  2.45969356e-01 -3.03176073e-01  4.08035144e-04 -5.40890353e-02  7.34003838e-02 -1.00151631e-04 -5.40872904e-02  7.34051095e-02 -1.03975108e-04  2.45979787e-01 -3.03190742e-01  4.08428448e-04  5.13213296e-02 -6.83062767e-03  4.43506121e-05  1.38049149e-02 -6.72849022e-02  4.75348402e-05 -2.67489350e-02  6.32934977e-03 -2.22847738e-05  9.76739128e-02  1.17450461e-01  6.04234820e-06 -9.87218838e-03 -5.22864350e-02  1.93114474e-05  9.40127797e-02 -2.57773393e-02  9.91268851e-05 -3.89224325e-01  5.95305584e-02 -3.48406120e-04 -4.17938510e-03  3.93024248e-02 -3.18137168e-05  2.26769830e-02 -7.33217354e-03  2.66737374e-05 -1.44565902e-02 -1.52410478e-02 -2.54031406e-06 -2.19573605e-03  4.68904557e-04 -2.53314405e-06  4.02280320e-02 -3.28634572e-02  4.75082871e-05 -5.70820199e-02  3.45547872e-02 -6.08104434e-05 -2.81553844e-02  3.52441387e-02 -3.82017317e-05  5.13253114e-02 -6.83060033e-03  4.19973233e-05 -2.54672276e-02  9.68004497e-03 -2.35559165e-05  2.18961187e-02 -1.07364402e-02  2.28460483e-05 -6.52894389e-03 -1.66146914e-02  1.81343825e-06 -2.54666859e-02  9.68025777e-03 -2.50806475e-05  2.18945089e-02 -1.07346764e-02  2.45307075e-05 -6.52693670e-03 -1.66126415e-02  2.95419290e-06 -8.74242060e-03 -2.39359916e-02  7.17594937e-06 -4.45197281e-03  7.41824506e-03 -1.17249865e-05  1.53562774e-02  1.16258100e-02  5.20805405e-06  9.93216787e-03 -1.57572340e-02  2.16590277e-05 -1.04092967e-02 -4.53153042e-03 -4.05131076e-06 -4.45184466e-03  7.41844688e-03 -1.20286975e-05  1.53567007e-02  1.16271579e-02  7.99738086e-06  9.93126298e-03 -1.57557665e-02  2.17058410e-05 -1.04098122e-02 -4.53112867e-03 -4.89196590e-06 -8.74289030e-03 -2.39386505e-02  4.86976361e-06]
Atoms: 57  Mode #: 145 Freq: 1523.152344775634 cm-1,Mass weighted displacment dq is: 
 [-1.22314166e-02  2.24881212e-03 -1.31147510e-05 -6.62452855e-02 -1.72874424e-01  3.74288687e-05  2.47795813e-01  1.42662905e-01  1.02658597e-04 -6.06461633e-02  4.96622255e-02 -8.00290556e-05  3.66204615e-02 -4.27342004e-02  5.84091158e-05 -6.06430090e-02  4.96628940e-02 -8.36062114e-05  3.66228404e-02 -4.27315906e-02  5.51848660e-05  2.47765667e-01  1.42643743e-01  1.11324825e-04 -6.62309670e-02 -1.72909868e-01  5.27683178e-05  7.33929505e-02  5.40866912e-02  2.53770668e-05 -3.03154503e-01 -2.45957416e-01 -8.83931129e-05 -6.72820406e-02 -1.38066799e-02 -4.94343667e-05  6.33683985e-03  2.67521298e-02 -1.28672878e-05 -2.57786143e-02 -9.40149014e-02  3.66861548e-05  5.95296303e-02  3.89237239e-01 -1.94609532e-04 -3.28660285e-02 -4.02343968e-02  3.79311482e-06  3.45556047e-02  5.70838293e-02 -1.34249223e-05  3.52461916e-02  2.81573197e-02  9.37337972e-06  3.93083323e-02  4.17737743e-03  2.84372551e-05 -7.33272665e-03 -2.26764750e-02  8.47508768e-06 -1.52447205e-02  1.44592920e-02 -2.05368254e-05 -6.83055843e-03 -5.13261333e-02  3.35561723e-05  1.17440460e-01 -9.76619560e-02  1.61817394e-04 -5.22880520e-02  9.86814856e-03 -5.02007671e-05 -5.22897420e-02  9.88272997e-03 -5.48851136e-05  1.17461807e-01 -9.76957715e-02  1.63804288e-04  4.74257604e-04  2.19630168e-03 -1.57183347e-06  5.95314021e-02  3.89216830e-01 -1.64008280e-04 -2.57814936e-02 -9.40123107e-02  2.84675733e-05 -3.03197037e-01 -2.45984573e-01 -8.89741790e-05  7.34092473e-02  5.40896001e-02  2.88125462e-05  6.33069126e-03  2.67550309e-02 -1.46462811e-05 -6.72797741e-02 -1.38082863e-02 -4.42254147e-05 -3.28650147e-02 -4.02326162e-02 -7.44226070e-07  3.45534750e-02  5.70758573e-02 -7.98398006e-06  3.52432925e-02  2.81563659e-02  1.39488639e-05 -6.82965229e-03 -5.13232861e-02  3.11832458e-05  3.93054191e-02  4.17876412e-03  2.80144651e-05 -7.33575848e-03 -2.26770264e-02  6.49667254e-06 -1.52421749e-02  1.44568773e-02 -1.86397123e-05  4.73022365e-04  2.19707137e-03 -1.20402589e-06  7.41726469e-03  4.45268415e-03  3.80263817e-06  1.16281990e-02 -1.53580677e-02  1.67415354e-05 -1.57572734e-02 -9.93264871e-03 -6.67959486e-06  7.41746161e-03  4.45255905e-03  3.53962271e-06  1.16254018e-02 -1.53559395e-02  1.92288522e-05 -1.57572761e-02 -9.93304413e-03 -6.01490668e-06 -4.53235283e-03  1.04086766e-02 -1.02550949e-05  9.68150355e-03  2.54693920e-02 -1.07162245e-05 -1.07367577e-02 -2.18963443e-02  6.77292849e-06 -1.66155301e-02  6.52987059e-03 -1.77159447e-05 -2.39380237e-02  8.74346793e-03 -2.89712169e-05  9.68143655e-03  2.54690693e-02 -9.14874170e-06 -1.07332877e-02 -2.18910993e-02  5.12529948e-06 -1.66142911e-02  6.52962611e-03 -1.91483142e-05 -2.39362711e-02  8.74318833e-03 -3.12530654e-05 -4.53180473e-03  1.04087041e-02 -9.23333846e-06]
Atoms: 57  Mode #: 146 Freq: 1536.7173566655374 cm-1,Mass weighted displacment dq is: 
 [ 1.73643717e-07 -1.66362231e-07  1.14849482e-08 -9.86510046e-02 -1.65496278e-02 -8.04886072e-05 -1.66114668e-02  9.86339040e-02 -7.38340524e-05 -1.28803642e-02 -2.37996581e-02  7.50235477e-06 -2.37888988e-02  1.28824894e-02 -2.81436557e-05  1.28843945e-02  2.37959202e-02 -2.89466769e-06  2.37881150e-02 -1.28777906e-02  2.34932451e-05  1.66049678e-02 -9.86372571e-02  8.00781854e-05  9.86573609e-02  1.65628019e-02  7.41794178e-05 -1.43204475e-01 -4.04954094e-02 -8.79144051e-05  2.69806562e-01  1.64415461e-01  1.13716883e-04 -2.97493926e-01 -8.49362726e-03 -2.51688211e-04  1.38291062e-01  4.16813288e-02  9.65951470e-05 -4.16923396e-02  1.38298250e-01 -1.16053731e-04  8.50347952e-03 -2.97478536e-01  1.91548650e-04  3.05134304e-02  3.74470644e-02 -4.02630083e-06  1.47421522e-02  4.59342088e-02 -2.12376604e-05  2.69885286e-03 -7.14473872e-03  7.73396436e-06  3.74500345e-02 -3.05068546e-02  4.86301094e-05  4.59467625e-02 -1.47549060e-02  4.46075557e-05 -7.14308262e-03 -2.71304754e-03 -3.80946967e-06 -7.38561918e-03 -4.91458423e-04 -5.82461401e-06 -1.64451854e-01  2.69848359e-01 -3.16523134e-04  4.05080487e-02 -1.43204589e-01  1.36139585e-04 -4.05033007e-02  1.43197408e-01 -1.35341760e-04  1.64442009e-01 -2.69832314e-01  3.11727545e-04 -4.97497914e-04  7.39298622e-03 -5.87369285e-06 -8.50407755e-03  2.97441174e-01 -1.67912551e-04  4.16910143e-02 -1.38285589e-01  1.03804088e-04 -2.69797355e-01 -1.64408043e-01 -1.09026218e-04  1.43198635e-01  4.04958113e-02  8.76500336e-05 -1.38294834e-01 -4.16836870e-02 -8.33474919e-05  2.97496824e-01  8.49515655e-03  2.27931060e-04 -3.05089093e-02 -3.74419929e-02 -7.31399121e-08 -1.47435752e-02 -4.59373568e-02  1.80705472e-05 -2.70428377e-03  7.14134883e-03 -7.73134908e-06  7.38616680e-03  4.97363996e-04  6.71583545e-06 -3.74532699e-02  3.05089079e-02 -4.43007575e-05 -4.59407760e-02  1.47509375e-02 -4.16449104e-05  7.14541548e-03  2.70590006e-03  3.76049887e-06  4.95341687e-04 -7.39000149e-03  4.96304265e-06  3.52800680e-02 -1.58000302e-02  3.51949812e-05  3.33360984e-02 -2.11077448e-02  3.50159386e-05  2.76883508e-03 -1.57196996e-03  1.01930752e-06 -3.52812857e-02  1.58007891e-02 -3.77772016e-05 -3.33402083e-02  2.11098365e-02 -3.85534081e-05 -2.76917316e-03  1.57330710e-03 -9.30799767e-07 -3.04579932e-03  1.40773444e-03 -4.19847488e-06 -1.57982052e-02 -3.52814680e-02  1.42927232e-05 -2.11083316e-02 -3.33340917e-02  5.38035238e-06 -1.57124935e-03 -2.76679265e-03  3.51567187e-07 -1.39721886e-03 -3.04606860e-03  5.57630277e-07  1.57972977e-02  3.52785896e-02 -1.08904669e-05  2.11083683e-02  3.33336946e-02 -9.47600590e-07  1.57420495e-03  2.76376947e-03 -2.78064525e-07  1.40186194e-03  3.04509711e-03 -1.23474797e-06  3.04634884e-03 -1.40505933e-03  4.64698566e-06]
Atoms: 57  Mode #: 147 Freq: 1546.6369451032003 cm-1,Mass weighted displacment dq is: 
 [ 2.55512367e-07  1.17909574e-07 -5.57647369e-08 -8.74393020e-02  2.90589167e-01 -2.44533034e-04 -2.90594031e-01 -8.74590812e-02 -1.69492961e-04 -2.29413433e-02 -4.43785190e-02  9.41863892e-06  4.43818794e-02 -2.29436805e-02  5.27166268e-05  2.29405162e-02  4.43782940e-02 -8.80875057e-06 -4.43821531e-02  2.29432142e-02 -5.21229582e-05  2.90584037e-01  8.74558036e-02  1.84532253e-04  8.74389543e-02 -2.90587734e-01  2.59709701e-04 -1.48700584e-02  7.99506391e-02 -6.08717298e-05 -1.74535242e-01 -1.80753669e-01 -2.58692505e-05 -2.38077067e-01  5.67555183e-02 -2.46347484e-04  2.90834815e-02 -7.64171440e-02  8.53599876e-05 -7.64098196e-02 -2.91080071e-02 -4.24821178e-05  5.67536420e-02  2.38134120e-01 -1.03298158e-04  1.38100830e-02 -6.72906447e-02  6.18014730e-05 -6.45228623e-02 -2.58966786e-02 -3.56324020e-05 -4.76933131e-02  2.40871991e-02 -5.93445100e-05  6.72843230e-02  1.38135831e-02  4.41958932e-05  2.58871607e-02 -6.45186291e-02  6.07207278e-05 -2.40868376e-02 -4.76892985e-02  1.13156490e-05  4.66934362e-02 -2.56294116e-02  6.03536768e-05 -1.80726203e-01  1.74487526e-01 -2.67500183e-04  7.99463310e-02  1.48964396e-02  5.89789693e-05 -7.99447170e-02 -1.48949577e-02 -6.85217925e-05  1.80726709e-01 -1.74489582e-01  2.70927772e-04  2.56300845e-02  4.66909207e-02 -1.27433575e-05 -5.67569954e-02 -2.38129598e-01  8.47726909e-05  7.64135758e-02  2.91037479e-02  4.43000834e-05  1.74539374e-01  1.80759104e-01  2.92994325e-05  1.48714928e-02 -7.99514832e-02  5.15584855e-05 -2.90841177e-02  7.64190732e-02 -8.35020280e-05  2.38084274e-01 -5.67566529e-02  2.27845906e-04 -1.38104791e-02  6.72884635e-02 -6.15445471e-05  6.45216607e-02  2.58962495e-02  4.30991036e-05  4.76933335e-02 -2.40865735e-02  6.38383378e-05 -4.66926538e-02  2.56284519e-02 -6.51194888e-05 -6.72861372e-02 -1.38136242e-02 -4.39363701e-05 -2.58889683e-02  6.45203496e-02 -5.34511333e-05  2.40864998e-02  4.76915323e-02 -6.94387130e-06 -2.56293237e-02 -4.66918829e-02  8.11212902e-06  9.08983189e-03 -2.16844398e-02  1.84009795e-05  2.39817888e-02  4.07074599e-03  1.57014585e-05  3.44969640e-02  1.23695542e-02  1.25048364e-05 -9.08879390e-03  2.16834005e-02 -2.09478675e-05 -2.39806969e-02 -4.07113441e-03 -1.58749530e-05 -3.44969946e-02 -1.23699723e-02 -1.13123779e-05 -8.11879610e-03  3.57871946e-02 -2.88852505e-05  2.16863538e-02  9.09393419e-03  1.40211379e-05 -4.06730914e-03  2.39872540e-02 -2.15114912e-05 -1.23689455e-02  3.44970496e-02 -3.95060157e-05  3.57892352e-02  8.11915793e-03  2.27490975e-05 -2.16858843e-02 -9.09349975e-03 -1.66253839e-05  4.06713980e-03 -2.39867964e-02  2.13386368e-05  1.23683387e-02 -3.44960744e-02  4.07343869e-05 -3.57891075e-02 -8.11883210e-03 -2.67647996e-05  8.11883845e-03 -3.57884929e-02  2.49754102e-05]
Atoms: 57  Mode #: 148 Freq: 1579.2976307978397 cm-1,Mass weighted displacment dq is: 
 [ 9.22085220e-04  1.39745992e-03 -2.45478232e-07 -3.46094132e-03  4.33300459e-02 -2.90152746e-05  4.43499561e-02  2.04081641e-02  2.05694800e-05 -2.02910055e-04 -4.08153492e-03  3.06385928e-06 -2.19439341e-03 -2.30295186e-03 -2.13106946e-07 -2.03643643e-04 -4.08234333e-03  2.62017254e-06 -2.20002114e-03 -2.30109229e-03 -3.66599519e-07  4.43672676e-02  2.04459619e-02  2.33874790e-05 -3.47950432e-03  4.32837660e-02 -3.14413782e-05  2.28935911e-02 -5.70551802e-02  5.33967237e-05 -2.02378345e-02 -2.09845383e-03 -1.51133731e-05 -4.85118045e-02 -6.58365639e-02  3.60828558e-06 -1.87891864e-01  3.02809610e-01 -3.95004185e-04 -6.97360622e-04  3.01061394e-02 -1.92564560e-05 -4.04723167e-03 -1.55754070e-02  6.37309335e-06  1.01389634e-01 -1.50819440e-01  1.98246823e-04 -1.64069109e-01  3.40186087e-02 -1.66151784e-04 -2.50595677e-01  7.07334464e-02 -2.68210333e-04  1.91844805e-02 -3.10843309e-02  3.42781060e-05 -3.20540182e-02  3.56875646e-02 -4.74399687e-05 -7.51808091e-03  4.62832739e-02 -3.42255357e-05  1.95041290e-01 -1.91109759e-01  3.16017458e-04 -2.83099678e-02 -6.89589592e-02  2.39475159e-05  3.33036224e-01 -1.67112271e-02  2.92754182e-04  3.33570999e-01 -1.67098926e-02  3.25665949e-04 -2.83705654e-02 -6.90815611e-02  1.83352945e-05  4.30722747e-03 -2.25297949e-02  1.93577364e-05 -4.15237004e-03 -1.55609501e-02  5.18689391e-06 -3.31031747e-04  3.03171043e-02 -1.63065279e-05 -2.03074973e-02 -2.02537972e-03 -1.40800057e-05  2.28949665e-02 -5.74556209e-02  4.74785948e-05 -1.87602487e-01  3.02338454e-01 -3.83040972e-04 -4.84520268e-02 -6.57151193e-02  8.44481515e-06  1.01554148e-01 -1.51052413e-01  2.05283115e-04 -1.64340419e-01  3.40496510e-02 -1.82749858e-04 -2.50994764e-01  7.08416724e-02 -2.93702402e-04  1.95349046e-01 -1.91398470e-01  3.33371551e-04  1.89977076e-02 -3.12041103e-02  3.05809907e-05 -3.20284037e-02  3.58929641e-02 -4.28360826e-05 -7.43381522e-03  4.65807216e-02 -2.92445369e-05  4.08778868e-03 -2.27618107e-02  1.65282594e-05 -1.39894621e-02  6.53328512e-04 -1.07097002e-05  1.69532328e-02 -3.29656725e-03  1.49247182e-05  7.07231048e-03 -3.66007780e-03  2.07243734e-06 -1.39881411e-02  7.23498917e-04 -1.07986025e-05  1.69029000e-02 -3.34008818e-03  1.57224955e-05  6.95115192e-03 -3.70744461e-03  1.93708958e-06 -2.12850102e-03 -1.86037525e-02  8.95120024e-06  5.71452132e-02 -2.45009427e-03  5.99229825e-05 -3.86930964e-02  3.70579763e-02 -6.09779951e-05 -4.03895044e-02  1.00714358e-01 -1.17863074e-04  1.01236758e-01  2.45107037e-02  6.67915501e-05  5.72348032e-02 -2.45603730e-03  6.64494127e-05 -3.87492627e-02  3.71259901e-02 -6.42904372e-05 -4.04501890e-02  1.00872873e-01 -1.22097620e-04  1.01401671e-01  2.45480421e-02  7.84355217e-05 -2.09937657e-03 -1.87275430e-02  7.04828676e-06]
Atoms: 57  Mode #: 149 Freq: 1579.2980373217274 cm-1,Mass weighted displacment dq is: 
 [ 1.39749463e-03 -9.22062250e-04  1.57586879e-06  2.04306093e-02 -4.43690993e-02  4.16492401e-05  4.33154339e-02  3.47222124e-03  3.05151125e-05 -2.30198413e-03  2.19804941e-03 -3.81853558e-06 -4.08258473e-03  2.04187139e-04 -2.97974517e-06 -2.30283720e-03  2.19642776e-03 -3.95966032e-06 -4.08104390e-03  2.03238369e-04 -2.55432233e-06  4.32964132e-02  3.46853663e-03  3.29160928e-05  2.04232906e-02 -4.43509834e-02  4.44664733e-05 -1.67066338e-02 -3.33273152e-01  1.93984541e-04 -6.90099070e-02  2.83401174e-02 -7.31314786e-05 -1.55615569e-02  4.09718126e-03 -1.62672641e-05  3.02128516e-02  5.17391170e-04  2.72101846e-05  3.02538428e-01  1.87729108e-01  1.17769598e-04 -6.57676486e-02  4.84738357e-02 -8.14335293e-05 -3.11455668e-02 -1.90910820e-02 -1.07453168e-05  3.57921412e-02  3.20431810e-02  6.53292368e-06  4.64344980e-02  7.47629878e-03  3.40825925e-05 -1.50918215e-01 -1.01459432e-01 -5.44334689e-05  3.40270890e-02  1.64190274e-01 -7.54668149e-05  7.07803638e-02  2.50764621e-01 -1.01136061e-04 -2.26469093e-02 -4.19824754e-03 -1.68760371e-05 -2.05779233e-03  2.02708542e-02 -1.58538756e-05 -5.72575239e-02 -2.28965472e-02 -3.19715554e-05 -5.72560884e-02 -2.28943743e-02 -3.82661658e-05 -2.06618111e-03  2.02756769e-02 -1.47260631e-05 -1.91232324e-01 -1.95174334e-01 -1.61950198e-05 -6.57824370e-02  4.84942881e-02 -7.66166203e-05  3.02601367e-01  1.87765398e-01  1.28991858e-04 -6.90335340e-02  2.83406530e-02 -6.76449840e-05 -1.67062879e-02 -3.33345105e-01  1.62246020e-04  3.02111597e-02  5.13200311e-04  2.43755521e-05 -1.55703517e-02  4.10181648e-03 -1.51821847e-05 -3.11463563e-02 -1.90949338e-02 -1.44545619e-05  3.57903664e-02  3.20428397e-02  1.13685728e-05  4.64342006e-02  7.47766457e-03  3.92959632e-05 -2.26457761e-02 -4.19946229e-03 -1.97636235e-05 -1.50946321e-01 -1.01484454e-01 -6.09596530e-05  3.40318060e-02  1.64227202e-01 -5.96062139e-05  7.07929872e-02  2.50824531e-01 -7.67516153e-05 -1.91271202e-01 -1.95216670e-01 -3.25731553e-05 -2.45275391e-03 -5.71962885e-02  3.04003925e-05  3.70979991e-02  3.87244841e-02  8.27594386e-06  1.00804123e-01  4.04235332e-02  3.58451156e-05 -2.45159627e-03 -5.71836460e-02  3.67078485e-05  3.70901010e-02  3.87167148e-02  5.08193310e-06  1.00784302e-01  4.04163715e-02  3.19978391e-05  2.45267353e-02 -1.01305768e-01  8.16401239e-05  6.88164597e-04  1.39891882e-02 -1.30758632e-05 -3.31853738e-03 -1.69290001e-02  8.23666775e-06 -3.68437195e-03 -7.01151825e-03  3.03146965e-06 -1.86671322e-02  2.11403002e-03 -1.95940511e-05  6.89268161e-04  1.39901182e-02 -1.30204979e-05 -3.31891257e-03 -1.69284677e-02  7.38175280e-06 -3.68501464e-03 -7.01041441e-03  3.13594751e-06 -1.86664989e-02  2.11438894e-03 -2.16368802e-05  2.45313040e-02 -1.01329654e-01  7.04337800e-05]
Atoms: 57  Mode #: 150 Freq: 1579.6174387210385 cm-1,Mass weighted displacment dq is: 
 [-9.79903666e-07 -1.24010323e-06  1.04908569e-09  1.44285328e-02  7.75278228e-03  6.17086666e-06  7.71999834e-03 -1.44544386e-02  1.49737403e-05  6.33108151e-04  1.83918808e-03 -1.61186255e-06  1.83948416e-03 -6.33028658e-04  2.20030859e-06 -6.33713628e-04 -1.83092699e-03  3.19328258e-07 -1.83396274e-03  6.37029125e-04 -9.23967325e-07 -7.81194797e-03  1.44147016e-02 -1.54571547e-05 -1.44246312e-02 -7.83104953e-03 -5.66883749e-06  1.12674072e-03  2.41063211e-01 -1.48687188e-04  4.98672693e-02 -3.40388427e-02  6.10985451e-05 -1.93673096e-02 -5.89946397e-02  2.42941048e-05 -1.28929863e-01  2.19021971e-01 -2.79446026e-04 -2.19292446e-01 -1.29124553e-01 -8.96481000e-05  5.90591892e-02 -1.93823942e-02  5.83071431e-05 -7.23179624e-02  1.10938072e-01 -1.43906610e-04  1.22327382e-01 -1.72399874e-02  1.17845149e-04  1.78977674e-01 -5.04467985e-02  1.91340018e-04  1.10757887e-01  7.22460321e-02  4.15482636e-05 -1.71637244e-02 -1.22199794e-01  6.28041221e-05 -5.03652019e-02 -1.78765047e-01  7.25935246e-05 -1.39511577e-01  1.33149610e-01 -2.23582308e-04  3.40592669e-02  4.99267209e-02 -5.72635232e-06 -2.41343014e-01  1.17404636e-03 -2.04395593e-04  2.40712518e-01 -1.13211302e-03  2.28149223e-04 -3.40048666e-02 -4.97981463e-02  7.12834221e-07  1.32943187e-01  1.39333370e-01  8.37571364e-06 -5.90422218e-02  1.94085866e-02 -5.58552810e-05  2.19248045e-01  1.29034569e-01  9.67444017e-05 -4.98192904e-02  3.40374483e-02 -5.62164462e-05 -1.16797243e-03 -2.40900688e-01  1.24736577e-04  1.29285556e-01 -2.19613434e-01  2.73042405e-04  1.94651077e-02  5.91219115e-02 -2.68395180e-05  7.21307150e-02 -1.10637526e-01  1.48186997e-04 -1.22019833e-01  1.71620799e-02 -1.29959641e-04 -1.78504625e-01  5.03073653e-02 -2.08642417e-04  1.39139322e-01 -1.32775833e-01  2.35137777e-04 -1.10771005e-01 -7.21717244e-02 -4.61694735e-05  1.72210624e-02  1.22105779e-01 -5.05603399e-05  5.03679173e-02  1.78640546e-01 -5.50940493e-05 -1.32922255e-01 -1.39260293e-01 -2.02744728e-05 -1.25994962e-03 -4.16587879e-02  2.12014034e-05  2.94101370e-02  2.64912143e-02  7.95095069e-06  7.24536603e-02  2.84809694e-02  2.28151453e-05  1.28734979e-03  4.16655817e-02 -2.58770396e-05 -2.94496548e-02 -2.64904723e-02 -5.99301959e-06 -7.24834581e-02 -2.84805622e-02 -2.02652568e-05 -1.74666306e-02  7.37528138e-02 -5.82329617e-05 -4.17260873e-02  1.27538922e-03 -4.40176073e-05  2.65353956e-02 -2.94665952e-02  4.53661095e-05  2.85263349e-02 -7.25794937e-02  8.56619920e-05 -7.38389991e-02 -1.74946363e-02 -4.84222285e-05  4.16145058e-02 -1.27477495e-03  4.87672838e-05 -2.64584029e-02  2.94007705e-02 -4.74445882e-05 -2.84462821e-02  7.23855537e-02 -8.79860526e-05  7.36483888e-02  1.74461772e-02  5.68856051e-05  1.74667902e-02 -7.37024195e-02  4.96569197e-05]
Atoms: 57  Mode #: 151 Freq: 1581.4118090355444 cm-1,Mass weighted displacment dq is: 
 [-6.87663622e-08  2.67437690e-07 -6.36624209e-09  3.48186470e-02 -1.15981321e-01  9.67551700e-05  1.15993614e-01  3.48214846e-02  6.66065693e-05  5.25904159e-03  7.28266976e-03  1.01052048e-07 -7.28341194e-03  5.25784543e-03 -9.81286310e-06 -5.25725654e-03 -7.28478665e-03  1.45214933e-07  7.28361573e-03 -5.25849154e-03  1.00699117e-05 -1.15986873e-01 -3.48164993e-02 -7.31105007e-05 -3.48230922e-02  1.16000990e-01 -1.03324232e-04  1.39872169e-02  2.29549159e-01 -1.31594982e-04  8.90858874e-02  2.36931064e-02  5.66084628e-05  9.03802524e-02  3.18168195e-02  5.64440982e-05  1.32566183e-01 -2.02432429e-01  2.69935046e-04 -2.02548148e-01 -1.32630449e-01 -7.41717890e-05  3.18436756e-02 -9.04071851e-02  8.10711140e-05  7.18571808e-02 -9.44021101e-02  1.31075303e-04 -1.08856585e-01  2.50776954e-02 -1.12179026e-04 -1.73824921e-01  4.56924694e-02 -1.83276370e-04  9.44166163e-02  7.18611461e-02  2.89068160e-05 -2.50780167e-02 -1.08870777e-01  4.82091829e-05 -4.56996802e-02 -1.73839000e-01  7.30487066e-05  1.32764518e-01 -1.30721312e-01  2.15683615e-04  2.36978872e-02 -8.90777650e-02  8.04983597e-05  2.29522774e-01 -1.39914580e-02  2.03079403e-04 -2.29425465e-01  1.39844126e-02 -2.24887796e-04 -2.37047441e-02  8.90564572e-02 -7.73717432e-05  1.30736024e-01  1.32778951e-01  1.12203787e-05 -3.18339010e-02  9.03926767e-02 -7.32459846e-05  2.02495951e-01  1.32609655e-01  8.21101225e-05 -8.90792750e-02 -2.36972056e-02 -5.35564908e-05 -1.39765654e-02 -2.29514938e-01  1.10160775e-04 -1.32620428e-01  2.02524050e-01 -2.61972861e-04 -9.03952044e-02 -3.18367358e-02 -4.86038770e-05 -7.18283833e-02  9.43568347e-02 -1.36096670e-04  1.08809356e-01 -2.50653907e-02  1.22920705e-04  1.73752480e-01 -4.56721090e-02  2.00654453e-04 -1.32707974e-01  1.30664559e-01 -2.27093945e-04 -9.43821958e-02 -7.18577381e-02 -3.38333786e-05  2.50609953e-02  1.08857374e-01 -3.77215706e-05  4.56841321e-02  1.73818301e-01 -5.60250333e-05 -1.30702696e-01 -1.32755542e-01 -2.24000715e-05 -4.01627315e-03 -3.69476460e-02  1.73155107e-05  2.40587357e-02  2.61529080e-02  4.26895981e-06  6.65111536e-02  2.62668164e-02  2.08277664e-05  4.01116784e-03  3.69571039e-02 -2.13764575e-05 -2.40597009e-02 -2.61602637e-02 -2.08933517e-06 -6.65261630e-02 -2.62754638e-02 -1.82247144e-05 -1.59431104e-02  6.74693425e-02 -5.33316946e-05  3.69518296e-02 -4.01429101e-03  4.01197397e-05 -2.61578353e-02  2.40548357e-02 -3.98978669e-05 -2.62711538e-02  6.65168678e-02 -7.79057414e-05  6.74635602e-02  1.59408575e-02  4.39245719e-05 -3.69350106e-02  4.01343596e-03 -4.42304091e-05  2.61456589e-02 -2.40455205e-02  4.20605035e-05  2.62588981e-02 -6.64874179e-02  8.05617244e-05 -6.74356746e-02 -1.59335996e-02 -5.16839355e-05  1.59380069e-02 -6.74606039e-02  4.57385229e-05]
Atoms: 57  Mode #: 152 Freq: 1592.771399832221 cm-1,Mass weighted displacment dq is: 
 [-6.53355655e-07 -7.37983912e-07  1.79504864e-09 -1.70517609e-02  5.55528734e-02 -4.72301362e-05  5.55470983e-02  1.70551966e-02  3.26285901e-05 -6.68202226e-03  3.49863568e-03 -7.73652437e-06  3.51725997e-03  6.71090076e-03 -1.01997599e-06  6.69039315e-03 -3.51415906e-03  8.11506034e-06 -3.49373374e-03 -6.66157833e-03  6.53220911e-07 -5.56014769e-02 -1.70681483e-02 -3.54180498e-05  1.70680570e-02 -5.55863497e-02  5.00500037e-05  1.45791615e-01 -1.51952720e-01  2.08694687e-04  3.19544623e-03  4.64520674e-02 -2.71396932e-05  3.07911300e-02 -3.23216823e-02  4.94959970e-05  4.85376831e-02  1.88759408e-01 -9.39481272e-05 -1.88904281e-01  4.85708793e-02 -1.77725993e-04  3.23433229e-02  3.07168867e-02  5.22950527e-06  1.09216703e-01  2.01855077e-01 -6.37708959e-05 -1.21291815e-01 -2.01788448e-01  4.79319865e-05 -1.12151119e-01 -8.05603771e-02 -3.54424664e-05  2.02060204e-01 -1.09331434e-01  2.26177424e-04 -2.02003893e-01  1.21423712e-01 -2.33455836e-04 -8.06431331e-02  1.12269575e-01 -1.30286803e-04  1.82256976e-02  1.26722692e-01 -8.14761283e-05 -4.64546405e-02  3.26190936e-03 -4.03987460e-05  1.51786111e-01  1.45618802e-01  2.33132009e-05 -1.51889889e-01 -1.45717194e-01 -4.32105674e-05  4.64160579e-02 -3.16043178e-03  4.31675995e-05  1.26850743e-01 -1.82476073e-02  1.10838147e-04 -3.22971430e-02 -3.07793858e-02 -7.55820882e-06  1.88572691e-01 -4.84715497e-02  1.68749126e-04 -3.23671850e-03 -4.64225786e-02  2.42760880e-05 -1.45540489e-01  1.51712942e-01 -1.88970420e-04 -4.85123649e-02 -1.88713126e-01  1.02746893e-04 -3.07096905e-02  3.23185414e-02 -4.70377014e-05 -1.09274596e-01 -2.01928376e-01  4.72211104e-05  1.21367866e-01  2.01888580e-01 -2.85887060e-05  1.12227638e-01  8.05919532e-02  4.98088708e-05 -1.82530075e-02 -1.26765162e-01  7.53813453e-05 -2.01722809e-01  1.09152429e-01 -2.09585732e-04  2.01673141e-01 -1.21230464e-01  2.14273501e-04  8.05095323e-02 -1.12095193e-01  1.16102009e-04 -1.26640589e-01  1.82231300e-02 -1.04737779e-04  6.91886907e-02 -3.67979846e-02  7.12852062e-05 -7.30362606e-02  3.54940465e-02 -7.31749327e-05  1.15930479e-02  3.88969118e-02 -4.95519019e-06 -6.93068105e-02  3.68618206e-02 -7.67807971e-05  7.31569980e-02 -3.55545580e-02  7.95694027e-05 -1.16145388e-02 -3.89611135e-02  7.81422169e-06 -2.51348767e-02 -3.86413232e-02  5.01983870e-07 -3.68240059e-02 -6.92330488e-02  2.10286280e-05  3.55161016e-02  7.30762620e-02 -2.10409478e-05  3.89220395e-02 -1.16055578e-02  4.08570050e-05  3.86003394e-02 -2.51091812e-02  5.86345441e-05  3.68342038e-02  6.92626478e-02 -1.56246026e-05 -3.55328202e-02 -7.31195931e-02  1.45846800e-05 -3.89376227e-02  1.16025989e-02 -4.38125894e-05 -3.86287410e-02  2.51185016e-02 -6.20607827e-05  2.50932703e-02  3.85807306e-02  2.78244620e-06]
Atoms: 57  Mode #: 153 Freq: 1593.188689522717 cm-1,Mass weighted displacment dq is: 
 [-1.05524005e-03  1.00161722e-03 -1.77094228e-06 -1.17289930e-02  4.68566027e-02 -3.70049529e-05 -2.53061155e-02 -1.25702862e-02 -1.21966133e-05  3.94190098e-02 -1.83634407e-02  4.48856089e-05 -1.33914311e-02 -8.65002892e-03 -5.83395315e-06  3.94226860e-02 -1.83653377e-02  4.73497125e-05 -1.33901360e-02 -8.64711291e-03 -6.27946999e-06 -2.53078226e-02 -1.25695615e-02 -1.29871447e-05 -1.17276089e-02  4.68520900e-02 -3.95250020e-05 -8.83126387e-02  9.86496141e-02 -1.30939529e-04  8.41514442e-02  2.95156400e-02  4.90970560e-05 -5.34241172e-02 -3.71670862e-02 -1.90824646e-05  7.68828997e-02  2.66211423e-01 -1.25003246e-04  4.54537679e-02 -2.71497098e-02  5.27730504e-05 -3.44228177e-03 -6.44472660e-02  3.76588378e-05 -1.41859097e-01 -2.69218900e-01  8.84185433e-05  1.51002607e-01  2.62784670e-01 -6.80918473e-05  1.37441111e-01  1.06136308e-01  3.78580147e-05 -6.95241200e-02  5.48637611e-02 -8.85753821e-05  9.20496876e-02 -7.13480718e-02  1.16156924e-04  2.83340420e-02 -7.25590517e-02  6.58555824e-05 -1.79153389e-02 -1.68936071e-01  1.14307959e-04  2.57115001e-02  2.80414159e-02  3.01296065e-06 -1.85850667e-01 -1.98254938e-01 -1.44948967e-05 -1.85867339e-01 -1.98283343e-01 -3.98021436e-05  2.57137617e-02  2.80460588e-02  6.91253225e-06 -3.76302223e-02  2.64987686e-02 -4.66410261e-05 -3.44065326e-03 -6.44550817e-02  3.23892264e-05  4.54407783e-02 -2.71437310e-02  4.91887652e-05  8.41448555e-02  2.95149560e-02  4.58796379e-05 -8.83008786e-02  9.86377310e-02 -1.18301124e-04  7.68772844e-02  2.66167653e-01 -1.38032438e-04 -5.34186835e-02 -3.71595058e-02 -1.46856771e-05 -1.41876622e-01 -2.69260081e-01  6.68068681e-05  1.51019044e-01  2.62822536e-01 -4.35917249e-05  1.37453448e-01  1.06154473e-01  5.55929614e-05 -1.79120630e-02 -1.68966221e-01  1.06966001e-04 -6.95112905e-02  5.48564253e-02 -8.12214875e-05  9.20364253e-02 -7.13392291e-02  1.05853645e-04  2.83288723e-02 -7.25521986e-02  5.74774872e-05 -3.76229504e-02  2.64972291e-02 -4.25424872e-05  2.83622299e-02 -9.60535296e-03  2.59823694e-05 -3.97836018e-02  1.46189719e-02 -3.77324719e-05 -3.88101751e-03  1.38935938e-02 -7.24941081e-06  2.83671047e-02 -9.60789212e-03  2.75742391e-05 -3.97888757e-02  1.46211328e-02 -4.07486518e-05 -3.88070977e-03  1.38957597e-02 -8.41557785e-06  8.55335170e-03  2.59179420e-02 -7.22438327e-06  5.10327747e-02  9.37394945e-02 -2.69264968e-05 -4.85675705e-02 -9.52543377e-02  2.61060420e-05 -5.17090052e-02  1.82018768e-02 -5.59679607e-05 -4.77118346e-02  3.33718135e-02 -7.36734304e-05  5.10416177e-02  9.37525298e-02 -1.95759464e-05 -4.85758379e-02 -9.52666537e-02  1.72125475e-05 -5.17177939e-02  1.82080327e-02 -6.00239925e-05 -4.77168235e-02  3.33772765e-02 -7.80728805e-05  8.55192211e-03  2.59154229e-02 -4.74879866e-06]
Atoms: 57  Mode #: 154 Freq: 1593.1888051039118 cm-1,Mass weighted displacment dq is: 
 [-1.00147845e-03 -1.05533369e-03 -3.72828899e-07  1.25792937e-02 -2.53367456e-02  2.68208250e-05 -4.68918100e-02 -1.17405050e-02 -2.91309072e-05  8.65455838e-03 -1.33940614e-02  1.60829338e-05  1.83624203e-02  3.94179988e-02 -9.78153175e-06  8.64408961e-03 -1.33882056e-02  1.64626164e-05  1.83652075e-02  3.94239823e-02 -7.37118021e-06 -4.68190923e-02 -1.17185835e-02 -3.15963144e-05  1.25591123e-02 -2.52697404e-02  2.75832727e-05  1.98184672e-01 -1.85770707e-01  2.70895282e-04 -2.80450238e-02  2.56855887e-02 -3.93304675e-05  6.44299573e-02 -3.42048370e-03  5.87088115e-05  2.71124452e-02  4.53255398e-02 -8.41341923e-06 -2.66084734e-01  7.68528124e-02 -2.55240113e-04  3.71455750e-02 -5.34480996e-02  6.10537988e-05 -5.49326692e-02 -6.96492101e-02  7.75196543e-06  7.14242719e-02  9.21739752e-02 -7.95145986e-06  7.26315219e-02  2.83831188e-02  4.10854020e-05  2.69124046e-01 -1.41801931e-01  2.98871855e-04 -2.62688321e-01  1.50940705e-01 -2.99223029e-04 -1.06099391e-01  1.37375832e-01 -1.65262012e-04 -2.65118146e-02 -3.77069621e-02  6.20381136e-06 -2.94863140e-02  8.41493666e-02 -8.07393949e-05 -9.87453061e-02 -8.84035590e-02 -1.98164642e-05 -9.85379142e-02 -8.82091018e-02 -3.27833748e-05 -2.95431182e-02  8.41440587e-02 -7.75406224e-05  1.68879041e-01 -1.79000219e-02  1.43174517e-04  3.71826921e-02 -5.34043424e-02  5.66621576e-05 -2.66303767e-01  7.69028491e-02 -2.42590749e-04 -2.80344767e-02  2.57432876e-02 -3.55310520e-05  1.98352479e-01 -1.85941161e-01  2.46403798e-04  2.71807940e-02  4.55697070e-02 -1.21718649e-05  6.44681152e-02 -3.46210717e-03  5.34869250e-05 -5.47870069e-02 -6.93856908e-02  2.40205177e-07  7.12606104e-02  9.19084658e-02  2.68120405e-06  7.24792354e-02  2.82789559e-02  4.95877491e-05 -2.64839089e-02 -3.75449542e-02  1.93162596e-06  2.69358536e-01 -1.41928413e-01  2.77949665e-04 -2.62923315e-01  1.51078941e-01 -2.75634734e-04 -1.06192625e-01  1.37506305e-01 -1.48085421e-04  1.69028608e-01 -1.79201782e-02  1.36155231e-04 -9.37864410e-02  5.10597223e-02 -9.78469301e-05  9.53028072e-02 -4.85931837e-02  9.65137401e-05 -1.82110346e-02 -5.17355010e-02  4.93586587e-06 -9.37069458e-02  5.10170852e-02 -1.05029633e-04  9.52183356e-02 -4.85510823e-02  1.05045604e-04 -1.81964565e-02 -5.16892414e-02  8.89032167e-06 -3.33602178e-02 -4.76888606e-02 -1.46040218e-06  9.63029708e-03  2.84099632e-02 -1.39026762e-05 -1.46428388e-02 -3.98341170e-02  1.60335374e-05 -1.39195828e-02 -3.87433112e-03 -7.79824253e-06 -2.59422501e-02  8.56875540e-03 -3.16727574e-05  9.58269734e-03  2.83185015e-02 -1.22825720e-05 -1.45967763e-02 -3.97367088e-02  1.29495905e-05 -1.38696678e-02 -3.88672758e-03 -9.11764708e-06 -2.58908781e-02  8.53629204e-03 -3.40808717e-05 -3.33897156e-02 -4.77337199e-02 -5.69523897e-06]
Atoms: 57  Mode #: 155 Freq: 1595.4306665809938 cm-1,Mass weighted displacment dq is: 
 [ 2.49803065e-09 -9.88102214e-08 -5.80774900e-08 -1.04125365e-03 -5.06404376e-03  2.69966990e-06  5.06047005e-03 -1.04167383e-03  4.86744908e-06 -2.62422534e-02  1.45536321e-02 -3.07165177e-05 -1.45511158e-02 -2.62383279e-02  4.61936563e-06  2.62378775e-02 -1.45522657e-02  3.21473085e-05  1.45544140e-02  2.62423164e-02 -3.18056132e-06 -5.06114857e-03  1.04280660e-03 -5.13678454e-06  1.04296681e-03  5.05667509e-03 -2.97878422e-06 -1.60580067e-01  1.48648711e-01 -2.18698297e-04  6.15443869e-02 -1.47045215e-03  5.06307278e-05 -4.35859636e-02 -3.22495911e-02 -1.41123198e-05  6.29424677e-02  1.96207303e-01 -8.63233425e-05  1.96209841e-01 -6.29442512e-02  1.92079227e-04 -3.22505717e-02  4.35975466e-02 -5.14075423e-05  1.07443602e-01  1.98086634e-01 -6.26502477e-05 -1.17632800e-01 -1.97462485e-01  4.76165970e-05 -1.06628534e-01 -7.66230587e-02 -3.35850554e-05 -1.98061117e-01  1.07425826e-01 -2.21792152e-04  1.97435641e-01 -1.17614315e-01  2.27433334e-04  7.66142720e-02 -1.06605932e-01  1.23784907e-04  1.70470899e-02  1.20416992e-01 -7.75327838e-05 -1.47158735e-03 -6.15523907e-02  3.97542438e-05  1.48672948e-01  1.60603139e-01  1.02501560e-05 -1.48649948e-01 -1.60584536e-01 -3.04193084e-05  1.46590429e-03  6.15526903e-02 -3.52644674e-05 -1.20403051e-01  1.70397901e-02 -1.05343520e-04  3.22541378e-02 -4.35918188e-02  4.75797287e-05 -1.96239840e-01  6.29506965e-02 -1.82245478e-04 -6.15570705e-02  1.46826976e-03 -4.62342860e-05  1.60608728e-01 -1.48673261e-01  1.99042219e-04 -6.29534933e-02 -1.96231796e-01  9.63636852e-05  4.35976753e-02  3.22529286e-02  1.03006365e-05 -1.07428601e-01 -1.98061393e-01  4.64345744e-05  1.17615611e-01  1.97437664e-01 -2.87492633e-05  1.06611651e-01  7.66148188e-02  4.72008089e-05 -1.70422761e-02 -1.20404178e-01  7.17259091e-05  1.98093965e-01 -1.07445414e-01  2.05924802e-04 -1.97471036e-01  1.17634634e-01 -2.09119021e-04 -7.66269434e-02  1.06627683e-01 -1.10505565e-04  1.20424413e-01 -1.70441077e-02  9.97248779e-05 -7.01046407e-02  3.72175246e-02 -7.26233080e-05  7.31862230e-02 -3.60360985e-02  7.42867454e-05 -1.11188881e-02 -3.71235650e-02  4.28118651e-06  7.00935074e-02 -3.72119989e-02  7.79043589e-05 -7.31728749e-02  3.60291681e-02 -8.08373489e-05  1.11168653e-02  3.71164213e-02 -6.96407425e-06  2.40137225e-02  3.64379475e-02 -1.91509318e-07 -3.72153047e-02 -7.01021060e-02  2.26028475e-05  3.60341782e-02  7.31844069e-02 -2.07613131e-05  3.71219716e-02 -1.11179142e-02  3.89346362e-05  3.64463317e-02 -2.40167542e-02  5.60517826e-05  3.72111070e-02  7.00927527e-02 -1.72756946e-05 -3.60303497e-02 -7.31746471e-02  1.39833466e-05 -3.71179178e-02  1.11182213e-02 -4.17097693e-05 -3.64411152e-02  2.40139376e-02 -5.93756628e-05 -2.40180336e-02 -3.64457987e-02 -3.04720035e-06]
Atoms: 57  Mode #: 156 Freq: 3117.7116698309746 cm-1,Mass weighted displacment dq is: 
 [ 2.54154872e-06 -3.84713051e-05 -2.94064652e-07 -3.80241523e-05 -4.35262228e-05 -6.54817004e-07  2.58104102e-05 -9.16684907e-05 -6.76763744e-07  5.33115620e-05  4.04851938e-05 -6.06133952e-07 -2.14347965e-05 -6.39461225e-05 -5.44427196e-07  8.57127643e-05  2.28301599e-05 -5.43623934e-07 -2.81945177e-06 -2.95262207e-05 -6.78247623e-07  1.07386828e-05 -3.91823393e-05 -5.17370296e-07  1.34695649e-05 -2.55075983e-05 -5.51144355e-07  7.18309078e-04 -2.98608821e-04  1.81065887e-07  5.67594223e-05  1.92771496e-04 -6.20071766e-07 -1.67706919e-05 -3.31839447e-05 -6.11307347e-07  9.16535382e-05  1.12506952e-04 -6.53740207e-07 -5.93489220e-04  3.38252424e-04 -1.23133067e-06  1.88582399e-04  1.08232425e-04 -5.98433527e-07 -8.00754854e-03  4.99421247e-03 -1.08592239e-05 -1.05857956e-02  4.57503295e-03 -1.31490977e-05 -3.73459408e-04 -3.66227411e-02  2.62261965e-05  1.67339602e-02  2.71714955e-02 -4.44880354e-06  1.50650535e-02  3.30309953e-02 -8.92328710e-06 -9.99969855e-02  1.01568237e-03 -7.55186369e-05  3.61113826e-02  2.36855550e-02  1.38275751e-05 -2.82842355e-05 -6.43420652e-05 -6.44875734e-07  7.45732158e-05  2.95270235e-04 -9.02227188e-07 -1.98748607e-05  6.09528406e-05 -7.06995570e-07  2.85456367e-06 -9.50734064e-05 -6.19680616e-07  6.25803738e-02 -9.61483360e-02  1.23219420e-04  1.97226621e-04  1.58460403e-04 -7.74683872e-07 -7.99632977e-04  4.59797613e-04 -1.66926469e-06  8.99429088e-05  2.26965852e-04 -8.16530131e-07  9.63147114e-04 -3.97240805e-04  7.85325656e-08 -2.44912685e-05 -8.44749222e-05 -7.79897738e-07 -6.33882367e-05 -2.50499684e-05 -7.86422996e-07  1.94628572e-03 -1.15744113e-03  1.98725619e-06  1.19420382e-03 -7.66686421e-04  1.06054648e-06 -9.34080691e-06  1.72219952e-03 -1.84222143e-06  5.25171416e-04  4.64968619e-04 -4.23865789e-07  2.31773399e-02  3.76026147e-02 -3.32923391e-06  2.06578222e-02  4.53565494e-02 -8.47397781e-06 -1.40062311e-01  1.39369768e-03 -1.02013763e-04  8.68245694e-02 -1.33304358e-01  1.51066694e-04 -7.50149512e-02 -1.37827386e-01  1.48403139e-05 -8.33270745e-02 -1.55819836e-01  1.33162268e-05 -2.92163825e-01  4.57998890e-01 -4.56285365e-04 -5.40960722e-02 -9.94748905e-02  1.91936911e-05 -6.06273166e-02 -1.13399022e-01  1.98515818e-05 -2.10610220e-01  3.30246372e-01 -3.70568868e-04  3.42669344e-01  2.94427672e-03  2.56596430e-04  3.00358372e-02 -1.63463816e-02  3.45256505e-05  3.66669551e-02 -1.95225054e-02  4.31066549e-05 -1.23911551e-01 -7.91581264e-02 -4.82945311e-05 -9.00222572e-04  1.25399444e-01 -9.95519780e-05 -6.57751353e-03  3.62323920e-03 -1.05965894e-05 -3.88054829e-03  2.17447624e-03 -7.73503189e-06 -1.56186915e-03 -1.04993678e-03 -2.97787334e-06  2.20929303e-04 -5.78637869e-03  2.62340140e-06  4.79738243e-01  4.11954274e-03  3.45646097e-04]
Atoms: 57  Mode #: 157 Freq: 3117.7121085767735 cm-1,Mass weighted displacment dq is: 
 [-3.87950067e-05 -3.91650796e-06 -8.10400427e-09 -4.76344768e-05 -1.45148981e-05  1.14006078e-07 -4.09188269e-05  2.87481271e-05  5.21958117e-08 -3.21689668e-05  6.53612485e-06 -5.44132644e-08  3.78143642e-05 -6.03989509e-05  6.81085805e-08 -5.72941239e-05  2.01702908e-05 -8.10717354e-08  2.53280969e-05 -8.35957493e-05  2.30704263e-07 -2.75055261e-05 -8.52967177e-06 -5.01332057e-08 -8.55382524e-05 -2.49413002e-05 -9.86002489e-08  2.94440860e-04 -7.40356948e-05  1.48545728e-07 -6.70198627e-05  3.15654486e-05 -1.35718565e-07  1.14960207e-04 -1.92924061e-04  2.67578106e-07  3.60613907e-04  6.30033156e-04 -7.48507550e-08 -8.14612029e-05  2.19494574e-05 -1.91144270e-07 -1.96915961e-05  6.18380690e-05 -1.48419963e-07  3.64440042e-02 -2.24591022e-02  4.58557783e-05  4.39529907e-02 -2.00309009e-02  5.25680976e-05  1.34843041e-03  1.35338620e-01 -9.98125358e-05  4.86050293e-03  7.79322031e-03 -1.27562667e-06  4.48369130e-03  1.03834965e-02 -3.01031719e-06 -3.57095702e-02  3.67835144e-04 -2.69390815e-05 -1.28869513e-01 -8.39245802e-02 -5.24971896e-05  2.24139483e-04 -8.93501896e-05  2.19920620e-07 -3.86933445e-04 -9.32774785e-04  3.76318707e-07 -3.14989560e-04 -7.54589086e-04  3.73201740e-07  1.99349880e-04 -6.49666535e-05  3.14400686e-07  2.32274480e-02 -3.54161067e-02  4.54152758e-05 -2.52381795e-05  2.88133727e-05  1.12299141e-07  5.94825981e-05 -6.10923375e-05  2.97935753e-07 -8.88755600e-05  9.29528805e-06  7.98070911e-08  1.26769849e-04 -6.47528029e-06  3.04889093e-07  4.49078103e-04  7.79952318e-04 -1.48089358e-07  1.51792004e-04 -1.99465460e-04  3.59442416e-07  2.88487666e-02 -1.77680154e-02  3.85815598e-05  3.49809949e-02 -1.59591165e-02  4.51717692e-05  1.07376166e-03  1.06181209e-01 -7.52573050e-05 -1.01839261e-01 -6.62873913e-02 -5.67981954e-05  4.61614941e-04  6.76478426e-04  1.88602431e-07  6.61504783e-04  1.95361726e-03 -2.70436472e-07 -8.26810123e-03  1.06846194e-04 -5.65012889e-06  6.60677883e-03 -9.94455746e-03  1.16623410e-05 -1.62590921e-03 -3.05793913e-03  1.37631174e-06 -3.61567126e-03 -6.94620304e-03  1.66935099e-06 -2.17073280e-02  3.39322548e-02 -3.22288386e-05 -1.59056399e-02 -2.92391296e-02  5.59650596e-06 -1.91423924e-02 -3.59622671e-02  6.36596621e-06 -7.76152758e-02  1.21506075e-01 -1.36365631e-04  1.22297503e-01  8.72065321e-04  9.12121311e-05 -1.33540230e-01  7.26763294e-02 -1.66153182e-04 -1.50977329e-01  8.07391185e-02 -1.87831705e-04  4.42757056e-01  2.82429171e-01  1.63280223e-04  3.98774460e-03 -4.63579946e-01  3.58483307e-04 -1.05616628e-01  5.74456744e-02 -1.40916263e-04 -1.20099394e-01  6.42158548e-02 -1.59046164e-04  3.49819196e-01  2.23100506e-01  1.75939986e-04  3.13151038e-03 -3.63828420e-01  2.71643178e-04  2.84145785e-02  7.02946473e-05  2.18481224e-05]
Atoms: 57  Mode #: 158 Freq: 3117.714540080906 cm-1,Mass weighted displacment dq is: 
 [-6.91044465e-06  8.07262330e-06  9.12924059e-08 -1.22655686e-04 -3.20500737e-05 -1.76143669e-07  2.64354023e-05 -9.82425045e-05 -3.62757121e-07 -9.66879579e-05  3.47639204e-05 -4.09285636e-08 -3.20056209e-05 -7.50227582e-05  5.88946515e-07  5.05057200e-05 -4.47099957e-05  3.92028888e-07  4.78970692e-05  7.26583540e-05 -1.50016447e-07 -4.59540646e-05  1.31269213e-04  7.40330559e-07  1.06473866e-04  4.11803925e-05  5.59146613e-07 -6.85079154e-04  2.85673626e-04  5.22512543e-07 -1.00185646e-04 -1.16365339e-04  8.59102017e-07  1.37382492e-04 -4.39745625e-05  8.55895600e-07  3.19866140e-04  5.55474822e-04  6.28241385e-07  6.00684660e-04 -3.55661700e-04  1.78993620e-06 -6.59333560e-05 -1.29652373e-04  8.12127939e-07 -1.63746046e-02  1.01162931e-02 -2.10016348e-05 -1.89852866e-02  8.64840639e-03 -2.26394986e-05 -5.74999894e-04 -6.24765473e-02  4.57440143e-05 -1.79791084e-02 -2.91314553e-02  5.39076245e-06 -1.57023734e-02 -3.44912599e-02  1.02364495e-05  1.10106493e-01 -1.05403728e-03  8.40629342e-05  5.69498533e-02  3.71582423e-02  2.29648422e-05 -3.39721305e-05  7.58943469e-05  1.72929895e-07  1.48879533e-04  3.48308298e-04 -1.02894964e-07 -2.76399328e-04 -7.05849040e-04  6.68928444e-07  1.09192295e-04 -6.49901360e-05  2.99350860e-07 -6.68714944e-02  1.02570881e-01 -1.30339336e-04 -2.90372814e-05  8.40981030e-05 -3.72387557e-07 -2.88096069e-04  1.68163153e-04 -9.54873547e-07  4.12475624e-05  2.78128516e-05 -4.38998032e-07  3.72309292e-04 -1.40715868e-04 -4.27743116e-07 -2.02606655e-04 -3.30841729e-04 -1.82541411e-07 -7.54158505e-05 -7.05058845e-06 -2.98818030e-07  2.84449275e-02 -1.75758395e-02  3.88771450e-05  3.40567655e-02 -1.54130433e-02  4.41163573e-05  1.05908789e-03  1.09955251e-01 -7.72203401e-05 -1.03071632e-01 -6.72541477e-02 -5.68275796e-05  9.79363390e-03  1.58192222e-02 -1.82168861e-06  8.43256972e-03  1.87114402e-02 -4.19926920e-06 -6.28250274e-02  5.84536509e-04 -4.63958950e-05  3.78425085e-02 -5.79128204e-02  6.48559468e-05 -3.18679414e-02 -5.83735230e-02  4.84675843e-06 -3.45115244e-02 -6.45027570e-02  2.75428725e-06 -1.27188055e-01  1.99145882e-01 -2.02082676e-04  5.82968058e-02  1.06936871e-01 -1.84290913e-05  6.34732135e-02  1.18608409e-01 -1.68718622e-05  2.25053162e-01 -3.52623882e-01  4.00707970e-04 -3.76806983e-01 -3.25680887e-03 -2.77676063e-04  6.01665242e-02 -3.28508882e-02  7.22562341e-05  6.53409229e-02 -3.49950740e-02  8.24361378e-05 -1.95911172e-01 -1.25090792e-01 -7.24905099e-05 -1.86455973e-03  2.13630776e-01 -1.67448874e-04 -1.04663186e-01  5.70516901e-02 -1.35181957e-04 -1.17219603e-01  6.26949803e-02 -1.55485507e-04  3.54268428e-01  2.26135568e-01  1.79296762e-04  3.18442879e-03 -3.76299950e-01  2.84590408e-04  2.14832852e-01  1.80792454e-03  1.51520338e-04]
Atoms: 57  Mode #: 159 Freq: 3117.826509266416 cm-1,Mass weighted displacment dq is: 
 [ 2.21055955e-07  1.90074506e-07  9.16468705e-10  5.01211324e-05 -1.52306266e-04 -4.56536370e-07 -1.52534326e-04 -4.89902203e-05 -5.20205046e-07  1.04097780e-04 -5.52735706e-05  1.92504171e-07 -5.49902710e-05 -1.03433958e-04  4.19041700e-07 -1.04337614e-04  5.48000910e-05 -1.88643351e-07  5.47771783e-05  1.04491527e-04 -4.15622513e-07  1.52798067e-04  4.95219850e-05  5.25240514e-07 -4.92417096e-05  1.52781592e-04  4.59606390e-07 -5.62117978e-04  2.34077345e-04  4.08135974e-07 -1.39312469e-04 -1.45610189e-04  5.59474077e-07 -1.87453541e-04  4.38759261e-05 -7.45485134e-08 -2.79301298e-04 -4.77543773e-04  8.08570189e-08  4.75631193e-04 -2.77936476e-04  1.57241854e-06 -4.35073331e-05 -1.87402755e-04  7.99639524e-07  2.47484729e-02 -1.51001371e-02  3.09770973e-05  2.88572403e-02 -1.32991598e-02  3.51494397e-05  7.48087002e-04  8.89624680e-02 -6.56027241e-05 -1.52431546e-02 -2.49809441e-02  4.96210674e-06 -1.34353400e-02 -2.91556034e-02  8.46230574e-06  8.98239759e-02 -7.57638988e-04  6.87145207e-05 -8.22319981e-02 -5.35670649e-02 -3.31160292e-05  1.43845623e-04 -1.38788028e-04  5.71504741e-07 -2.31362095e-04 -5.55555377e-04  5.77422627e-07  2.34644306e-04  5.62446954e-04 -5.30398395e-07 -1.45779504e-04  1.40261602e-04 -5.73530850e-07 -5.41225935e-02  8.30868452e-02 -1.05557804e-04  4.19981325e-05  1.85807355e-04 -7.80040682e-07 -4.69382041e-04  2.74642787e-04 -1.52723631e-06  1.39235593e-04  1.43527807e-04 -5.49428117e-07  5.52417503e-04 -2.30399964e-04 -4.56816793e-07  2.75089935e-04  4.70483847e-04 -1.11109978e-07  1.86491544e-04 -4.17051600e-05  6.11449297e-08 -2.50436028e-02  1.52812626e-02 -3.33498351e-05 -2.92121945e-02  1.34631310e-02 -3.82241489e-05 -7.58845338e-04 -8.99984636e-02  6.38440342e-05  8.32262967e-02  5.42123869e-02  4.61049511e-05  1.50415016e-02  2.46544983e-02 -2.99522429e-06  1.32454552e-02  2.87353064e-02 -5.83281185e-06 -8.85408468e-02  7.44199589e-04 -6.52882728e-05  5.33062421e-02 -8.18342601e-02  9.19463214e-05 -4.90005993e-02 -8.98021585e-02  6.73042353e-06 -5.28004776e-02 -9.86136371e-02  6.37220318e-06 -1.79492234e-01  2.81500428e-01 -2.84494721e-04  4.96553176e-02  9.10058399e-02 -1.44727527e-05  5.35723261e-02  1.00057851e-01 -1.49503547e-05  1.82235795e-01 -2.85800734e-01  3.25416295e-04 -3.07469245e-01 -2.81796777e-03 -2.25105748e-04 -9.01543520e-02  4.91926703e-02 -1.13999833e-04 -9.90351658e-02  5.30255190e-02 -1.20181060e-04  2.82867009e-01  1.80365270e-01  1.06701727e-04  2.79271429e-03 -3.04512669e-01  2.35546776e-04  9.12297844e-02 -4.97779106e-02  1.23215157e-04  1.00251489e-01 -5.36768975e-02  1.30452878e-04 -2.86282876e-01 -1.82542839e-01 -1.45793349e-04 -2.82437020e-03  3.08064919e-01 -2.30062233e-04  3.03070255e-01  2.78187318e-03  2.13829856e-04]
Atoms: 57  Mode #: 160 Freq: 3130.6922788721604 cm-1,Mass weighted displacment dq is: 
 [-4.58049985e-07 -5.10579378e-07 -1.24167144e-08  3.40217007e-05 -1.57545066e-04  1.96715345e-07  1.60501940e-04  3.38929828e-05  5.37216808e-07  9.50038062e-05  1.81093983e-04  4.45958601e-08 -1.77506000e-04  9.15446384e-05 -4.09248173e-07 -9.33533561e-05 -1.76157354e-04 -1.18359785e-07  1.76987146e-04 -9.52349756e-05  3.40323094e-07 -1.56630816e-04 -3.44052409e-05 -5.97114406e-07 -3.72740473e-05  1.58471822e-04 -2.64895988e-07  1.01448106e-03 -7.73511453e-05  1.91555052e-07  1.18048354e-04  1.90254610e-05 -3.30085353e-07  1.42889204e-04  4.11425313e-05 -2.87459901e-07  8.26239476e-04  7.34339907e-04 -2.06868666e-07  7.33842339e-04 -8.26225409e-04  5.88039209e-07  4.20631611e-05 -1.40828066e-04 -1.55370647e-07 -4.72683095e-02  2.86694483e-02 -5.87340655e-05  4.52453271e-02 -2.11048775e-02  5.48200601e-05  4.41735898e-03 -9.24728243e-02  7.34703163e-05 -2.79920068e-02 -4.61582407e-02  6.50870077e-06  2.05799881e-02  4.41251660e-02 -1.15051452e-05  9.02137297e-02  4.31310791e-03  6.34495188e-05 -7.26948321e-02 -4.18238511e-02 -3.31620488e-05  2.19760280e-05 -1.24068397e-04  1.37313240e-07 -8.04750277e-05 -1.04053866e-03  8.59076475e-07  7.69040029e-05  1.01438234e-03 -8.52404774e-07 -1.85384868e-05  1.18062776e-04 -1.85066472e-07  4.08269925e-02 -7.09567945e-02  8.54835205e-05 -4.09962870e-05  1.44666127e-04  1.00150983e-07 -7.39552178e-04  8.32443639e-04 -5.61669222e-07 -1.18756099e-04 -1.81406490e-05  2.71212204e-07 -1.02154296e-03  7.71427342e-05 -2.06802276e-07 -8.46808414e-04 -7.51066495e-04  2.36122280e-07 -1.48719917e-04 -4.20051926e-05  2.29838303e-07  4.61471969e-02 -2.79866168e-02  6.10052430e-05 -4.41112351e-02  2.05728324e-02 -5.74992671e-05 -4.31193679e-03  9.01876512e-02 -6.97876623e-05  7.09475484e-02  4.08232090e-02  4.27251470e-05  2.82005401e-02  4.64973020e-02 -2.96691872e-06 -2.07266301e-02 -4.44417970e-02  7.64219241e-06 -9.09236784e-02 -4.34509334e-03 -6.20644168e-05 -4.11304402e-02  7.14852243e-02 -7.59712483e-05 -9.01752226e-02 -1.64974081e-01  2.23570750e-05  7.97418251e-02  1.49203853e-01 -1.27798453e-05  1.45302326e-01 -2.30856984e-01  2.30111863e-04  8.95125002e-02  1.63766123e-01 -3.60424447e-05 -7.91744965e-02 -1.48139045e-01  2.48900004e-05 -1.44229707e-01  2.29153040e-01 -2.57991027e-04 -2.99142191e-01 -4.47925185e-03 -2.27119485e-04  1.67715245e-01 -9.16735449e-02  2.11577623e-04 -1.51896923e-01  8.11822407e-02 -1.88429743e-04  2.34763696e-01  1.47758200e-01  8.94210266e-05 -4.58956634e-03  3.06630552e-01 -2.36256197e-04 -1.63728371e-01  8.94932375e-02 -2.20852688e-04  1.48092931e-01 -7.91484445e-02  1.96354971e-04 -2.29126486e-01 -1.44213424e-01 -1.17712822e-04  4.47793129e-03 -2.99054807e-01  2.22383864e-04  3.01495225e-01  4.51427935e-03  2.20919444e-04]
Atoms: 57  Mode #: 161 Freq: 3130.720838816653 cm-1,Mass weighted displacment dq is: 
 [ 2.91443503e-05  7.17966868e-05 -4.12887954e-08  1.59428247e-04 -1.15581004e-04  5.58646517e-08 -1.79699783e-04  8.56731702e-05 -3.22033890e-07 -1.54905985e-04 -2.48257473e-04 -1.09216383e-08  1.09945099e-04  1.59985064e-04 -1.65149428e-07 -1.55859384e-04 -2.50171006e-04 -6.90112947e-08  1.14163366e-04  1.57719613e-04 -1.64278525e-07 -1.82143618e-04  8.42127495e-05 -3.88955867e-07  1.59765373e-04 -1.12505328e-04  1.16619938e-07 -8.88579152e-05  4.56398205e-05 -2.19616216e-07 -6.91284911e-05 -1.07289372e-04 -1.07769647e-07  3.66660417e-04  2.09517077e-05  1.45600258e-07  1.19158266e-03  9.85066088e-04  2.26839754e-07 -1.82134700e-05  3.99772992e-05 -1.52071504e-07 -6.50205428e-05 -8.99130828e-05 -8.14582825e-08  6.39960339e-02 -3.89984356e-02  8.02977200e-05 -6.38251003e-02  2.99281340e-02 -7.72013858e-05 -5.97331487e-03  1.30489993e-01 -1.02584976e-04  1.48836695e-03  2.63883693e-03 -4.89637471e-07 -1.55710970e-03 -3.22018453e-03  6.72028387e-07 -3.67950918e-03 -2.40543818e-04 -2.70670695e-06  9.84455747e-02  5.63412394e-02  4.57229436e-05 -1.57787411e-04  3.18038418e-04 -4.17227960e-07  1.85079435e-04  1.46980316e-03 -9.34519012e-07  1.85481675e-04  1.48132667e-03 -9.82692716e-07 -1.56985249e-04  3.18507948e-04 -4.60134651e-07 -2.43792932e-03  4.21215131e-03 -5.82225060e-06 -6.56317198e-05 -8.54834343e-05 -1.15600174e-07 -3.50575024e-05  5.89560383e-05 -1.88424181e-07 -7.27470165e-05 -1.08744066e-04 -8.56217034e-08 -1.12586080e-04  4.78358495e-05 -2.24662886e-07  1.18154034e-03  9.75960870e-04  1.87986661e-07  3.65976246e-04  2.01732622e-05  1.86067491e-07  6.45630847e-02 -3.93413381e-02  8.61201793e-05 -6.43392392e-02  3.01675477e-02 -8.37556237e-05 -6.02541010e-03  1.31582380e-01 -1.00733171e-04  9.92853834e-02  5.68239305e-02  6.06217018e-05  2.12743661e-03  3.69190614e-03 -4.18624068e-07 -2.03339693e-03 -4.24007889e-03  5.65591283e-07 -5.74139240e-03 -3.38691643e-04 -4.08041392e-06 -3.36928253e-03  5.83145593e-03 -6.88792887e-06 -6.95053728e-03 -1.29051265e-02  1.04434100e-06  7.64445791e-03  1.41689383e-02 -1.87286803e-06  1.19306880e-02 -1.90368116e-02  1.99497528e-05 -4.90766610e-03 -9.16797058e-03  1.51412272e-06  5.81536105e-03  1.07463617e-02 -2.64237900e-06  8.63931462e-03 -1.38065103e-02  1.67219302e-05  1.21496612e-02  1.66244286e-04  8.92651663e-06 -2.27617644e-01  1.24509706e-01 -2.84205838e-04  2.14084280e-01 -1.14445256e-01  2.65590711e-04 -3.17444862e-01 -1.99615247e-01 -1.19799090e-04  6.36615996e-03 -4.32765413e-01  3.35909915e-04 -2.29627561e-01  1.25608074e-01 -3.06810045e-04  2.15811367e-01 -1.15368658e-01  2.86068298e-04 -3.20153824e-01 -2.01320613e-01 -1.63880618e-04  6.42056802e-03 -4.36391532e-01  3.26807636e-04  1.89866149e-02  2.68144057e-04  1.34093917e-05]
Atoms: 57  Mode #: 162 Freq: 3130.721712231695 cm-1,Mass weighted displacment dq is: 
 [ 7.18271108e-05 -2.91285330e-05 -3.84270493e-08  8.48412023e-05  1.80379807e-04 -3.29006849e-07 -1.13656769e-04 -1.59241056e-04 -3.59046617e-07  1.58990376e-04 -1.11774164e-04 -1.47820728e-07 -2.50040257e-04  1.55760790e-04 -7.22148084e-07  1.58681102e-04 -1.12338377e-04 -1.46719031e-07 -2.48411915e-04  1.54861554e-04 -6.89551189e-07 -1.14427503e-04 -1.59997231e-04 -4.22318763e-07  8.51033326e-05  1.81547477e-04 -3.83847817e-07  1.48031084e-03 -1.85852766e-04  7.74982441e-07  3.19060409e-04  1.57727929e-04 -2.06318921e-07 -8.77307877e-05  6.54722291e-05 -4.72462571e-07  5.08077081e-05  2.79700904e-05 -3.91856412e-07  9.83949847e-04 -1.19045859e-03  1.07448584e-06  2.07090433e-05 -3.67340493e-04 -1.35876762e-07  3.08058349e-03 -1.75723856e-03  3.10875473e-06 -3.65285839e-03  1.75874512e-03 -4.88917120e-06 -2.82204180e-04  4.56151342e-03 -4.03665154e-06 -3.92990331e-02 -6.44928647e-02  9.32815177e-06  3.01426057e-02  6.42850192e-02 -1.59905676e-05  1.31457236e-01  6.01896191e-03  9.30065069e-05  4.90603960e-03  2.83732513e-03  2.08244344e-06 -1.08204962e-04  7.09532178e-05 -5.95119705e-07  4.65894576e-05  9.89740141e-05 -4.23101513e-07  4.68194259e-05  1.02288332e-04 -4.35277556e-07 -1.07801558e-04  7.09294878e-05 -5.77310782e-07  5.67618787e-02 -9.91787387e-02  1.20444232e-04  2.04914198e-05 -3.65514977e-04 -1.06734525e-07  9.77461790e-04 -1.18274412e-03  1.02745385e-06  3.17480309e-04  1.57085929e-04 -1.64807317e-07  1.47086241e-03 -1.84512151e-04  7.94060114e-07  4.80376381e-05  2.52162117e-05 -3.66957701e-07 -8.76876853e-05  6.52078197e-05 -4.27592522e-07  3.24479127e-03 -1.85547339e-03  3.50124772e-06 -3.80147254e-03  1.82861221e-03 -5.41479625e-06 -2.96747604e-04  4.85107541e-03 -4.21199165e-06  5.13510191e-03  2.96885030e-03  2.99786265e-06 -3.90477657e-02 -6.40791451e-02  4.35348155e-06  2.99508630e-02  6.38761848e-02 -1.01989229e-05  1.30632900e-01  5.98054937e-03  8.97408163e-05  5.64020287e-02 -9.85507459e-02  1.05708324e-04  1.24668565e-01  2.27908930e-01 -2.99218803e-05 -1.14537396e-01 -2.14256756e-01  2.13402861e-05 -1.99829795e-01  3.17784489e-01 -3.14533159e-04  1.25472298e-01  2.29379100e-01 -4.95800682e-05 -1.15269997e-01 -2.15626920e-01  3.91393341e-05 -2.01102954e-01  3.19808443e-01 -3.58255229e-04 -4.35977668e-01 -6.41429675e-03 -3.27558758e-04 -1.07380538e-02  5.76622780e-03 -1.35357498e-05  1.21984240e-02 -6.59102929e-03  1.38835639e-05 -1.60478667e-02 -1.00498700e-02 -8.03517541e-06  2.09695790e-04 -1.50732986e-02  1.05966801e-05 -1.13163734e-02  6.08183377e-03 -1.54576984e-05  1.26974677e-02 -6.85815465e-03  1.57745594e-05 -1.67875471e-02 -1.05155546e-02 -1.07720817e-05  2.24412804e-04 -1.60349155e-02  1.06910628e-05 -4.33241058e-01 -6.37359792e-03 -3.13818013e-04]
Atoms: 57  Mode #: 163 Freq: 3130.775223734701 cm-1,Mass weighted displacment dq is: 
 [-1.96078116e-07 -1.67281373e-07  1.56218300e-09 -1.85809717e-04 -7.03651614e-05  2.21973075e-07 -6.84377734e-05  1.85466257e-04  4.63536718e-08 -8.73212920e-05 -1.58971667e-04 -2.12620479e-08 -1.61302531e-04  8.76665632e-05 -4.15670375e-07  8.77078193e-05  1.60724773e-04 -3.35073503e-08  1.61364065e-04 -8.89230102e-05  4.46669930e-07  6.97536909e-05 -1.85595741e-04 -2.84602871e-08  1.84688593e-04  7.04440303e-05 -2.54788596e-07  1.09967911e-03 -1.46512738e-04  3.22869649e-07  3.06861729e-04  1.90063936e-04 -2.23953742e-07 -3.58957864e-04 -6.95005281e-06 -3.63229072e-07 -8.43953246e-04 -7.19746212e-04 -2.00194562e-07  7.22049116e-04 -8.45991628e-04  4.51580070e-07  7.28967375e-06 -3.58540971e-04 -1.80752302e-07  4.48813627e-02 -2.73691723e-02  5.63782199e-05 -4.55712192e-02  2.13235313e-02 -5.53811909e-05 -4.21503781e-03  9.04385017e-02 -7.14153125e-05 -2.76670991e-02 -4.53737484e-02  6.07999921e-06  2.15419075e-02  4.60386907e-02 -1.18173477e-05  9.13956112e-02  4.26037895e-03  6.42220621e-05  7.06856305e-02  4.06286312e-02  3.23512285e-05 -1.89317830e-04  3.05230517e-04 -5.96785864e-07  1.45417569e-04  1.08883187e-03 -8.57592871e-07 -1.46679424e-04 -1.09721704e-03  7.86159427e-07  1.90489857e-04 -3.07097355e-04  5.74481896e-07  4.10515162e-02 -7.14223964e-02  8.60205548e-05 -7.00585813e-06  3.60158007e-04  2.13194567e-07 -7.24649775e-04  8.48938900e-04 -3.92293280e-07 -3.07301615e-04 -1.90016435e-04  2.22946944e-07 -1.10338831e-03  1.46476593e-04 -2.84475750e-07  8.37078413e-04  7.14181980e-04  1.42769488e-07  3.57189375e-04  6.65001479e-06  3.30576555e-07 -4.52446007e-02  2.75902591e-02 -6.04854983e-05  4.59331916e-02 -2.14938218e-02  5.99563097e-05  4.24831541e-03 -9.11766357e-02  6.99639837e-05 -7.12308875e-02 -4.09398946e-02 -4.30876255e-05  2.77675625e-02  4.55370308e-02 -2.53559876e-06 -2.16157446e-02 -4.61982254e-02  7.83922276e-06 -9.17399525e-02 -4.27615005e-03 -6.24806751e-05 -4.12065538e-02  7.16913464e-02 -7.60963163e-05 -8.86102967e-02 -1.62006310e-01  2.32798087e-05  8.27319399e-02  1.54894606e-01 -1.40719908e-05  1.45676312e-01 -2.31630810e-01  2.30894218e-04  8.82911188e-02  1.61424328e-01 -3.66203862e-05 -8.24460041e-02 -1.54357782e-01  2.70555695e-05 -1.45128508e-01  2.30760637e-01 -2.59524324e-04 -3.02948149e-01 -4.44530948e-03 -2.30874592e-04 -1.59678369e-01  8.73377514e-02 -1.98511653e-04  1.52789984e-01 -8.16076002e-02  1.87668627e-04 -2.28383661e-01 -1.43632919e-01 -8.70909990e-05  4.39802652e-03 -2.99771533e-01  2.33052029e-04  1.60970533e-01 -8.80441284e-02  2.13858267e-04 -1.54003397e-01  8.22568221e-02 -2.02622185e-04  2.30140485e-01  1.44737338e-01  1.18124264e-04 -4.43373561e-03  3.02221486e-01 -2.27194607e-04  3.04087635e-01  4.46223446e-03  2.23907483e-04]
Atoms: 57  Mode #: 164 Freq: 3143.3186552563584 cm-1,Mass weighted displacment dq is: 
 [ 5.23967367e-07  1.69506111e-06  7.84476420e-09  4.60652406e-04  6.76482978e-05  2.76516338e-07 -8.28707771e-05  4.52962904e-04 -4.16139601e-07  3.69078697e-05  4.34633684e-05 -1.32277977e-08 -4.44126462e-05  3.60599631e-05  4.65533499e-08 -3.84252081e-05 -4.57738206e-05  3.20681030e-08  4.70405992e-05 -3.42114047e-05 -2.89221998e-08  8.04689471e-05 -4.65010517e-04  4.73492497e-07 -4.62582114e-04 -7.94000508e-05 -2.18131220e-07  2.16540917e-03 -3.57777518e-03  4.05878723e-06  6.56668831e-04  6.70893244e-04  2.14882048e-07 -8.13441297e-04  2.39555633e-04 -8.53544338e-07  3.08806352e-04 -3.76647495e-03  3.04385115e-06 -3.74412677e-03 -3.05715604e-04 -2.52943276e-06  2.38625970e-04  8.09132641e-04 -2.16297618e-07  8.12322994e-02 -4.23151479e-02  9.65859119e-05  9.16719832e-02 -5.05981359e-02  1.16370598e-04 -4.66585512e-03 -2.95310174e-02  1.83090765e-05  4.24597309e-02  8.15088012e-02 -1.76969613e-05  5.07651897e-02  9.19731096e-02 -1.56151630e-05  2.96304941e-02 -4.68230382e-03  2.52627101e-05  2.63344478e-02  2.28105309e-02  6.48668316e-06  6.68965924e-04 -6.53952117e-04  1.06422878e-06 -3.56530660e-03 -2.15796845e-03 -1.38060793e-06  3.60167769e-03  2.18068552e-03  1.85090764e-06 -6.71946024e-04  6.57546748e-04 -1.05550167e-06 -2.28860678e-02  2.64203429e-02 -3.81661704e-05 -2.31741141e-04 -7.83147841e-04  1.71731224e-07  3.60452766e-03  2.98094395e-04  2.41127598e-06 -6.35765264e-04 -6.50209193e-04 -2.05295494e-07 -2.09549958e-03  3.45657999e-03 -3.50151458e-06 -3.04004986e-04  3.73142169e-03 -3.02598835e-06  8.03969336e-04 -2.37326897e-04  8.05087691e-07 -8.19817976e-02  4.27054366e-02 -1.04323128e-04 -9.25983445e-02  5.11119224e-02 -1.25576432e-04  4.71321862e-03  2.98241696e-02 -1.71500767e-05 -2.66697069e-02 -2.30853625e-02 -1.07583915e-05 -4.08370375e-02 -7.83897955e-02  1.06506816e-05 -4.91022465e-02 -8.89583560e-02  7.64570462e-06 -2.84653420e-02  4.51306433e-03 -2.30352190e-05  2.21282721e-02 -2.55570170e-02  3.29896909e-05  1.38065368e-01  2.56588512e-01 -3.47590213e-05  1.59655976e-01  2.93777293e-01 -2.94165312e-05 -5.84171183e-02  8.90784014e-02 -9.00331987e-05 -1.43551025e-01 -2.66795856e-01  5.84605699e-05 -1.65058878e-01 -3.03731889e-01  5.59756409e-05  6.04139838e-02 -9.21191170e-02  1.05117298e-04 -9.44495940e-02  4.66973338e-04 -7.08550445e-05 -2.65888939e-01  1.43062886e-01 -3.30136377e-04 -3.02736897e-01  1.64518447e-01 -3.77369947e-04 -9.18165248e-02 -6.02130973e-02 -3.23893651e-05  4.65195419e-04  9.41337251e-02 -7.17574018e-05  2.68345448e-01 -1.44384030e-01  3.56309161e-04  3.05797678e-01 -1.66182956e-01  4.07834687e-04  9.29774713e-02  6.09690498e-02  4.52211027e-05 -4.68442503e-04 -9.50811117e-02  6.98772739e-05  9.07510671e-02 -4.56364750e-04  6.56200935e-05]
Atoms: 57  Mode #: 165 Freq: 3143.354334022906 cm-1,Mass weighted displacment dq is: 
 [ 1.14743905e-04 -7.38060533e-05  2.80717363e-07 -4.23856741e-04  2.19622141e-04 -3.51524084e-07 -4.01585168e-04  1.98133924e-04 -4.20194782e-07  8.04637015e-05 -7.31788190e-05  1.32528584e-07 -1.12823685e-04  3.94738751e-05 -1.42047381e-07  8.53079412e-05 -7.54819508e-05  1.38974891e-07 -1.14560086e-04  3.41469199e-05 -1.43192358e-07 -4.17101776e-04  1.89376762e-04 -4.61388487e-07 -4.21941642e-04  2.02862926e-04 -3.05266277e-07  1.72578755e-04 -1.83401166e-04  3.39280650e-07 -6.96142030e-05 -8.92694555e-05  1.02145878e-07  1.06344271e-03 -2.79301453e-04  1.31849507e-06 -3.41879408e-04  5.57366625e-03 -4.25211627e-06  5.13206645e-05 -1.07330644e-04  2.13473949e-07  1.81255393e-05  9.53368576e-05  8.61305506e-08  1.21484930e-01 -6.32009509e-02  1.44058378e-04  1.19188896e-01 -6.57595157e-02  1.51158933e-04 -6.64761541e-03 -4.56733061e-02  2.88087045e-05 -1.17120769e-03 -2.27443126e-03  6.00191002e-07  3.04382075e-03  5.32312340e-03 -7.27571209e-07 -5.63439258e-04 -1.34072873e-04 -5.60969575e-07  3.45860616e-02  3.02342717e-02  8.60963738e-06  7.86542084e-04 -8.01172349e-04  1.19296221e-06 -4.77842266e-03 -2.78030359e-03 -1.87390985e-06 -4.88486180e-03 -2.84279342e-03 -2.52107866e-06  8.01553786e-04 -8.15523123e-04  1.21739897e-06 -2.97887627e-03  4.26091076e-03 -4.69901245e-06  9.92395982e-06  6.47479257e-05  7.62025296e-08  2.26615769e-04 -9.56789819e-05  2.91393645e-07 -9.34140254e-05 -1.13975617e-04  9.20279361e-08  7.88168563e-05 -2.50858438e-05  1.38024556e-07 -3.34730489e-04  5.45353419e-03 -4.21810113e-06  1.04462063e-03 -2.74579574e-04  1.22161075e-06  1.24152427e-01 -6.45870108e-02  1.57556222e-04  1.21868940e-01 -6.72385800e-02  1.65101080e-04 -6.79533758e-03 -4.66992286e-02  2.74432322e-05  3.54223987e-02  3.09499845e-02  1.44960523e-05 -3.18674014e-03 -6.15061978e-03  9.03929306e-07  8.32710678e-04  1.31632466e-03  4.34052389e-08 -2.02386090e-03  8.24665035e-05 -1.74937958e-06 -1.93396003e-03  3.04580212e-03 -2.58440517e-06  1.07276409e-02  1.99934127e-02 -2.57192782e-06 -2.50321820e-03 -4.41460255e-03  5.41191463e-07  6.30133329e-03 -9.96321935e-03  7.53576586e-06  3.90979784e-03  7.30922686e-03 -1.31408819e-06 -9.68833645e-03 -1.76442741e-02  3.35392099e-06  9.08149362e-03 -1.42145404e-02  1.35955762e-05  1.18554031e-03  2.26821081e-05  2.39509266e-06 -3.97580862e-01  2.13667520e-01 -4.91329855e-04 -3.93644438e-01  2.13688896e-01 -4.90470840e-04 -1.21669065e-01 -7.98600662e-02 -4.35917178e-05  4.09574413e-04  1.45140395e-01 -1.10120422e-04 -4.06309160e-01  2.18357471e-01 -5.36896789e-04 -4.02492068e-01  2.18492763e-01 -5.36579479e-04 -1.24598936e-01 -8.17730885e-02 -6.17268739e-05  4.16232734e-04  1.48414067e-01 -1.08615651e-04  5.84184308e-03  9.27687197e-06  5.51272789e-06]
Atoms: 57  Mode #: 166 Freq: 3143.3552476783157 cm-1,Mass weighted displacment dq is: 
 [ 7.37587964e-05  1.14780647e-04  1.22324939e-07 -2.02350841e-04 -4.01210828e-04  1.96749290e-07 -2.01009114e-04 -4.25481492e-04  1.99881588e-07 -4.01715330e-05 -1.13347339e-04  2.45997477e-07  7.59769226e-05  8.53642305e-05  1.10781514e-07 -3.34031028e-05 -1.14303993e-04  2.49589681e-07  7.28967245e-05  8.02426157e-05  1.07054367e-07 -2.21253996e-04 -4.20394426e-04  2.12132963e-07 -1.84810574e-04 -4.17452435e-04  2.67858400e-07  2.82956711e-03 -4.86279347e-03  5.38552159e-06  8.11309377e-04  7.97207507e-04  3.69725689e-07 -5.65951274e-05  7.56802508e-06  1.55238560e-07  9.24957378e-05  2.66558391e-04  6.97700579e-08 -5.55007862e-03 -3.40052640e-04 -3.89855878e-06  2.77634845e-04  1.05751331e-03 -2.80429567e-07  1.33023923e-03 -6.79546250e-04  1.75027323e-06 -6.41350029e-03  3.64565962e-03 -8.05873255e-06  1.88966209e-04 -2.17313214e-04  8.05135679e-07  6.43200538e-02  1.23640407e-01 -2.69183773e-05  6.69254805e-02  1.21301417e-01 -2.06239763e-05  4.65051537e-02 -6.76636561e-03  3.90003984e-05 -4.58288855e-03 -3.25520301e-03 -1.27310646e-06  8.16089808e-05 -6.22841741e-05  3.22619380e-07  2.25660538e-04  1.98460494e-04  2.01461215e-07 -1.30356652e-05  5.56818898e-05  1.30783263e-07  1.20910798e-04 -1.00217635e-04  3.77444871e-07 -3.08139140e-02  3.52680427e-02 -5.21437305e-05  2.76245800e-04  1.04992710e-03 -2.12626710e-07 -5.47632907e-03 -3.36509594e-04 -3.79492167e-06  8.05367554e-04  7.90856102e-04  3.61648174e-07  2.79269013e-03 -4.79904068e-03  4.72442355e-06  1.11075642e-04  7.88681681e-06  2.32628258e-07 -1.04090065e-04  2.07344157e-05  8.55350959e-08  7.02139103e-03 -3.64006144e-03  9.09878721e-06 -3.34299388e-04  2.90698292e-04 -3.73724254e-07 -1.32483931e-04 -2.34634827e-03  2.07817998e-06 -2.76041302e-03 -1.68737025e-03 -1.09122626e-06  6.34558114e-02  1.21975177e-01 -1.66938950e-05  6.60525049e-02  1.19720987e-01 -1.03590225e-05  4.58627806e-02 -6.67456184e-03  3.65029473e-05 -3.03535397e-02  3.47167308e-02 -4.59378338e-05 -2.14529865e-01 -3.99182993e-01  5.35610475e-05 -2.14644422e-01 -3.95402313e-01  3.92139612e-05  8.01642498e-02 -1.22129911e-01  1.24945155e-04 -2.17454955e-01 -4.04633514e-01  8.80397336e-05 -2.17472643e-01 -4.00615910e-01  7.35071058e-05  8.14173925e-02 -1.24058600e-01  1.43578721e-04 -1.47795757e-01  4.13105667e-04 -1.11356339e-04 -4.21854010e-03  2.24744064e-03 -4.80906189e-06  2.12447846e-02 -1.16446242e-02  2.72618107e-05  1.53353094e-02  9.81482672e-03  5.44600173e-06 -2.77456760e-05  7.98129182e-05 -6.61450394e-07 -2.28433146e-02  1.22606636e-02 -2.96055117e-05  1.17156923e-03 -7.41316477e-04  2.29730179e-06  8.96832227e-03  5.64905352e-03  4.05563273e-06 -4.72035743e-06  6.87111227e-03 -5.44155648e-06 -1.45743664e-01  4.11784955e-04 -1.06032510e-04]
Atoms: 57  Mode #: 167 Freq: 3143.367436690437 cm-1,Mass weighted displacment dq is: 
 [-3.82209092e-06 -1.07314375e-06 -8.13136068e-09 -1.26310372e-04  4.22475799e-04 -4.26135336e-07  4.28530529e-04  1.53231257e-04  8.80264311e-08 -1.34479866e-04  5.27432186e-05 -1.47258729e-07  4.85552210e-05  1.31873913e-04  9.99287835e-08  1.32832222e-04 -4.49882320e-05  1.38517071e-07 -4.74344424e-05 -1.36828584e-04 -1.07760482e-07 -4.03602543e-04 -1.42420195e-04 -9.83322203e-08  1.51108539e-04 -4.12816632e-04  4.48218537e-07  2.00967521e-03 -3.37971758e-03  4.00618236e-06  4.93235378e-04  5.12636687e-04  3.15830232e-07  6.04137031e-04 -1.60006294e-04  8.69557014e-07 -2.48120022e-04  3.65407585e-03 -2.70460626e-06 -3.71960731e-03 -2.49206953e-04 -2.40842695e-06  1.63417943e-04  6.14082980e-04 -9.09422021e-08 -8.57131532e-02  4.45635500e-02 -1.01362014e-04 -8.88324519e-02  4.90274416e-02 -1.12527048e-04  4.80151746e-03  3.23153337e-02 -2.03971110e-05  4.27702764e-02  8.22646624e-02 -1.75851570e-05  4.72954495e-02  8.56923749e-02 -1.42176514e-05  3.10038203e-02 -4.61731561e-03  2.63934906e-05 -2.73640841e-02 -2.34242875e-02 -7.38421207e-06 -5.32410515e-04  5.13781530e-04 -6.60233190e-07  3.50770331e-03  2.08255769e-03  1.37927433e-06 -3.32546913e-03 -1.97904278e-03 -1.70603527e-06  4.97237151e-04 -4.78931570e-04  6.20527184e-07 -2.26193087e-02  2.64476873e-02 -3.89663521e-05 -1.76049418e-04 -6.63100325e-04  4.48037379e-08  3.95458933e-03  2.68038593e-04  2.50153821e-06 -5.25236343e-04 -5.43362792e-04 -3.57321198e-07 -2.13681766e-03  3.59370044e-03 -3.83517537e-06  2.57070107e-04 -3.87258304e-03  2.91697084e-06 -6.41207854e-04  1.70038174e-04 -8.70001973e-07  8.07969599e-02 -4.20063657e-02  1.02245235e-04  8.43138884e-02 -4.65390682e-02  1.14109975e-04 -4.54309326e-03 -3.04869404e-02  1.79112073e-05  2.61653029e-02  2.23460378e-02  1.13519563e-05 -4.54711778e-02 -8.74560860e-02  1.16400307e-05 -5.02606770e-02 -9.10601058e-02  7.49036353e-06 -3.29744349e-02  4.91078050e-03 -2.66513395e-05  2.40390881e-02 -2.81018669e-02  3.69133704e-05  1.53811946e-01  2.86204709e-01 -3.92509624e-05  1.63267772e-01  3.00653308e-01 -3.09320476e-05 -6.41759973e-02  9.82232298e-02 -1.03943633e-04 -1.44678757e-01 -2.69211076e-01  5.92358926e-05 -1.53637789e-01 -2.82921144e-01  5.28334140e-05  6.03832579e-02 -9.24314822e-02  1.10450559e-04 -9.89150989e-02  2.73508180e-04 -7.29068983e-05  2.80496641e-01 -1.50740289e-01  3.44637829e-04  2.93293516e-01 -1.59264616e-01  3.65932982e-04  9.56703059e-02  6.25105145e-02  3.53448518e-05 -2.81644351e-04 -1.03075494e-01  7.75134461e-05 -2.64412851e-01  1.42097718e-01 -3.47307493e-04 -2.78372703e-01  1.51169769e-01 -3.71471791e-04 -9.14231731e-02 -5.97126712e-02 -4.63843318e-05  2.65993286e-04  9.72914210e-02 -7.03696875e-05  1.05200382e-01 -2.91599088e-04  7.46749709e-05]
Atoms: 57  Mode #: 168 Freq: 3146.5896010046936 cm-1,Mass weighted displacment dq is: 
 [ 8.80339966e-07  2.48163086e-07  2.11177781e-08  1.91162092e-04 -7.31079036e-04  6.54470939e-07  7.28027901e-04  1.87508145e-04  4.41488943e-08  3.59866815e-04  6.55126723e-04 -3.31363864e-07 -6.62439910e-04  3.63750845e-04 -5.32940864e-07 -3.64915041e-04 -6.63239046e-04  3.60418475e-07  6.54481801e-04 -3.60270303e-04  5.55116456e-07 -7.35357671e-04 -1.89585961e-04 -3.19626320e-08 -1.86581013e-04  7.31968726e-04 -6.34776415e-07  2.26672492e-03 -1.71691989e-03  3.34868343e-06  6.68513287e-04  1.81117102e-04  8.23527050e-07  7.67181881e-04  1.80298418e-04  1.01351036e-06  9.10497513e-04  3.13392801e-03 -7.58786115e-07  3.13025135e-03 -9.08538335e-04  3.33327950e-06  1.80602374e-04 -7.67293486e-04  7.97479428e-07 -8.32442596e-02  4.20243248e-02 -9.89311608e-05  7.04617947e-02 -4.00862728e-02  9.00230936e-05  8.02658382e-04  5.94603352e-02 -4.47653421e-05 -4.24771977e-02 -8.41418983e-02  1.99020745e-05  4.05819235e-02  7.13370365e-02 -1.06652445e-05 -6.01341540e-02  8.07062406e-04 -4.46069922e-05  4.41049356e-02  2.86811269e-02  1.70847215e-05  1.77924508e-04 -6.61256138e-04  4.05442826e-07 -1.69464379e-03 -2.23791389e-03 -1.60339475e-07  1.72121759e-03  2.27120595e-03  4.91577835e-07 -1.82331007e-04  6.70796664e-04 -3.24988600e-07 -2.90255184e-02  4.46315140e-02 -5.60617277e-05 -1.79238409e-04  7.57214713e-04 -6.54327448e-07 -3.09236227e-03  8.96446325e-04 -3.03301036e-06 -6.62260532e-04 -1.78422726e-04 -7.30126328e-07 -2.23733484e-03  1.69533108e-03 -2.98337734e-06 -8.96636085e-04 -3.09629902e-03  1.00360776e-06 -7.59193089e-04 -1.79504932e-04 -8.70086902e-07  8.42412025e-02 -4.25280790e-02  1.07301286e-04 -7.15001888e-02  4.06738298e-02 -9.74777910e-05 -8.06209550e-04 -6.02106083e-02  4.37074493e-05 -4.47126628e-02 -2.90812957e-02 -2.39207399e-05  4.19736810e-02  8.31436777e-02 -1.27656045e-05 -4.00904049e-02 -7.04712222e-02  4.69291966e-06  5.93948564e-02 -7.99691094e-04  4.24764788e-05  2.86710115e-02 -4.40832951e-02  4.90623079e-05 -1.43985049e-01 -2.68541305e-01  3.55860926e-05  1.26793699e-01  2.32433741e-01 -2.49851865e-05 -8.85080251e-02  1.39470835e-01 -1.40344956e-04  1.45711956e-01  2.71762825e-01 -5.84267382e-05 -1.28349895e-01 -2.35285596e-01  4.52402255e-05  8.96074081e-02 -1.41203312e-01  1.60395204e-04  1.89092334e-01  2.00109350e-03  1.44270978e-04  2.68866575e-01 -1.44160061e-01  3.30388602e-04 -2.32401529e-01  1.26777060e-01 -2.91776696e-04 -1.39534236e-01 -8.85475300e-02 -5.43495564e-05  1.97803850e-03 -1.86971201e-01  1.41552857e-04 -2.72084319e-01  1.45884931e-01 -3.57505046e-04  2.35825718e-01 -1.28644138e-01  3.16766541e-04  1.41464583e-01  8.97734368e-02  7.39908884e-05 -2.00387044e-03  1.89329454e-01 -1.38084156e-04 -1.86762066e-01 -1.97661453e-03 -1.37363286e-04]
Atoms: 57  Mode #: 169 Freq: 3146.682816552296 cm-1,Mass weighted displacment dq is: 
 [-5.00657205e-05 -1.39868927e-04 -7.95499692e-08 -3.50750889e-04  4.25493022e-04 -8.62260388e-07  3.99233706e-04 -1.94671655e-04  1.86720972e-07  4.63679113e-04  8.90359958e-04 -4.66392199e-07 -1.45020177e-04  1.57014847e-04 -5.08130422e-07  4.60670851e-04  8.84856851e-04 -4.54893631e-07 -1.40638651e-04  1.54581387e-04 -5.01934324e-07  3.93580962e-04 -1.95619346e-04  2.01140396e-07 -3.52680755e-04  4.30807204e-04 -8.18420803e-07  7.34534675e-04 -6.71301724e-04  6.88689426e-07  3.06153380e-04  1.46738037e-04 -1.44856226e-07 -9.95657408e-04 -1.31565469e-04 -1.09684315e-06 -1.42792423e-03 -4.08529282e-03  1.21301656e-06  6.31197192e-04 -3.12547463e-04  3.93355436e-07 -9.67822773e-06 -4.24659807e-05 -2.47482840e-07 -1.09117041e-01  5.50881135e-02 -1.29035642e-04  1.06698551e-01 -6.03941922e-02  1.36525452e-04  5.66232438e-04  8.11114266e-02 -6.05903849e-05 -8.62939266e-03 -1.70246173e-02  3.71773698e-06  1.41083480e-02  2.50512766e-02 -4.32567996e-06 -1.32822337e-02 -1.07984128e-04 -1.00453827e-05  6.36163144e-02  4.16629223e-02  2.51921048e-05  3.99567354e-04 -8.60539058e-04  6.55028248e-07 -2.70999863e-03 -3.51693572e-03  6.20122041e-08 -2.69517695e-03 -3.49698968e-03 -4.19807511e-07  3.97683415e-04 -8.54736604e-04  5.87708254e-07 -8.95922533e-03  1.31939947e-02 -1.77698620e-05 -1.10027122e-05 -3.77968748e-05 -2.83012927e-07  6.11795129e-04 -3.06982254e-04  2.86435032e-07  3.02041831e-04  1.45840336e-04 -1.51458506e-07  7.20475296e-04 -6.60454752e-04  5.65379256e-07 -1.43593017e-03 -4.11276282e-03  1.57153293e-06 -1.00247021e-03 -1.32965498e-04 -9.68727694e-07 -1.08377289e-01  5.47145839e-02 -1.37423989e-04  1.06079040e-01 -6.00421815e-02  1.44817533e-04  5.58836899e-04  8.05899411e-02 -5.81240951e-05  6.32296001e-02  4.14114868e-02  3.43824934e-05 -8.36602807e-03 -1.65025554e-02  2.17458279e-06  1.38541496e-02  2.46046097e-02 -2.20448021e-06 -1.29063932e-02 -1.12906758e-04 -9.48145290e-06 -8.77681300e-03  1.29136898e-02 -1.55067958e-05  2.85186513e-02  5.32266185e-02 -8.53041641e-06 -4.42326759e-02 -8.12399666e-02  6.85083915e-06  2.63397711e-02 -4.14337318e-02  4.09912171e-05  2.94225519e-02  5.49124417e-02 -1.30857879e-05 -4.50361361e-02 -8.27133410e-02  1.38406499e-05  2.69027474e-02 -4.23210653e-02  4.75098234e-05  4.14644754e-02  4.97904514e-04  3.02363270e-05  3.52180494e-01 -1.88792200e-01  4.35518169e-04 -3.51832324e-01  1.91832192e-01 -4.40579275e-04 -2.01711565e-01 -1.28107650e-01 -7.58380716e-05  2.75482719e-03 -2.55136473e-01  1.96538430e-04  3.49791401e-01 -1.87511649e-01  4.62303368e-04 -3.49788710e-01  1.90717907e-01 -4.68799873e-04 -2.00488517e-01 -1.27331511e-01 -1.02491405e-04  2.73743710e-03 -2.53497899e-01  1.88047828e-04  4.02820247e-02  4.85387817e-04  2.80521247e-05]
Atoms: 57  Mode #: 170 Freq: 3146.683596632628 cm-1,Mass weighted displacment dq is: 
 [ 1.39842555e-04 -5.00662794e-05  2.68786155e-07  1.92910155e-04  3.99783576e-04  2.37867884e-07 -4.32296255e-04 -3.51407292e-04  1.77369191e-07 -1.58557086e-04 -1.47933645e-04  2.75728418e-07 -8.86071422e-04  4.61218753e-04 -5.69898676e-07 -1.53019403e-04 -1.37707067e-04  2.57644651e-07 -8.89214257e-04  4.62998401e-04 -5.71948099e-07 -4.24052217e-04 -3.51939119e-04  2.25561810e-07  1.97200464e-04  3.93135372e-04  2.30605791e-07  3.50338105e-03 -2.70008856e-03  4.78418653e-06  8.56495108e-04  3.98977601e-04  7.77273088e-07  3.34387818e-05 -1.14043609e-05  3.48970956e-07  3.01862090e-04  5.95857431e-04  2.26041009e-07  4.09347979e-03 -1.43062278e-03  4.42816185e-06  1.31470314e-04 -9.97997094e-04  1.08201281e-06  1.74715230e-02 -8.85545410e-03  2.11631664e-05 -2.54226425e-02  1.43193489e-02 -3.21519966e-05  1.03759419e-04 -1.35966161e-02  1.06193009e-05 -5.48248038e-02 -1.08596519e-01  2.55960307e-05  6.01518939e-02  1.06272479e-01 -1.67212160e-05 -8.07478605e-02  5.60295045e-04 -5.97455769e-05 -1.34263715e-02 -9.10988777e-03 -4.94105124e-06 -1.48426883e-04  3.09643834e-04  2.94989236e-08  6.80188314e-04  7.46714255e-04  3.67337434e-07  6.50573033e-04  7.07788932e-04  4.64807316e-07 -1.43957254e-04  2.98308320e-04  3.38408516e-08 -4.14912970e-02  6.33523250e-02 -8.06862323e-05  1.33161559e-04 -1.00006196e-03  9.57741321e-07  4.10428306e-03 -1.43327852e-03  4.08320596e-06  8.58731505e-04  3.98359265e-04  7.11345572e-07  3.51064416e-03 -2.70534362e-03  4.31329721e-06  3.17578923e-04  6.48020011e-04  1.22279215e-07  4.68757232e-05 -9.30550886e-06  3.36631884e-07  1.60737393e-02 -8.14974732e-03  2.09262883e-05 -2.42076025e-02  1.36287304e-02 -3.26924637e-05  1.15869701e-04 -1.25940148e-02  9.58561844e-06 -1.26708512e-02 -8.61793902e-03 -6.57977884e-06 -5.49746969e-02 -1.08892929e-01  1.66190728e-05  6.02869573e-02  1.06510157e-01 -7.93486141e-06 -8.09523661e-02  5.64485712e-04 -5.78323807e-05 -4.15823798e-02  6.34915531e-02 -7.17574322e-05  1.88404123e-01  3.51456972e-01 -4.62053381e-05 -1.91493647e-01 -3.51211687e-01  3.48481825e-05  1.27857193e-01 -2.01316693e-01  2.00340546e-04  1.87889443e-01  3.50497501e-01 -7.49856049e-05 -1.91064695e-01 -3.50424401e-01  6.45507760e-05  1.27578232e-01 -2.00877548e-01  2.26285501e-04  2.53995161e-01  2.74274720e-03  1.91880795e-04 -5.63564439e-02  3.01972241e-02 -6.94766651e-05  8.39379133e-02 -4.57043752e-02  1.05908768e-04  4.30556125e-02  2.73689452e-02  1.75713031e-05 -5.08155520e-04  4.24524408e-02 -3.18989291e-05 -5.18429321e-02  2.77773161e-02 -6.81373409e-05  7.99310993e-02 -4.35184634e-02  1.07708645e-04  4.06633427e-02  2.58507989e-02  2.22151047e-05 -4.74947171e-04  3.93002188e-02 -2.82341713e-05  2.54637016e-01  2.74980480e-03  1.85207616e-04]
Atoms: 57  Mode #: 171 Freq: 3146.9074938764693 cm-1,Mass weighted displacment dq is: 
 [-4.93780020e-07  7.42901196e-08 -5.17912691e-09 -3.55291614e-04 -1.11616606e-04 -7.55119715e-07 -1.08188929e-04  3.55517112e-04 -3.15216776e-07 -2.82552096e-04 -5.27086045e-04  3.03577188e-07 -5.25975306e-04  2.82330633e-04 -4.28784604e-07  2.84223802e-04  5.29125503e-04 -3.22111651e-07  5.31735387e-04 -2.85188008e-04  4.08387924e-07  1.11423694e-04 -3.53359927e-04  3.38285170e-07  3.53351549e-04  1.09600803e-04  7.22823754e-07  2.38561747e-03 -1.84392597e-03  3.21029613e-06  6.79416305e-04  3.92793509e-04  3.63061825e-07 -8.25756614e-04 -2.88140974e-05 -9.03975319e-07 -9.74920524e-04 -3.02159507e-03  7.63600887e-07  3.00960631e-03 -9.69396978e-04  3.34351762e-06  2.83745750e-05 -8.22998561e-04  8.74936573e-07  8.04832618e-02 -4.06203530e-02  9.53538626e-05 -7.40420195e-02  4.20255170e-02 -9.43470329e-05 -5.48685310e-04 -5.85805734e-02  4.41638256e-05 -4.05590897e-02 -8.03608450e-02  1.91910000e-05  4.19622260e-02  7.39304201e-02 -1.14931432e-05 -5.84752467e-02  5.48201750e-04 -4.32002556e-05 -4.52901543e-02 -2.95767298e-02 -1.75770039e-05 -3.93125156e-04  6.79872649e-04 -4.13779967e-07  1.84682640e-03  2.38981346e-03  2.25435346e-07 -1.85650192e-03 -2.40007276e-03 -5.25933901e-07  3.94817507e-04 -6.83330735e-04  3.99225391e-07 -2.95282997e-02  4.52147190e-02 -5.69909824e-05 -2.93210323e-05  8.29608797e-04 -8.11537645e-07 -3.03626056e-03  9.78650496e-04 -3.27269096e-06 -6.84855681e-04 -3.95318530e-04 -3.80555128e-07 -2.40839120e-03  1.86130341e-03 -3.04290390e-06  9.70942380e-04  3.01434511e-03 -9.90473140e-07  8.24605327e-04  2.85974847e-05  8.22038632e-07 -8.06851328e-02  4.07221538e-02 -1.02371341e-04  7.43883673e-02 -4.22204674e-02  1.01237153e-04  5.46195413e-04  5.87496805e-02 -4.26392308e-05  4.54677147e-02  2.96980960e-02  2.44298422e-05  4.09140391e-02  8.10641856e-02 -1.27910360e-05 -4.23496838e-02 -7.46147480e-02  5.36596709e-06  5.90053921e-02 -5.51831406e-04  4.19629794e-05  2.97983086e-02 -4.56274516e-02  5.08982072e-05 -1.40244978e-01 -2.61636860e-01  3.26279755e-05  1.34215722e-01  2.46018494e-01 -2.42146155e-05 -9.18511711e-02  1.44670672e-01 -1.44156335e-04  1.39028259e-01  2.59367165e-01 -5.39646681e-05 -1.32984169e-01 -2.43761125e-01  4.44169240e-05  9.10188790e-02 -1.43360725e-01  1.61188729e-04  1.83895929e-01  1.94821945e-03  1.40971693e-04 -2.59761037e-01  1.39238137e-01 -3.20590663e-04  2.44129831e-01 -1.33185313e-01  3.07712414e-04  1.43599303e-01  9.11711050e-02  5.61623098e-05 -1.95220510e-03  1.84230016e-01 -1.40330559e-04  2.60411273e-01 -1.39587330e-01  3.43717025e-04 -2.45273523e-01  1.33807852e-01 -3.30610927e-04 -1.44169857e-01 -9.15346546e-02 -7.53938528e-05  1.95849930e-03 -1.84758944e-01  1.35894763e-04 -1.85564722e-01 -1.96633446e-03 -1.37444729e-04]
