3.272481386323410727e+28 1.311680336692455834e+26 2.747868192296234560e+17 -1.541131856404318245e+26 -8.090523728867942575e+26 3.399212480820000000e+16 -3.126983289827138418e+25 8.089777904613647627e+26 3.740645798330876160e+17 -1.845990298111909474e+26 4.357978571580650119e+24 4.195391831199783040e+17 -1.194479810675522369e+28 6.926705474350597391e+27 -4.589587791070115840e+17 1.043306819460246034e+27 1.164217199399825752e+27 5.301935267697741440e+17 -1.322171317679604219e+28 -6.953590823860429834e+27 5.655554167883676800e+17 3.542682834623743618e+26 -9.463913575482391905e+25 -3.696751089496007680e+17 -4.215633906333579082e+27 9.512660072555818731e+26 -2.257769311008242880e+17 -2.897221378420812644e+26 2.161345917931750499e+27 8.984965885597648000e+16 -4.948024883694742214e+26 -4.711030499952734466e+26 4.540197997729200640e+17 -6.304521185857406715e+26 -2.607240532967182916e+27 -1.093647455168200640e+17 -3.081373010126205825e+26 4.449520785006692678e+26 -4.025002718610927360e+17 -4.290999068518301517e+27 -3.496061264719004698e+26 3.714468534922353280e+17 -3.215308372271589646e+26 2.582832422532447511e+26 2.566531534132884160e+17 8.943175252327213461e+26 -1.311774637566634202e+27 1.862192333490912000e+15 3.258111536759430323e+26 6.409604588692362226e+25 7.929952248245630720e+17 3.698433627175264283e+26 6.931620088486215902e+25 1.135414432400496320e+17 3.002119906955307814e+26 -9.796256840745628035e+25 3.787243934413685120e+17 -3.436584611696524565e+26 -2.105900449462191343e+26 -1.780750370762924160e+17 -4.358146376579310851e+26 5.161717268756458337e+26 1.021180783862806720e+17 1.337227822157518330e+25 -1.255953857961874103e+25 -1.438249918435018880e+17 -3.439381402256025891e+26 -4.080735157887472469e+26 4.227053942488806400e+17 2.065968258016823420e+25 9.771246211007959404e+24 -4.410642490345947520e+17 -1.049789929460219686e+27 -5.752819072069225219e+26 -1.961400720763149824e+18 -6.355777054164386842e+25 1.220631628309270486e+26 1.614217251195264768e+18 1.384186255935048019e+25 -5.043683462728489806e+24 2.314389714270547840e+17 4.903422179964018563e+25 -2.465477043636019338e+26 7.875959703581905920e+17 -9.306811639848523404e+25 4.029659349277529318e+25 6.639261707823836160e+17 -8.962956056750401747e+26 6.675333823093457463e+26 -4.163861450479416960e+17 -1.848556612768580996e+24 -1.441278961248055568e+25 1.493100251728130560e+18 9.237450237870514496e+24 1.703398939997882569e+25 -3.603849449134548480e+17 1.465790883411250164e+25 1.276576732600130068e+25 6.661282555865472000e+17 1.060639927604759113e+25 1.396131108401017774e+25 4.473098526060108800e+17 -8.071506377752206440e+25 -4.189021747662666140e+25 -1.899250694646546880e+17 -1.404769236111749682e+24 -9.178890988046317666e+24 -8.701521225019787520e+17 -5.733563808672177743e+26 -1.334287125221659473e+26 -4.175018926539951104e+18
1.311680336692455834e+26 3.518909176959189925e+28 -3.400795381415054080e+17 -3.365411131128433952e+26 -3.159435655610576913e+25 -4.646440774006095360e+17 3.365221238288582649e+26 -1.542534128510945451e+26 -1.785766614849249920e+17 4.411311150583110703e+24 -1.176231327675675999e+26 2.239904682839505280e+17 4.674578004008746457e+27 -1.326613988035128517e+28 -3.787878236956540800e+17 7.334538636057056905e+25 -4.998788283489841499e+26 3.255946720708193280e+17 -4.698224803887446048e+27 -1.203014139129861298e+28 -4.281612751618200000e+16 -7.952273071700074108e+25 1.150399109520734868e+26 1.041660240510088960e+17 3.943559538648642687e+26 1.324166219969953994e+27 -6.685513048576343040e+17 5.000024398385185674e+26 -4.784305248967532329e+27 7.558326303719692800e+16 -1.298707121894861821e+25 -1.064613662044705000e+25 -2.813986038906512640e+17 -9.440296207649544059e+26 -4.447789645361737832e+27 -8.133686719526288000e+16 -1.039323633378539789e+26 -5.027542028394450466e+25 -2.054399391006963200e+17 2.036607974013598115e+26 1.401341528370826442e+27 1.073092048945180160e+17 -2.599622691934517722e+25 9.853950419048476777e+25 -3.557039840415723520e+17 -2.205941164073411375e+26 -3.514988386077365634e+26 6.131383045166358400e+16 1.489715793338996049e+26 -2.319242759812743365e+25 6.653000535654864640e+17 5.281896441652460384e+25 9.743542066089158913e+25 -6.365580426017863680e+17 -1.837529701715568152e+26 3.575855982114534215e+24 -8.540581579772934400e+16 7.358512399156807844e+25 1.218299356783619120e+26 4.749082048766112000e+17 6.142157579891311396e+25 -6.124769063227645364e+25 -1.712329600252770880e+17 -2.841135479868807467e+25 -1.078703073680918458e+25 6.084611730124300800e+16 1.365179741874513437e+26 -2.449562550261151168e+25 4.087488293234716160e+17 2.394000908838740415e+25 -1.339980038117357043e+25 -1.530159550288792960e+17 -9.036148436302709928e+26 -1.727524810409139717e+25 1.052916535749904128e+18 -9.941079699903597937e+26 -1.273577437850335299e+27 -1.159701509680425920e+17 -3.695761802668484670e+25 5.780482884587612256e+24 -6.462463539146535680e+17 8.642175022205919799e+26 -1.346022612841478626e+27 3.604103509568815360e+17 -5.649687737935403010e+25 9.413318675193575405e+24 -1.136971678006781952e+18 1.002995278081636951e+27 -1.747693306796725490e+26 -1.519874771064416640e+17 -1.950773077252384395e+25 -2.120260866240547273e+25 1.092178433741938688e+18 1.910638277518929321e+25 -3.787543917271346299e+25 -6.970536685600112640e+17 3.038811971065042088e+25 -2.246692163839454451e+25 -1.832281699430523136e+18 6.201986468454351644e+24 -2.079969746480858852e+25 1.035519391341011200e+18 6.255809013960677339e+25 2.711903150440752738e+25 2.401921806011801600e+17 -3.547019594716628918e+24 -2.675134575025678850e+25 -6.683059069083742720e+17 -1.297520416703794125e+26 -3.107796437872590063e+27 1.249170469708929536e+18
2.747868192296234560e+17 -3.400795381415054080e+17 6.089390598759409434e+27 -4.705931957051121280e+17 -2.784873981086227200e+17 1.252540104195355879e+26 -3.608867152489209600e+17 -3.146765056334743040e+17 1.252175430771134347e+26 9.462007208284288000e+16 -1.044579219304823552e+18 3.277608044185731792e+25 -2.576825686678736000e+17 2.657682796464250240e+17 -4.732481206205072371e+27 3.751222221813204480e+17 -3.672532543725624960e+17 -1.338459824141339211e+26 2.802412788864911360e+17 -3.636936319430256000e+17 -4.730305910246791518e+27 7.296448535570065920e+17 2.247442340136705920e+17 4.767091660979074583e+25 -3.654737358876624000e+15 4.275470121478144640e+17 3.731466452039898441e+25 -4.973180103431539840e+17 4.099495960955077760e+17 9.918568360761016610e+26 1.946461555160516480e+17 -2.272110889044372480e+17 9.031207027218921577e+24 3.265425184310690560e+17 1.289643808813638880e+17 9.884110626739331096e+26 3.123832552671761280e+17 9.011772085163776000e+16 -4.524792969587724328e+25 7.041717250020135680e+17 -7.186119921384303360e+17 3.799050198826372937e+25 -6.396997009392924160e+17 -3.659436208735347200e+17 1.727173533569914517e+25 -1.968656251470650400e+16 -1.569420016323493120e+17 -1.326165404860639752e+26 1.712459744954266240e+17 2.606894430078452480e+17 1.100769160018346373e+25 -1.843520356755487040e+17 1.389443648364638720e+17 4.755849734703347870e+25 6.220625297877514240e+17 7.025512648984880800e+16 1.108118251583018349e+25 3.120794587332134400e+17 8.105163308776950400e+16 1.731407147027505530e+25 5.283134306076626560e+17 -4.230909969106766080e+17 1.122867886830287590e+25 -8.832162369847131200e+16 -9.812621159430878400e+16 -1.527449960463039969e+24 -1.322654986203467800e+16 6.255774873045847040e+17 -4.683102278677581331e+25 -4.691494641108741760e+17 -5.198492563356709760e+17 -1.695369918562317044e+24 -9.878452671552536320e+17 5.053787003975281920e+17 1.372033683766946348e+27 1.946853346484240640e+18 6.808103229020860160e+17 1.007253930293958353e+27 2.638033096287092224e+18 8.129316687563473920e+17 1.036258293042348272e+25 -4.419397948459834880e+17 5.270590454284536320e+17 1.019398907409784402e+27 -1.260882639001300224e+18 5.376516723486033920e+17 2.391752030880291333e+25 -9.749693861909268480e+17 -6.334877479620611840e+17 1.371592333129595446e+27 -2.149715852765917760e+17 -1.706407928674343040e+17 -2.724236781882090608e+25 2.435215674821278720e+18 -9.804893886017561600e+17 -2.736569751708240792e+25 4.826573983179625600e+17 -2.264947012372028160e+17 3.868913860933314647e+24 -1.541055883160824576e+18 -1.133084063185774336e+18 -6.730206141526010851e+24 -9.266966714826794240e+17 6.457316709839550720e+17 2.834840006843302910e+25 8.631790702245265600e+16 -1.108906567058358080e+17 -6.191416706920426301e+24 -1.506286361241641984e+18 1.591263092191654400e+17 -4.685911596671756317e+26
-1.541131856404318245e+26 -3.365411131128433952e+26 -4.705931957051121280e+17 3.520508752846733269e+28 -1.284495651442809893e+26 -1.774557620931056640e+17 -1.178275759272974677e+26 -4.337283649556090431e+24 -4.048777691713235200e+17 -3.142247308842099956e+25 3.363313388414796942e+26 8.161244792846762240e+17 -3.516744879085714379e+26 2.206210693616538749e+26 -3.653191090160340480e+17 -1.202911755150039447e+28 4.694993414674767866e+27 6.840889047913583360e+17 9.742207963498394385e+25 -5.280114646076118923e+25 -7.378182128112350720e+17 -1.326664015772686860e+28 -4.674856566146358836e+27 -5.617188997745575200e+16 1.401304502993619069e+27 -2.027216107406214208e+26 -8.419574434930726400e+17 -6.122446810493296520e+25 -6.142835311170424224e+25 5.938678133293194240e+17 -4.448970026704571681e+27 9.438796355245711063e+26 4.840788072042234240e+17 -2.445696640983004307e+25 -1.372085645179305837e+26 -2.379101485047014720e+17 -4.785528761724943449e+27 -5.003630052862880055e+26 -2.090570970649197120e+17 1.218264453484635499e+26 -7.362840530285580128e+25 2.195003772530489280e+17 1.323909510416743159e+27 -3.948903643192629074e+26 6.736836660913667200e+16 3.641885814964509305e+24 1.839014748165040239e+26 -3.196358220296704000e+17 -4.998677242989536760e+26 -7.337166888203606471e+25 2.789497286299798720e+17 -2.313986384603951729e+25 -1.492237184696742111e+26 -1.382854841582513920e+17 1.149484817568335577e+26 7.946333576369231662e+25 -9.913978970392777600e+16 9.861770396821089612e+25 2.610472664311294745e+25 3.387739009275615360e+17 -1.342032525843104296e+25 -2.396222322200848792e+25 4.135813355324550400e+16 -1.065928282293085320e+25 1.228542447539606313e+25 2.558465660029895680e+17 -1.086095628089636615e+25 2.846408346011348391e+25 -4.891758812045372160e+17 -5.023148108253707870e+25 1.039314255394375273e+26 1.173376674737484800e+16 -1.744561062358564657e+26 -1.002757801913536030e+27 8.265425115596581120e+17 -2.253938991554300471e+25 -3.037902152566544889e+25 -3.842382539599206400e+16 -1.346082091234576793e+27 -8.642322194950355884e+26 -6.128911967004522240e+17 2.699467951305826151e+25 -6.263572203739989532e+25 -5.610650545770932480e+17 -1.274228985760637142e+27 9.937950209339409781e+26 1.787199393278264064e+18 -3.791696540090802354e+25 -1.913729626681031926e+25 9.970584826874475520e+17 -1.687948027813102760e+25 9.036145409641416977e+26 -9.928378547567324800e+16 -2.126701643222195138e+25 1.952063671856794001e+25 -1.258040937832034048e+18 -2.685805222531326067e+25 3.579806756876491594e+24 -7.997862844914580480e+17 5.717362728922696632e+24 3.694601123745259486e+25 2.824831914234332160e+17 -2.077310759642461171e+25 -6.300959089164117107e+24 -1.607167385368402944e+18 9.359815436839048087e+24 5.650789700308692768e+25 -1.143383613605627008e+18 -3.118339305582704539e+27 1.303334077602256806e+26 -4.734817489520120320e+17
-8.090523728867942575e+26 -3.159435655610576913e+25 -2.784873981086227200e+17 -1.284495651442809893e+26 3.271851583601688209e+28 1.230664490164473600e+18 -4.329923113130889652e+24 -1.842494354202122529e+26 -2.968303590167468800e+17 8.089401597436542489e+26 -1.542702195549489969e+26 2.716815983854591360e+17 1.311148680147492042e+27 8.944311165856474387e+26 -2.151501818364603520e+17 6.950951176375209640e+27 -1.321776323624091742e+28 1.264236968563061440e+17 -6.888855169301704101e+25 3.697326732084337635e+26 -4.886080525023073280e+17 -6.927915438740882260e+27 -1.194671321256076016e+28 1.840240154913466880e+17 3.510706034576530667e+26 -4.288664332457035651e+27 -1.031558334120163520e+17 -5.159463865703400548e+26 -4.357588016914767102e+26 -7.232266525248067200e+16 2.607446123695790793e+27 -6.308042100483642493e+26 2.314210402181189760e+17 4.079003991501557008e+26 -3.437774628151106638e+26 3.275284455569939200e+16 -2.161836975335024141e+27 -2.902200830907453276e+26 2.829063434598511040e+17 2.102993511165891395e+26 -3.434121349169204106e+26 -3.501055613997409280e+17 -9.523332618018076062e+26 -4.213622655432708305e+27 -6.884002233227658240e+17 9.781092524949382459e+25 2.998741588125539432e+26 -1.547671967908122880e+17 -1.163581664575610182e+27 1.043302350132087001e+27 -6.677772376439264000e+16 -6.407173940381417721e+25 3.253168835921091798e+26 2.097653329289971200e+16 9.414820503656544947e+25 3.543061585720100063e+26 1.785131851128067200e+17 -2.578164127116034202e+26 -3.212222001590659662e+26 -3.445375042443080000e+16 -9.726802687019683387e+24 2.055486921403288525e+25 -2.311195883247113920e+17 4.708485498588722509e+26 -4.946425448810371182e+26 3.785877438169162880e+17 1.261761580846246357e+25 1.338317238046644935e+25 -3.036035539770919680e+17 -4.447845928084617597e+26 -3.080015982016667337e+26 4.010321798190030400e+16 -6.671433662356547402e+26 -8.965089561633259997e+26 -1.289596327664679680e+18 -1.277186347833000387e+25 1.463787531539007475e+25 1.025625545794983936e+18 2.464810812159951768e+26 4.907575018644457138e+25 -4.036608337053130880e+17 4.174911718959041073e+25 -8.087450299498498030e+25 9.633918502307796480e+17 -1.221184787705027796e+26 -6.342271475912415462e+25 5.759295245443896320e+17 -1.703976725753473183e+25 9.246754959811982377e+24 1.358623900489862144e+18 5.750242573915373081e+26 -1.049634687868931256e+27 -7.087189114740418560e+17 1.444170677950817044e+25 -1.843186540950539962e+24 1.896454050121065472e+18 9.195196998342579421e+24 -1.378783838865056244e+24 -4.697413673331770240e+17 5.033782535057640509e+24 1.377799775871859667e+25 -7.946973802704346880e+17 -1.398743569774971850e+25 1.066098628476026609e+25 1.484000557469607936e+18 -4.026274247951228446e+25 -9.301540605807892288e+25 -7.396620364323696640e+17 1.340892122419997807e+26 -5.724365499428661609e+26 5.294024798988416000e+16
3.399212480820000000e+16 -4.646440774006095360e+17 1.252540104195355879e+26 -1.774557620931056640e+17 1.230664490164473600e+18 6.088000798020142913e+27 1.966402821125037440e+17 4.716091244182574080e+17 3.278576996899810459e+25 -4.344579325379564800e+17 -2.032798529833112320e+17 1.252328067311204528e+26 5.981506342791242240e+17 3.106319215122372480e+17 -1.325730212409010089e+26 -6.194050029307125760e+17 4.091877479705915520e+17 -4.730382260394989343e+27 9.686448790033726720e+17 -3.450559810392520000e+16 4.747299814664458200e+25 -4.865363282304269440e+17 -5.454361748089830400e+17 -4.732197085208292209e+27 -1.236952760842257664e+18 5.294865058923050240e+17 3.775460237056404194e+25 2.920243196891112320e+17 5.225479989628396160e+17 1.126360312222611955e+25 1.458968593118362000e+16 4.501498357004467200e+17 9.885775852450729056e+26 -1.170474822778024000e+17 3.645070186405004800e+17 -4.683337904557049144e+25 5.649008005391818240e+17 3.677601735930286080e+17 9.923155797495123531e+26 -2.232296018025497600e+17 -2.810738861181612800e+17 1.732272163756644108e+25 1.061400018434209920e+18 -5.976726433710830080e+17 3.703885082856672931e+25 -1.952523646872625920e+17 -5.451685698937977600e+17 1.109483611753050317e+25 8.853138987783584000e+15 -7.006366296640450560e+17 -1.337983568463170119e+26 -8.591599607165260800e+16 -6.163359616859779840e+17 1.101825551937384957e+25 4.069125591416230400e+16 6.312569814731814400e+17 4.757219896128193023e+25 9.564310348161739520e+17 -1.077837546860703104e+18 1.728291082411563203e+25 -1.052275835488195200e+18 3.155882880293306240e+17 -1.688778000389248509e+24 2.756020220535456000e+17 3.442631181204763520e+17 9.075687806378155224e+24 2.236155420990010880e+17 -7.543856400444681600e+16 -1.521975136655135992e+24 9.840862262868126720e+17 5.577530059390390400e+16 -4.524849215222503692e+25 -1.375799279180777984e+18 9.930094752876375040e+17 1.371437721235433629e+27 -1.261627819786879232e+18 -6.454491199707335680e+17 3.816096441507771427e+24 -2.072875032968770560e+17 6.374060813744768000e+17 1.019630764703296594e+27 3.169951585373028480e+17 -2.092930544109409280e+18 2.833302656520971526e+25 -3.700406604175496320e+17 -6.424616417733341440e+17 1.007406197892225738e+27 4.785717158158040320e+17 1.018128494513313024e+18 -2.728962250964119296e+25 -3.687755146867168000e+15 1.646320140255933952e+18 1.372010978460471505e+27 -1.582617440804981504e+18 -2.880809554860078080e+17 -2.716444543634815776e+25 4.426536622976883200e+17 -5.747408661371914240e+17 -6.191943230478038398e+24 5.317142006800483840e+17 7.863256035042099200e+17 1.031623225942834784e+25 1.160223968202976800e+17 -2.494708900325698048e+18 -6.729520521985753669e+24 5.736277866925728640e+17 -1.404234686494108160e+18 2.390559954390495111e+25 8.213040546850004480e+17 -7.526859911967865600e+16 -4.678564558043087862e+26
-3.126983289827138418e+25 3.365221238288582649e+26 -3.608867152489209600e+17 -1.178275759272974677e+26 -4.329923113130889652e+24 1.966402821125037440e+17 3.520095299740107164e+28 -1.199425367646891307e+26 -5.986567826925460480e+17 -1.539692616617394301e+26 -3.365768089576973029e+26 1.406075773409167040e+17 1.149132941571451271e+26 7.958321495571598267e+25 -2.443570775568589440e+17 -2.312612140612115897e+25 -1.492098879856411938e+26 -8.962343946424561600e+16 -5.001718475937058320e+26 -7.329597046429686230e+25 -1.323226520496561760e+17 3.654110791317081630e+24 1.839416311607904029e+26 3.344803418256725760e+17 9.862783689332911773e+25 2.605482752250154460e+25 -7.241155740269500160e+17 -5.028325590956486822e+25 1.039035540786976809e+26 1.681963608676190080e+17 -1.161291626037900971e+25 2.844547622137390661e+25 1.052329009375891040e+17 -1.061409398924678828e+25 1.299048536863109618e+25 2.943387041806198400e+16 -1.342053168360277615e+25 -2.395509871326620652e+25 -2.501108851056340480e+17 1.323844043474267099e+27 -3.955014636614173364e+26 -2.026552527162922560e+17 1.218672449971660721e+26 -7.370562807062560200e+25 -3.927676304093534720e+17 -1.326984800625092566e+28 -4.677010135432973564e+27 -1.806993929234893440e+17 9.730665824200885570e+25 -5.274384034210762665e+25 -5.441717953611616000e+17 -1.202510590578080573e+28 4.688453217781828633e+27 4.292989453717160320e+17 -3.516164745912837351e+26 2.208148279408771224e+26 1.861345962479898240e+17 1.401263235955622765e+27 -2.031199672251827712e+26 -3.562585423500258560e+17 -4.785200591906534196e+27 -5.000099759926165670e+26 -2.893633645377812480e+17 -2.438815387927230383e+25 -1.364936645966093139e+26 2.193475715195134400e+17 -4.449022517465786604e+27 9.441120677546749919e+26 -1.626176081237129600e+17 -6.131683086038597832e+25 -6.150710866064359787e+25 1.671050082421421760e+17 -2.141513342388427650e+25 1.962101443822818705e+25 5.519482768551851520e+17 9.364692521665525470e+24 5.650647276512469891e+25 3.048888150719488000e+15 -2.082518593272670472e+25 -6.249871952181934428e+24 1.393783253039515136e+18 5.670849384608979787e+24 3.694941050433213237e+25 8.259102617778209280e+17 -2.683607488124956849e+25 3.591994009913145688e+24 4.782785644732894080e+17 -1.684831420439560674e+25 9.035256647634786495e+26 2.891740782881461760e+17 -3.789297820390715669e+25 -1.912166739894515489e+25 1.889546154896069632e+18 -1.744752260705960627e+26 -1.003009916205079888e+27 3.753182974288177920e+17 -1.274095939265578273e+27 9.937244224628318732e+26 8.451199389742087680e+17 2.704509607584561395e+25 -6.262989922549213179e+25 4.661331632222894720e+17 -1.345772362787584332e+27 -8.642824214654035801e+26 7.585461187144303360e+17 -2.253364670324421512e+25 -3.039511618684686473e+25 -1.316941791742133248e+18 -3.116463050583495050e+27 1.301255001926507392e+26 1.478269973080448000e+18
8.089777904613647627e+26 -1.542534128510945451e+26 -3.146765056334743040e+17 -4.337283649556090431e+24 -1.842494354202122529e+26 4.716091244182574080e+17 -1.199425367646891307e+26 3.271168584333050479e+28 3.888605221408806400e+17 -8.090747672774071674e+26 -3.162640364734028666e+25 5.116875294415010560e+17 9.426294102497718796e+25 3.540955595262032408e+26 4.188539882181884800e+17 -6.409368406884088098e+25 3.252995731753221882e+26 1.107974833334154624e+18 -1.163491004896684464e+27 1.043014364562281815e+27 4.865944313745605120e+17 9.781561770602696119e+25 2.999327743821422514e+26 -4.532479927875581440e+17 -2.578532039698641437e+26 -3.212196011857182329e+26 2.025348543261399680e+17 -4.446427203746034642e+26 -3.079609232769317627e+26 2.000589439643426560e+17 1.265080827173293805e+25 1.340303087305713096e+25 -3.052359972131402880e+17 4.707488346935335060e+26 -4.945759557981238892e+26 3.538621712749753600e+17 -9.740702911656345861e+24 2.053440574573058124e+25 6.662738508437642240e+17 -9.525482847539422143e+26 -4.213516439461804146e+27 7.411938770894474240e+17 2.102763862868970960e+26 -3.434504791198767538e+26 3.446563117956896000e+17 -6.930274762859853033e+27 -1.194847324971041434e+28 2.938711717388320000e+15 -6.880028526915048292e+25 3.696656744269856380e+26 4.902707202084446080e+17 6.944259056381539142e+27 -1.320836483609950339e+28 3.699715761481875200e+17 1.310948338293165065e+27 8.943265281230607989e+26 -3.347001003655236480e+17 3.508853320843671343e+26 -4.288523114353506702e+27 9.237442962981281600e+16 -2.161390565356492878e+27 -2.895615675734936198e+26 2.031717573068737920e+17 4.078036542853854847e+26 -3.438340232965569518e+26 -1.419973857260937600e+17 2.607343942677333137e+27 -6.312057296204981052e+26 -1.443384031165495680e+17 -5.158881525687133765e+26 -4.357058180168111225e+26 -6.326664499870908800e+16 1.456527349204493683e+25 -1.959146207301398023e+24 2.562492692004802048e+18 -4.024987186373262398e+25 -9.304232493883407572e+25 3.169956881158548480e+18 -1.396610275013116327e+25 1.062327945846953961e+25 -1.565302494927125120e+17 5.035892419552108278e+24 1.371603060251935206e+25 1.653427113192586240e+18 9.195012868045085235e+24 -1.385824666287523265e+24 1.614227322500264192e+18 5.748901175922561196e+26 -1.049952627573291893e+27 2.016333102656962048e+18 -1.705494375827416005e+25 9.246765350907480084e+24 -2.954190148625073664e+18 -6.674005479912738606e+26 -8.959176808072960676e+26 1.106051795993651968e+18 -1.218678780259221971e+26 -6.350553421471078405e+25 -1.170967367777936384e+18 4.178674906923460196e+25 -8.086615367515131634e+25 1.561806813661213440e+18 2.464152380197770435e+26 4.910050775909980720e+25 -2.101646444437448960e+18 -1.278701907175397907e+25 1.459482607025556981e+25 -8.572880400325568000e+17 1.340613648060275002e+26 -5.726118756414120514e+26 -3.313926638271708672e+18
3.740645798330876160e+17 -1.785766614849249920e+17 1.252175430771134347e+26 -4.048777691713235200e+17 -2.968303590167468800e+17 3.278576996899810459e+25 -5.986567826925460480e+17 3.888605221408806400e+17 6.089052568855352053e+27 1.462188407380197120e+18 -8.675137025138230400e+16 1.252182681002679596e+26 4.101206587281360640e+17 3.518735055556922240e+17 4.763925649007468075e+25 -3.308125538966423040e+17 -1.132447832518988160e+18 1.102807865883970994e+25 -6.238088860162206720e+17 -3.324567406004473600e+16 -1.337522596381992023e+26 5.204741830800775680e+17 5.830787862702096640e+17 1.108794119436347348e+25 -2.971247083398099200e+17 -1.781866819008424960e+17 1.726296847542965042e+25 8.586846328114882560e+17 -4.798119791327448320e+17 -4.523389809382538981e+25 1.827620129893033600e+16 -4.419231318175357440e+17 -1.521306047681520938e+24 -1.315491012984006880e+17 3.711334475157056640e+17 9.068064417882175347e+24 -1.669918267309775040e+17 -4.831274735241218560e+17 -1.687699896890445418e+24 -4.481708541119709440e+17 -4.906862737753206400e+17 3.716855391702495725e+25 -3.840497914345528320e+17 6.117680651075743000e+15 1.732086236925602679e+25 -3.036028250475246080e+17 8.249801447169406400e+16 -4.732129687948830984e+27 4.155978830719262720e+17 1.040882752846557440e+17 4.747615445081990564e+25 6.873759230834828800e+17 5.631551762890350400e+16 -4.731411786717108894e+27 -2.437195130686365120e+17 -1.497987869281281024e+18 -1.326496208594689215e+26 -1.105638048156017920e+17 6.430049033080380160e+17 3.779377337985525138e+25 -7.174138733123571200e+17 7.329002732569959680e+17 9.923025560869560623e+26 -2.471927760262940800e+17 6.888173802107432960e+17 -4.683434565877021516e+25 1.711344705740542400e+17 9.169216200767777280e+17 9.884064684299911386e+26 -1.843190830983311360e+17 -9.703388317949918400e+16 1.127033779821237450e+25 -1.571785774035150848e+18 1.239218508116921088e+18 -2.720785333643789334e+25 1.973402402916960000e+17 -2.056593525413467904e+18 2.390073711517941344e+25 1.522910845828677760e+17 2.091412379266477440e+17 -6.728589090382660449e+24 5.326097994357879040e+17 -1.584753147976232192e+18 1.029769910857394662e+25 5.579675708725633280e+17 3.919547092508033280e+17 -6.192569808190143071e+24 6.931657122617935360e+17 1.511954967064883456e+18 1.371755748440248193e+27 -1.419652472843382272e+18 -1.033972462538579968e+18 -2.729698181886285745e+25 -2.198577401602994688e+18 5.446135802794918400e+17 1.371844692963206994e+27 1.778218762971075584e+18 4.188587049322321920e+17 1.007339797020210320e+27 -1.224677759055497216e+18 -7.809683929934540800e+16 2.833304181294477834e+25 -7.602447175287836160e+17 1.922871518776173568e+18 1.019602020648568140e+27 -2.832396361591181312e+18 -8.511411162489501440e+17 3.798456438553336483e+24 2.408259010823266816e+18 5.940560682966905600e+17 -4.679468291978942842e+26
-1.845990298111909474e+26 4.411311150583110703e+24 9.462007208284288000e+16 -3.142247308842099956e+25 8.089401597436542489e+26 -4.344579325379564800e+17 -1.539692616617394301e+26 -8.090747672774071674e+26 1.462188407380197120e+18 3.273391723586324780e+28 1.055785076395361430e+26 -7.780173511176275200e+17 3.003705235329302820e+26 -9.793215940816922139e+25 7.261570855947329280e+17 3.699805826308224804e+26 6.920602478277206088e+25 -3.841475641538232800e+16 3.256188067966081580e+26 6.413639323918314461e+25 6.055107697915761600e+16 8.946073581886368913e+26 -1.311713373390491248e+27 -5.427440369380390400e+17 -3.436668778777844036e+26 -2.106681874696458680e+26 -1.373672305676439360e+17 2.056250503860681028e+25 9.738183932698527082e+24 -8.483078292881289600e+16 -3.439748573454868811e+26 -4.082007708072793901e+26 -7.926492847194894400e+16 1.346149745084461523e+25 -1.263992050032659951e+25 2.223300054086008000e+16 -4.359596714461372484e+26 5.162625260847773102e+26 -1.597139331087492800e+16 -3.214780529801351998e+26 2.581838701424104242e+26 3.224069452532574080e+17 -4.290812881256155401e+27 -3.496073862338848074e+26 -4.686769541262785600e+16 3.543170954297660738e+26 -9.474956190110157932e+25 -3.430758178824781440e+17 -1.320941788171937014e+28 -6.945152080717931352e+27 -3.968137592658528000e+16 1.043478117492229399e+27 1.164695005730850148e+27 -8.747949022074472960e+17 -1.196469658328231222e+28 6.944476568200726617e+27 -5.301865856826972800e+17 -4.217950882747583107e+27 9.517402037468187474e+26 1.088825488229342560e+17 -3.080299467099998047e+26 4.450229833509099188e+26 2.972233930101984000e+17 -6.310575128462552511e+26 -2.606970188522890719e+27 6.049686208295402240e+17 -4.948461852989419286e+26 -4.711016570960821093e+26 -5.964241389694912000e+17 -2.891386401251671013e+26 2.161729045499380901e+27 1.296335278344727040e+18 9.116285445968309757e+24 1.711983762433369273e+25 1.842494073092320256e+18 -1.395196594016391759e+24 -9.190956381216013357e+24 5.302884241418321920e+17 -8.080376293691261899e+25 -4.183195250853548833e+25 2.338958284993787520e+17 1.057658882690850014e+25 1.392904971621025172e+25 -1.144582650493011840e+18 1.464971152008468475e+25 1.279513190056628350e+25 -2.034239078011502720e+17 -1.856764652452907254e+24 -1.444903270448826337e+25 3.661341662129627200e+16 -8.965816771009355822e+26 6.676510726187951511e+26 3.040950272569413120e+17 -1.050849098984710915e+27 -5.752427620560206959e+26 8.664303335606714880e+17 -9.307936441452668467e+25 4.024079932797499286e+25 -2.134259726971757824e+18 4.903611419775096445e+25 -2.466072149403060485e+26 5.303939664047116160e+17 1.386102652087090930e+25 -5.100775376513259887e+24 1.753989656194903680e+17 -6.368105752226876146e+25 1.218392122454144642e+26 -5.369760985288301440e+17 -5.733731169431692236e+26 -1.333314799531260612e+26 2.681972840506556160e+17
4.357978571580650119e+24 -1.176231327675675999e+26 -1.044579219304823552e+18 3.363313388414796942e+26 -1.542702195549489969e+26 -2.032798529833112320e+17 -3.365768089576973029e+26 -3.162640364734028666e+25 -8.675137025138230400e+16 1.055785076395361430e+26 3.519540000364996243e+28 4.404394703784887040e+17 -1.837763343086986556e+26 3.561159079366468353e+24 4.294959641072746240e+17 5.269302276614937132e+25 9.745975548288888181e+25 -1.882460604213282560e+17 1.490081796501539742e+26 -2.320943324462329685e+25 -3.651451527800389760e+17 -2.206554135549646127e+26 -3.512067531272054197e+26 2.229060628181509760e+17 7.360632622261243675e+25 1.218696708562205686e+26 3.820240946910600960e+17 2.394635241306645549e+25 -1.337864722480053411e+25 5.616021514947550080e+17 1.372841109210443289e+26 -2.438653745040548553e+25 -1.028045656172889856e+18 -2.842833960998638022e+25 -1.153689200083292605e+25 1.863225551099585280e+17 6.147815030134405752e+25 -6.131675808532330577e+25 -1.927956163601200000e+17 -2.597249401150753159e+25 9.854725293865333822e+25 1.405168148454172480e+17 2.044023067732494795e+26 1.401221849325713185e+27 1.067316067664522880e+17 -7.964913316565479250e+25 1.150720395424025016e+26 2.280833521142063360e+17 -4.690126306456000933e+27 -1.202515267748318187e+28 2.609342018197398400e+17 7.308851076478181005e+25 -5.001014989479091310e+26 8.952623386276385280e+17 4.691721848398034481e+27 -1.327962964063340404e+28 -2.455640941741245440e+17 3.951677516040630137e+26 1.324406835962467095e+27 -2.964763311292675200e+17 -1.039167102539284712e+26 -5.037299646929438533e+25 2.698678995499803840e+17 -9.434066473810585043e+26 -4.447766612296266243e+27 3.101908851056512000e+17 -1.212951276177784293e+25 -1.057028317110448759e+25 2.383408289131866880e+17 5.000555151162440328e+26 -4.785466522570423742e+27 -2.452907835821469120e+17 1.919527005696839866e+25 -3.794546230934223139e+25 -5.170008232570112000e+17 -3.562560362704506007e+24 -2.672384122570034673e+25 6.605573988268720640e+17 6.258902280580564683e+25 2.710529760690016267e+25 -5.353754104638022400e+16 6.192415296335501930e+24 -2.080555856594987431e+25 4.493813335028892800e+17 3.035376156844069355e+25 -2.244131785151584546e+25 -1.307381272486912000e+18 -1.953999531003537416e+25 -2.120116548384254470e+25 1.377746060536759808e+18 1.003199775390137419e+27 -1.745895933654858625e+26 -8.001800315851912000e+16 -9.036162141016597434e+26 -1.700981342280226237e+25 4.086527088600173440e+17 -5.653044114075935198e+25 9.411857111862879806e+24 4.745969647912917760e+17 8.645108650091880969e+26 -1.345339035138162911e+27 1.347079094621628160e+18 -3.703702458988282945e+25 5.836158131367595366e+24 9.884101265183029760e+17 -9.942685347523032445e+26 -1.273787320810432969e+27 5.390434233853115520e+17 -1.292220037804359813e+26 -3.106719075982316910e+27 -1.022685044844314368e+18
4.195391831199783040e+17 2.239904682839505280e+17 3.277608044185731792e+25 8.161244792846762240e+17 2.716815983854591360e+17 1.252328067311204528e+26 1.406075773409167040e+17 5.116875294415010560e+17 1.252182681002679596e+26 -7.780173511176275200e+17 4.404394703784887040e+17 6.089026207338755790e+27 -5.235883489377937920e+17 -1.881583182429157120e+17 1.107414511784498590e+25 -6.688929739025176320e+17 -7.798973432231064000e+16 4.750022084847342977e+25 -8.787908881230012800e+16 -9.689916376860473600e+16 1.101136539481371915e+25 2.861737669107539200e+17 2.875249124351139200e+17 -1.326604854431864521e+26 1.314756612996926560e+17 5.552649665047892480e+17 1.733379956743710882e+25 1.427706694058224000e+17 4.162234368009195520e+17 -1.694959561586866523e+24 -6.278656189648012800e+17 -1.145987728746135552e+18 -4.685500042089467692e+25 -5.821324635218852800e+16 -8.592367432953432320e+17 -1.528497970560540539e+24 -3.460247429205555200e+17 -3.801482431731342080e+17 1.122681892891955838e+25 1.792889552322871360e+17 1.066736262113153152e+18 1.726459432023998284e+25 1.750448229892322560e+17 1.046789246704341600e+17 3.800223862046916366e+25 3.423094295192208640e+17 6.221582980919795200e+17 4.771497269901264890e+25 -7.831862825756352000e+16 9.174384126862877440e+17 -4.731914714905130049e+27 -4.195885420242822400e+17 3.738358526423130880e+17 -1.338098162300223047e+26 5.154687828718876800e+17 -1.535294188969560960e+17 -4.730984932927299323e+27 -3.427554049277632000e+17 -1.539437371435738240e+17 3.770229633575898120e+25 -4.167767486675356160e+17 -1.109567184754507392e+18 -4.524339355059355760e+25 3.823606081775916800e+17 7.023365041769999360e+17 9.880561579967939471e+26 5.940426233838881280e+17 1.614135752637299200e+16 9.030666124034765444e+24 -5.507370411042065920e+17 3.216289502396167040e+17 9.922907534647794847e+26 5.137841068177585920e+17 -2.121314561417562112e+18 -2.734497292941534203e+25 -7.872847761835009280e+17 5.358776053598261760e+17 -6.194047128402843876e+24 -1.289574753581272832e+18 1.407607828584644864e+18 2.836078535389347271e+25 -2.821951291480498176e+18 -9.473758765862005760e+17 -6.728829141257828277e+24 3.493943421751375360e+17 2.449153755260962304e+18 3.884823556521420218e+24 -1.078536625392973056e+18 3.441129152537905280e+17 -2.724901994946202780e+25 3.465525277044023040e+17 1.791119839609613824e+18 1.372067740652699634e+27 1.566952471356670464e+18 -8.652921309223372800e+17 1.372089038793888626e+27 -8.706231627831365120e+17 2.099834828035475968e+18 2.390426143023641201e+25 -1.879789386688517376e+18 -7.428503668254599680e+17 1.019343019293024030e+27 5.478112938316896000e+17 -6.309222632586790400e+17 1.036771758898797031e+25 -4.406322951369804000e+16 1.616879853805568000e+15 1.007380584913579502e+27 6.793655407467951360e+17 -3.284809065127462400e+17 -4.686605963273580179e+26
-1.194479810675522369e+28 4.674578004008746457e+27 -2.576825686678736000e+17 -3.516744879085714379e+26 1.311148680147492042e+27 5.981506342791242240e+17 1.149132941571451271e+26 9.426294102497718796e+25 4.101206587281360640e+17 3.003705235329302820e+26 -1.837763343086986556e+26 -5.235883489377937920e+17 5.588559420566526439e+28 4.268055996058854443e+27 2.603276405931272960e+17 -1.887458323524081383e+27 -4.077387016674614400e+27 -2.573453750298597760e+17 -7.985347375102289380e+27 -1.420568934292885624e+27 -2.789495210232329280e+17 -9.732043225895000545e+26 -1.733138982990149868e+26 9.080383259011372800e+17 -2.220160361491410783e+28 -2.547323136731812599e+27 -5.677190574099725440e+17 -6.838550720107491909e+27 -3.044444738131709789e+27 -6.080143352273259520e+17 8.585632849670920656e+26 7.324325252173970268e+26 3.420793395601818880e+17 -3.918090443966968486e+27 -1.081822023195513604e+27 3.151165490695736320e+17 2.929082312465469570e+26 -8.097223578999323655e+26 -4.492759030851369600e+16 6.635930271036129279e+26 -4.519912400776441767e+26 -3.419266209537104640e+17 2.022070838092024216e+26 2.163758990201866994e+26 5.607297290292091200e+16 -7.663347713244194213e+26 1.743605166525218662e+26 8.968668256780528000e+16 -2.369955235964321712e+25 -3.474267003933834274e+26 3.714831555956768000e+17 -3.739677599382497758e+26 -5.800398943335337245e+26 6.619028280354080000e+16 -8.138989280630772039e+26 -7.313023068431604684e+25 -1.435527992281919680e+17 7.361009310648385289e+26 6.576631118525949057e+26 -3.443387479450432000e+17 3.821793793435477265e+26 -4.767877395040154474e+26 -1.512054211450104960e+17 -2.087073712864956035e+26 1.585681517226383190e+26 -1.475460136279114560e+17 3.455271633736382797e+26 3.536804725428471744e+26 5.735394267057219840e+17 1.762709341367402989e+26 8.574989073788961174e+25 1.995742746355411840e+17 -4.328630234895509809e+27 -1.513411947431373402e+27 -9.389517099297326400e+16 2.398290255467056579e+27 4.636473179790731903e+27 -1.064941421157719808e+18 4.118710486435189945e+24 5.891743555126933305e+25 1.099081623350037760e+18 -1.444771393357475310e+27 7.460164178949994725e+26 -3.772609137563365120e+17 1.146903391410039421e+25 -3.133119568012117377e+24 -1.707365727532123136e+18 -1.436172700593710980e+26 8.324187012140302028e+25 -1.498543809094738176e+18 -5.196514009264930446e+25 -1.779137292758107268e+25 2.617412164388228800e+16 2.610018823483949492e+25 1.122675597588058989e+25 -2.131553999022035456e+18 7.411225560330310315e+24 -3.969626056056047072e+25 -1.013212698231540352e+18 2.299623901028002619e+24 -1.553706820332386609e+25 9.771266366884994560e+17 6.836672867256671405e+25 2.953973904960316710e+24 6.965737651752629760e+17 -9.280986153254503223e+24 6.244855740776116373e+24 -1.308606469437734912e+18 1.977985378819666767e+26 6.489876033077609491e+26 9.387750296701683200e+17
6.926705474350597391e+27 -1.326613988035128517e+28 2.657682796464250240e+17 2.206210693616538749e+26 8.944311165856474387e+26 3.106319215122372480e+17 7.958321495571598267e+25 3.540955595262032408e+26 3.518735055556922240e+17 -9.793215940816922139e+25 3.561159079366468353e+24 -1.881583182429157120e+17 4.268055996058854443e+27 4.189118889159116628e+28 -2.376249139106730560e+17 -2.733643182734743599e+27 -1.161785875871700258e+27 5.545616359437408640e+17 2.356938232635807171e+27 8.289373461519427453e+26 1.978148256694283200e+17 -2.078233557854801246e+26 -7.663592066535988304e+26 1.693589422740541440e+17 -4.775345136419274089e+27 -8.799171487542254396e+27 3.538027992732800000e+13 -2.360011191786463424e+27 -1.722536388991390269e+28 5.021911523466150400e+17 1.532067687182015942e+26 -2.551343831776446692e+26 1.852327926438696640e+17 -4.370380062304899937e+27 -8.006270061549216122e+25 1.912318184433843520e+17 -3.435137817462288716e+25 -1.173931780469035179e+26 6.204000603087608800e+16 -1.556034789081975940e+27 5.374581922579546167e+26 2.641457391223013120e+17 -3.543869709207520199e+26 5.129032059826826619e+26 2.399031442423004800e+17 2.075113815124785013e+26 -9.731068625609580131e+26 2.052500810448553920e+17 3.208317425060766919e+26 -2.611460942940622993e+26 7.240064138825238400e+16 3.185012594781558356e+26 -3.466077612736937198e+26 4.336620816077227200e+16 -7.319421725157915888e+25 -2.639518504063497412e+26 -2.263784922425831040e+17 1.006269429246597329e+26 2.241817472516111555e+26 3.989077969419114880e+17 -2.004672450804499855e+26 2.599699126808724815e+26 -1.287009483515678560e+17 -1.906621434201212382e+26 1.773840691855862998e+26 -1.594021646269660160e+17 -1.948456233012593475e+26 -2.623421284121204692e+26 3.716365632071085440e+17 2.108209587170710771e+26 1.619680662280840441e+26 2.302167170815852160e+17 6.577525091119935092e+27 1.943479663412503696e+27 5.613355438431594880e+17 -2.433526120640037620e+27 -2.244371967688590502e+27 -9.603346919252403200e+17 -1.030294370639562088e+26 2.150283460071969358e+25 5.612603028502048000e+17 1.542756889413355635e+26 -4.447987259330255345e+26 6.406289226885322240e+17 5.334308838217766119e+25 -1.569071713648853261e+26 5.488138062269153280e+17 -5.279568509396504901e+26 1.834945874188717257e+26 1.353629046274365920e+17 -3.065881096745445422e+25 4.386494134138858639e+25 7.690583612667920640e+17 2.307199522312161482e+25 -8.989722870472846191e+24 5.489736833057191680e+17 3.046413510004809499e+24 1.422434223045010929e+25 2.836710628495203840e+17 -1.566608367222475172e+25 9.871463256775990536e+24 1.271142907768668928e+18 -1.144573585538695155e+25 4.727899217660200415e+24 1.151519983703744256e+18 2.032215031299506447e+25 -3.086373186509493554e+22 -7.467234650459351040e+17 2.394092390125008834e+26 -6.485243386451467359e+26 -3.187324447730022912e+18
-4.589587791070115840e+17 -3.787878236956540800e+17 -4.732481206205072371e+27 -3.653191090160340480e+17 -2.151501818364603520e+17 -1.325730212409010089e+26 -2.443570775568589440e+17 4.188539882181884800e+17 4.763925649007468075e+25 7.261570855947329280e+17 4.294959641072746240e+17 1.107414511784498590e+25 2.603276405931272960e+17 -2.376249139106730560e+17 1.171201544265172859e+28 1.313321006886192640e+18 -7.384370786412832000e+16 4.346577679475249766e+26 -5.035572056796218880e+17 1.009135532386830080e+17 9.222571212684528529e+24 6.663856857541450240e+17 1.785538666792313280e+17 -3.720022564941221358e+25 2.801290123600585200e+16 5.839329176238163200e+16 -4.022645768766453752e+27 -4.717679477157684800e+16 -7.574274331394648320e+17 -4.782135999423610769e+27 -7.296198798623163200e+16 -6.498542686488911360e+17 4.939616456370896939e+26 1.679254581264841280e+17 -3.770731645916514560e+17 6.220156852913811121e+26 -1.910840376601713280e+17 5.430509279817849600e+17 -4.114996749546916822e+25 4.178279094851319040e+17 2.299459774205629760e+17 3.699411894066630558e+26 -1.070609459470912640e+17 -2.995238017513587840e+17 7.957144696899422137e+23 -4.508587625655527680e+17 1.935939547890513920e+17 -3.719949053986697501e+25 -7.773100713172928000e+16 -4.830965444807306240e+17 4.464923365970436141e+24 -3.003314435697309440e+17 2.914558355612554240e+17 2.626802145742156696e+25 -2.139585811045456640e+17 -4.400894764203960320e+17 -1.797023627554554009e+25 2.469316048237807040e+17 6.361059833884560000e+15 2.533835109677726901e+24 -6.413642092460682400e+16 -4.398952443669669760e+17 -2.650892980751915848e+25 -3.140578280277335040e+17 8.624501547196572800e+16 3.187498272263337509e+24 2.649674289593040960e+17 2.144778467181767680e+17 1.031775991886489851e+25 7.401763289164668160e+17 8.503576989770923200e+16 -2.569043538325578476e+24 2.030881172759473152e+18 -2.248189870143448576e+18 1.230492802000903155e+26 -5.280244588294150400e+16 -5.993676047347745280e+17 -4.467897096601309577e+26 -2.716234545741363520e+17 -9.286103811812239360e+17 -3.520691852898921362e+24 7.142799889004480000e+17 1.396527898754207744e+18 1.880073807241601361e+27 -6.987050534039454720e+17 1.683363433862513280e+17 -2.200136558617215024e+26 1.651318756788966400e+18 -1.671598381972552192e+18 3.093267149260075002e+26 1.239905879900588288e+18 -2.122365184558599040e+17 3.711559733909853155e+25 8.845215343153626880e+17 -1.521548298049689856e+18 8.294108482479144141e+24 1.935838138340682240e+18 1.214300189071192576e+18 1.097949340071448724e+25 -4.518075268040447360e+17 -3.745079838595065600e+17 -3.833795380160716270e+24 -3.621025198563807360e+17 1.161600576542462976e+18 -4.018073461420688500e+25 8.157731067708513280e+17 -8.948797144496371200e+16 -4.418031861301789199e+24 -8.727266996700572160e+17 1.622209636782230016e+18 -6.786598039101038383e+24
1.043306819460246034e+27 7.334538636057056905e+25 3.751222221813204480e+17 -1.202911755150039447e+28 6.950951176375209640e+27 -6.194050029307125760e+17 -2.312612140612115897e+25 -6.409368406884088098e+25 -3.308125538966423040e+17 3.699805826308224804e+26 5.269302276614937132e+25 -6.688929739025176320e+17 -1.887458323524081383e+27 -2.733643182734743599e+27 1.313321006886192640e+18 4.300502184089617059e+28 5.615196790714992675e+27 -1.772257657335064640e+17 -8.111170948272273861e+26 -2.250654722884043195e+26 -3.771511645155773440e+17 8.293334034870042567e+26 1.421314786287867736e+27 1.007699462336978560e+17 -9.740913365329510586e+27 -6.131067109765012366e+27 -3.066887872953507200e+16 -1.402305855959712615e+26 2.581975081084268242e+26 4.872285774507424000e+17 -1.769866248373937694e+28 -1.177804584828762601e+27 -3.225101208669304320e+17 -2.119241593852668463e+26 1.677184153941664026e+25 -3.401941046706716160e+17 -6.995196343163907523e+26 -4.715888938655103030e+27 1.394246983983906880e+17 4.990626226670555736e+26 -3.846231790697420555e+26 1.203236246091124960e+17 3.291280792232066849e+26 -1.521316047575115963e+27 -1.416687042890719200e+16 -2.611084222028213222e+26 3.474334219696377564e+26 -2.051833157057409200e+16 -9.326047170765695636e+26 2.253500793690172957e+26 -5.301178169840464000e+15 -2.862592619812017209e+26 -1.285101700651333888e+26 -4.311284809526821120e+17 -3.739792304060898178e+26 3.187096601766063274e+26 -1.230073247678121280e+17 3.062924308646974870e+26 1.465230170677224355e+26 3.121159568612847360e+17 1.698672107278835027e+26 -2.309986113980263658e+26 8.290168561562320000e+16 1.839814092879641456e+26 -1.814436537621854588e+26 -3.542359710360462080e+17 1.908542250754224764e+26 2.127003874054048660e+26 -5.137055550554585600e+17 -2.347134776553631279e+26 -1.324883483459800643e+26 1.213433640960419200e+17 2.414726496936803432e+27 5.857968221100880218e+27 -1.539381886869435840e+17 -1.516788390187236601e+25 -9.315068815491583771e+25 1.045263457738560768e+18 -1.953369593075204165e+27 -1.967429240055958978e+27 -1.755138023213342720e+17 -1.196316712605956919e+26 8.012820197249683458e+25 4.907241500102299520e+17 -3.747558356819668483e+26 2.629445211140990302e+25 1.056101308462190464e+18 2.078331835244801665e+25 -4.252654860012356470e+25 1.008937845755912576e+18 1.207060946171575479e+26 -5.543216359821410517e+26 1.099169749485169792e+18 2.377451929952867668e+24 2.725829439096184673e+25 6.880937752619811840e+17 -1.568632161015374042e+24 -1.438469904554576252e+25 1.050313103743750656e+18 2.431601787394710934e+25 9.334874368779139439e+24 -3.995058417243948800e+16 9.315785114503702995e+24 7.706373087929720826e+24 -7.675582569960652800e+17 -1.334702608373035334e+25 2.733534987266793067e+24 1.838794716068282368e+18 -5.468238472338520060e+26 3.226757189230459300e+26 -6.069716360784221440e+17
1.164217199399825752e+27 -4.998788283489841499e+26 -3.672532543725624960e+17 4.694993414674767866e+27 -1.321776323624091742e+28 4.091877479705915520e+17 -1.492098879856411938e+26 3.252995731753221882e+26 -1.132447832518988160e+18 6.920602478277206088e+25 9.745975548288888181e+25 -7.798973432231064000e+16 -4.077387016674614400e+27 -1.161785875871700258e+27 -7.384370786412832000e+16 5.615196790714992675e+27 5.495246347858404646e+28 5.507328305513484160e+17 -1.928108769067738883e+26 -9.324818136969810392e+26 -2.808091676686851520e+17 -2.356969572357379971e+27 -7.983577230389890660e+27 3.418666076266130560e+17 -3.900025822109725424e+27 -2.133458813824512693e+28 3.178984777044065280e+17 8.430095632610770469e+26 7.526580021117584573e+26 -1.252633778255952320e+17 -1.859258158946486119e+27 -6.378939400641154048e+27 -4.153524377754571200e+16 -7.636521821855753885e+26 3.723882542027883435e+26 -2.429629211956863360e+17 -1.427396425636885042e+27 -3.292094990599133595e+27 1.605133969747528320e+17 1.864832767274083637e+26 2.171367721581739538e+26 5.088705585857285120e+17 -4.180823680012138487e+26 8.678332588580949505e+26 -1.165502667314304000e+17 -3.207575644824349789e+26 -2.255743650096010501e+25 5.424524848555706880e+17 1.917111411434788645e+26 -8.109791307814206599e+26 -1.802327778467437440e+17 -1.285979637809907742e+26 -7.939393185092368466e+26 2.041113322800605440e+17 -5.799298764337274407e+26 -3.466954547683149921e+26 1.994457530157194240e+17 7.057779126440433451e+26 6.513423597589177681e+26 5.039330295129721600e+17 1.196435696122266842e+26 -1.996393002910512119e+26 -1.104214021017352960e+17 -4.506323084557274005e+26 4.499678121294017543e+26 8.794421320245766400e+16 8.488768997017198316e+25 1.423060456671141123e+26 -2.760653043309500800e+17 4.105390209756548355e+26 3.244117445174060744e+26 -1.694200453062531200e+17 -2.224684699881481635e+27 -4.824619707821603559e+27 1.655385029134208512e+18 4.473531930650183948e+25 -2.832576533811943765e+24 -3.241645877027996160e+17 5.092687781950343443e+27 2.147858232781488983e+27 -6.352752113623685120e+17 3.413439288096637346e+25 1.186438543103073937e+25 8.314433291043857920e+17 6.186335335095345548e+26 -1.576447470118422092e+27 -3.681945975213603200e+16 -3.092251588869401100e+25 -4.141529407095049355e+25 8.570045174028185600e+17 6.668179611223501505e+25 -8.295942090641618096e+25 -6.290711861336797600e+16 1.355948844886669973e+25 1.394837260052281342e+25 9.688209600161040640e+17 -1.769625721404835386e+25 -1.644234176110822146e+24 -7.011726630488704000e+16 -4.660172261575708025e+25 9.275496330854719824e+24 6.583667300683928320e+17 5.162446954547334758e+24 -6.024507780860981142e+24 1.054717605978779264e+18 3.817207399110456498e+25 5.060539242688177790e+25 -8.014055474674406400e+17 7.278599142115592920e+26 9.208334643027378678e+25 -1.381815877089471744e+18
5.301935267697741440e+17 3.255946720708193280e+17 -1.338459824141339211e+26 6.840889047913583360e+17 1.264236968563061440e+17 -4.730382260394989343e+27 -8.962343946424561600e+16 1.107974833334154624e+18 1.102807865883970994e+25 -3.841475641538232800e+16 -1.882460604213282560e+17 4.750022084847342977e+25 -2.573453750298597760e+17 5.545616359437408640e+17 4.346577679475249766e+26 -1.772257657335064640e+17 5.507328305513484160e+17 1.172912798737166229e+28 1.145478319223948960e+17 1.851664140044238400e+16 -3.744390421329582141e+25 -7.281270627952406400e+16 4.781649859179676800e+17 9.029033595307158103e+24 -1.184219971157992960e+17 1.462742795834576320e+17 -4.036863665362441271e+27 1.773203600343788160e+17 3.325480166911204480e+17 4.973976710205503381e+26 -2.099390762007464960e+17 -5.181109696914256000e+16 -4.786493582762910401e+27 1.588505954906401600e+17 4.094365194148325120e+17 -4.373599976337405925e+25 -1.678443106395874560e+17 1.929529928418295360e+17 6.269335766014161586e+26 4.156292325341491840e+17 -1.309404390648239360e+17 1.075170039406089216e+24 -1.321285159520066240e+17 -7.236857296243680000e+14 3.691090311838111049e+26 -4.792208460433332480e+17 1.167465186759081280e+17 4.446265600587169433e+24 -2.441595780293733440e+17 -1.908559419624243520e+17 -3.743479750067226697e+25 4.308207513163105280e+17 -1.768407458770429440e+17 -1.798356451992785091e+25 1.902150577139030400e+17 -1.017115908391849280e+17 2.629620782048194297e+25 -9.961846770982528000e+15 1.540353582169143040e+17 2.403280864168786390e+24 3.057457549830401920e+17 5.097258547625712640e+17 2.464858658539180273e+24 2.530616916037191360e+17 -3.404406580897246720e+17 -2.817569752454641941e+25 1.296301760543062240e+17 -1.009740999587924960e+17 -1.302553881956925829e+24 -1.632552457501951360e+17 -3.342859389606780160e+17 1.035871755838610210e+25 -1.589383627817696768e+18 1.848160157935754240e+18 1.221134903109318708e+26 6.646918785844528000e+15 2.840404070882214400e+16 -1.739881899014307873e+25 -4.071942755220003840e+17 1.367072467720950784e+18 -4.330803498688244070e+26 8.166366649389888000e+17 1.020969217574139904e+18 -2.116824524177120509e+26 -5.278212069848492800e+17 7.741951935626004480e+17 1.864879308461252785e+27 1.497574420123365120e+17 1.010193029307075840e+18 3.716357066781221250e+25 3.308815115716713600e+17 7.015972804593241600e+17 3.067581374904313883e+26 1.683517816091063552e+18 -5.915011601814297600e+17 7.959794958988406539e+24 -8.421631908489550080e+17 4.114458388152654080e+17 -4.288256404099572286e+23 4.005260168728508800e+17 7.644898815679731200e+17 1.354084047237952337e+25 2.424696570606161600e+17 -2.127192275751849280e+17 -7.708962019283246214e+24 -7.496391783102897920e+17 1.247511189213180672e+18 -4.192322088249086319e+25 -3.479675510875137280e+17 -2.338356841152827392e+18 -6.568980803766749936e+24
-1.322171317679604219e+28 -4.698224803887446048e+27 2.802412788864911360e+17 9.742207963498394385e+25 -6.888855169301704101e+25 9.686448790033726720e+17 -5.001718475937058320e+26 -1.163491004896684464e+27 -6.238088860162206720e+17 3.256188067966081580e+26 1.490081796501539742e+26 -8.787908881230012800e+16 -7.985347375102289380e+27 2.356938232635807171e+27 -5.035572056796218880e+17 -8.111170948272273861e+26 -1.928108769067738883e+26 1.145478319223948960e+17 5.494678233860486489e+28 -5.612164724524897929e+27 6.154879291873515520e+17 -3.467498590042191928e+26 5.800232890736398955e+26 2.926645873302653440e+17 8.687716422629038939e+26 4.194185669533728912e+26 -2.960364634482113280e+17 -3.290793521355613992e+27 1.427924452351502067e+27 -4.331856709153378560e+17 4.497304585322494684e+26 4.510187536228730122e+26 -3.159040022802206720e+17 -6.379089898486126842e+27 1.856169002741192511e+27 -3.221516949668086400e+17 3.246105348370778757e+26 -4.108462737513551232e+26 -3.686120916636346880e+17 -2.132708452849844821e+28 3.902011946102453743e+27 7.004709256458688000e+15 6.512394676185874510e+26 -7.060392794186423235e+26 -1.805984427511014400e+16 -1.160439429369583096e+27 4.076710387470855010e+27 4.403567977710840320e+17 -7.940301573024400388e+26 1.285378107496225460e+26 -5.443593866060773760e+17 -9.323819727965764088e+26 1.918428502465415203e+26 -4.638373872365253760e+17 -2.332478891044298637e+25 3.209505181192386426e+26 -5.790104039356825600e+16 2.177696277300482236e+26 -1.858002699687487374e+26 1.625662541102773760e+17 7.527033994915707186e+26 -8.432269115362955909e+26 1.622817454108640640e+17 1.421586691792012434e+26 -8.484638234418798329e+25 7.682445445354592000e+16 3.720388551030113844e+26 7.638432819650450421e+26 1.009312044076614400e+17 -1.995572191705251922e+26 -1.196051278786406625e+26 -3.908054322165809600e+16 -8.325939155134223696e+25 -6.662111122594000965e+25 3.923555266425582080e+17 -1.576944555486247163e+27 -6.184539973141283911e+26 6.267829772097329920e+17 9.300154354743237226e+24 4.657121329732697617e+25 -4.858879803389343360e+17 2.147750139838644336e+27 -5.092487357891449353e+27 -9.188965243057968000e+16 5.058151964967449975e+25 -3.810035344071577827e+25 -2.444563726874074560e+17 -4.821892933269448803e+27 2.227393644608898117e+27 -1.047111732907494144e+18 1.393520148883808208e+25 -1.353663889963515217e+25 -2.745174498042196800e+17 -4.141086418436300759e+25 3.091333028492108832e+25 2.818882612185230080e+17 -2.900566896039707068e+24 -4.470398388165041768e+25 -7.236153428124492800e+17 -6.035811749276304500e+24 -5.223004827731580080e+24 -6.646839216241054720e+17 1.198855688093742352e+25 -3.428506754181652803e+25 -6.804842933824837120e+17 -1.659112598313547472e+24 1.767769350980453249e+25 -2.310662263283218432e+18 9.221721066074327118e+25 -7.279088191566032764e+26 1.572175841074510848e+18
-6.953590823860429834e+27 -1.203014139129861298e+28 -3.636936319430256000e+17 -5.280114646076118923e+25 3.697326732084337635e+26 -3.450559810392520000e+16 -7.329597046429686230e+25 1.043014364562281815e+27 -3.324567406004473600e+16 6.413639323918314461e+25 -2.320943324462329685e+25 -9.689916376860473600e+16 -1.420568934292885624e+27 8.289373461519427453e+26 1.009135532386830080e+17 -2.250654722884043195e+26 -9.324818136969810392e+26 1.851664140044238400e+16 -5.612164724524897929e+27 4.300152941212671853e+28 -2.869150048713947200e+17 -3.186213435443841485e+26 -3.738128979448537414e+26 -1.162581071409750720e+17 1.521054819454213927e+27 3.297123656072596675e+26 6.827552672857756800e+16 4.715326050379296652e+27 -7.002790693064326968e+26 1.641019023849475520e+17 1.804756244999090364e+26 1.839151606711242306e+26 -1.643296864114935040e+17 1.174771202093280711e+27 -1.769103999937618947e+28 -1.537407168575362240e+17 1.325009381442356483e+26 -2.346055977972409964e+26 -1.302530107619241920e+17 6.133102547268833241e+27 -9.744944961811478286e+27 -1.764451188351936960e+17 -1.462951997713869476e+26 3.062393210714006608e+26 4.084638294827276800e+16 2.733024272684401671e+27 -1.887550863381198399e+27 -1.063058594768272000e+16 1.283831463553491098e+26 -2.862885565602755809e+26 2.374115548274086400e+16 2.249935228188280729e+26 -8.109961698752623183e+26 -4.998328730041728000e+17 -3.474859417318681727e+26 -2.611765196199459280e+26 6.560110709505697280e+17 3.844992867456097953e+26 4.991956572158716104e+26 -3.288774377932976640e+17 -2.581915808081795096e+26 -1.405168200273569963e+26 -1.814996489662807040e+17 -2.126138029211233144e+26 1.908441094069114305e+26 -4.041520802023688320e+17 -1.754692103826425997e+25 -2.118230470885113125e+26 -3.232157735324877440e+17 2.309466742931603199e+26 1.698251856289759802e+26 -2.768776976916429120e+17 5.543697065984925948e+26 1.208588390513211775e+26 -7.883215850149158400e+17 -2.597671066203607417e+25 -3.746560383419604920e+26 -1.041558814433057792e+18 -9.372864528037603707e+24 2.433692889138469775e+25 -9.904542055691822080e+17 1.966595412267544782e+27 -1.951948725746642872e+27 6.400398219033523200e+16 -2.753392913438122908e+24 -1.335493547105601473e+25 8.263192463561689600e+16 -5.854570145853774923e+27 2.417092271095878139e+27 4.596223784861716480e+17 -2.728206355989010959e+25 2.383944330838036770e+24 -4.811360913486112000e+15 4.249277752981483337e+25 2.079000493188915941e+25 4.433759830419932160e+17 9.321349367514615111e+25 -1.506191149044234278e+25 -6.726371445263371520e+17 -7.814469481200504996e+24 9.182830456534387774e+24 -6.164466954207576320e+17 -8.024205232518117911e+25 -1.194817671226208540e+26 -1.002971450084716800e+16 1.439658281709122255e+25 -1.526376695999967716e+24 -8.456578345714846720e+17 -3.224584734582576642e+26 -5.461604152897076006e+26 2.587441869200731648e+18
5.655554167883676800e+17 -4.281612751618200000e+16 -4.730305910246791518e+27 -7.378182128112350720e+17 -4.886080525023073280e+17 4.747299814664458200e+25 -1.323226520496561760e+17 4.865944313745605120e+17 -1.337522596381992023e+26 6.055107697915761600e+16 -3.651451527800389760e+17 1.101136539481371915e+25 -2.789495210232329280e+17 1.978148256694283200e+17 9.222571212684528529e+24 -3.771511645155773440e+17 -2.808091676686851520e+17 -3.744390421329582141e+25 6.154879291873515520e+17 -2.869150048713947200e+17 1.172992339498536889e+28 -2.388627589049777600e+17 1.461065881656408320e+17 2.627959085434648600e+25 1.847608071017951680e+17 -1.052766798549544160e+17 3.691589158895132745e+26 1.174542099452896960e+17 4.442623872301849600e+16 6.268027240702172326e+26 1.062723402752241440e+17 -6.316144799664175360e+17 -2.814368410770802929e+25 -6.078895488235175680e+17 1.396664344676030880e+17 -4.786568720872128394e+27 2.234617344912725440e+17 -6.003936135443240000e+14 1.035342800644043607e+25 -5.482312785782316000e+16 1.043077870372526240e+17 -4.037252776306376001e+27 3.474396990166496000e+16 1.594750167651309440e+17 2.402566556593689849e+24 1.136027325636722560e+17 -1.381679629544756000e+17 4.344949120239762818e+26 -4.107187377199974400e+17 2.856069961929429600e+16 -1.799565917011326991e+25 2.553344265122981440e+17 -5.684295500448551680e+17 -3.743552741017119291e+25 -3.412651248923582400e+16 -1.652669666591931520e+17 4.462930650234589469e+24 2.457491435779798080e+17 2.523711010151956800e+17 1.082423056114707136e+24 6.079433999564064000e+16 1.773830821524059520e+17 4.973892567490786823e+26 6.822503914227963200e+16 -1.368486630022979520e+17 -1.294767643576141410e+24 -4.318215534714830720e+17 -4.635138341320448000e+16 -4.376791636979768494e+25 -3.352047548009170560e+17 4.409024637084882560e+17 2.457682456661405643e+24 -1.598508642385394560e+17 -5.917681418327994880e+17 3.066968867476217058e+26 -2.824109639411612480e+17 2.275598646948339200e+17 1.864909505832162382e+27 -2.167181521731674880e+17 8.638821314956483840e+17 1.354275060403683070e+25 1.106618753579128832e+18 -9.714657369332193280e+17 -4.335474878737615692e+26 1.123005613749652224e+18 -1.711321090316864960e+17 -4.194941315015276916e+25 -3.326284478339930240e+17 1.056218914860312704e+18 1.212951187653574865e+26 1.232991719420761600e+17 -1.097784889381655552e+18 8.007370276003918303e+24 -1.323548153022192000e+16 1.439584820943253248e+18 3.709161569710903564e+25 1.615654975027373120e+17 1.192588148218009344e+18 -1.734924156887930707e+25 -2.825164822652167680e+17 -1.899294841494190720e+17 -7.702977182563412275e+24 9.766057918480564480e+17 -6.210373444547759360e+17 -2.116683728707392161e+26 1.243658184221180160e+18 9.516810615621949440e+17 -4.291941079834687439e+23 -1.674801992484640000e+17 1.329524936712249344e+18 -6.584728486243454983e+24
3.542682834623743618e+26 -7.952273071700074108e+25 7.296448535570065920e+17 -1.326664015772686860e+28 -6.927915438740882260e+27 -4.865363282304269440e+17 3.654110791317081630e+24 9.781561770602696119e+25 5.204741830800775680e+17 8.946073581886368913e+26 -2.206554135549646127e+26 2.861737669107539200e+17 -9.732043225895000545e+26 -2.078233557854801246e+26 6.663856857541450240e+17 8.293334034870042567e+26 -2.356969572357379971e+27 -7.281270627952406400e+16 -3.467498590042191928e+26 -3.186213435443841485e+26 -2.388627589049777600e+17 4.190582626779667575e+28 -4.268949806966598421e+27 2.388612469434201280e+17 5.367767302740358904e+26 1.556159820872134066e+27 4.009000784297874400e+16 2.600264556700580599e+26 2.005093943611414616e+26 1.093682053598489280e+17 -8.033289494593348605e+25 4.371333576789534083e+27 5.709820648149891200e+16 -2.623760317310294998e+26 1.939272266445459083e+26 6.725625586238396800e+16 -1.723972885811134237e+28 2.364661674925184604e+27 6.621119317039879680e+17 2.241776682420176079e+26 -1.007329752714813352e+26 -2.433602016350810240e+17 -8.796410708832202169e+27 4.773083717865053084e+27 3.953558686242410240e+17 -2.638356352782114984e+26 7.323850656931337379e+25 2.203410511382296000e+16 -1.161312134658321729e+27 2.733635765077998761e+27 -2.482959741562800000e+17 -2.611210294663884829e+26 -3.207311693588760364e+26 -1.782137805729855360e+17 -7.663896017607716502e+26 2.078006374397920565e+26 -8.012214922445020800e+16 5.127735639085062358e+26 3.545768490058872162e+26 1.513038754627953280e+17 1.619920210543731278e+26 -2.108122783382354607e+26 -1.629448513755248320e+17 -2.548039503304755790e+26 -1.542651033471266328e+26 -4.881434679060951680e+17 1.773770912597734790e+26 1.907110066704329844e+26 5.014038898014098560e+17 -1.175894634693346836e+26 3.429420791939801066e+25 1.355721171508477920e+17 1.830686936490332556e+26 5.281706322381771402e+26 1.709626336228065920e+17 1.422337373523622874e+25 -3.042962591287477910e+24 1.819166640135075584e+18 -4.446070087423346771e+26 -1.541674100519088495e+26 -1.623187943059808000e+17 4.640458006264424333e+24 1.137961711575539256e+25 8.544083443244624640e+17 -2.247916510011616717e+27 2.434089167310231804e+27 -1.009819170624432512e+18 -8.999485309328560461e+24 -2.307097129806720312e+25 1.142486005710973056e+18 1.941066313815148918e+27 -6.580517365412691182e+27 9.921554486329117440e+17 4.383441834689584713e+25 3.063555757900701814e+25 -5.666392300168501120e+17 -6.518308896313857540e+22 -2.029949572335477450e+25 1.044432268632931840e+18 2.139276783216009860e+25 1.029191354373369793e+26 -3.700790157948288000e+16 9.959458157181401551e+24 1.558476007821649666e+25 -1.619962331252163840e+17 -1.569774067302108224e+26 -5.329896385822847331e+25 2.538764007907847360e+17 -6.491965179957086735e+26 -2.396159573668700081e+26 -1.530296678950937344e+18
-9.463913575482391905e+25 1.150399109520734868e+26 2.247442340136705920e+17 -4.674856566146358836e+27 -1.194671321256076016e+28 -5.454361748089830400e+17 1.839416311607904029e+26 2.999327743821422514e+26 5.830787862702096640e+17 -1.311713373390491248e+27 -3.512067531272054197e+26 2.875249124351139200e+17 -1.733138982990149868e+26 -7.663592066535988304e+26 1.785538666792313280e+17 1.421314786287867736e+27 -7.983577230389890660e+27 4.781649859179676800e+17 5.800232890736398955e+26 -3.738128979448537414e+26 1.461065881656408320e+17 -4.268949806966598421e+27 5.589587286517521060e+28 -4.203648640944562560e+17 4.506008158198053156e+26 6.629421393411057382e+26 -4.271967631559549440e+17 4.764647015476499217e+26 3.820291740258707001e+26 4.123789089123681280e+17 1.081913416077548779e+27 -3.918876952142003016e+27 4.567099427325873920e+17 -3.533187245079851827e+26 3.450996131415150368e+26 -9.025869022061526400e+16 3.049645795324626800e+27 -6.839044686608157865e+27 2.591777264760892800e+17 -6.574504472769553105e+26 7.361941829551250210e+26 -7.636286118624264000e+16 2.544651042474624438e+27 -2.220741489919121797e+28 -1.462353092456771520e+17 7.325942705345461602e+25 -8.138867351226340020e+26 -4.565339037918190080e+17 4.077273753064730591e+27 -1.888559138039253747e+27 -4.384767667927397760e+17 3.474733664380460730e+26 -2.260793953264302486e+25 3.970859101205962240e+17 1.743586409728018667e+26 -9.734422849946146580e+26 1.483025507784163840e+17 -2.173454237084599060e+26 2.013910891101762894e+26 -7.421731196714539200e+16 -8.584556311388748561e+25 1.765660206477282013e+26 -1.042598423072848320e+17 -7.321614728924330180e+26 8.581337666913464841e+26 -5.020421860813896960e+17 -1.586875269671508558e+26 -2.089591599607683926e+26 1.342777709217230720e+17 8.096166875196045263e+26 2.926422137828924875e+26 4.691597022452224000e+16 -8.309201168612525437e+25 -1.436407567929413984e+26 7.908995757495370240e+17 3.969926586000248156e+25 7.426976174959148717e+24 -1.233297099905275648e+18 -7.459156786661611719e+26 -1.444726352193430983e+27 9.298099560054894080e+17 -3.155482933657869274e+24 6.817397706613292699e+25 -2.906196858441347200e+16 -4.638861864851952747e+27 2.397657284176398660e+27 1.189475848752655040e+17 -1.123795945574051059e+25 2.611494918951417346e+25 3.937997322063706880e+17 1.511442325440050086e+27 -4.330547173810464899e+27 -7.222023562417454080e+17 1.777490754637044832e+25 -5.200678966676746127e+25 -8.985884711034022400e+17 -6.217556536045115269e+24 -9.315313375673327930e+24 4.993046515749840000e+16 -5.894931171039453526e+25 4.078125052074123403e+24 1.062665388071600256e+18 1.551160391162139387e+25 2.335023466275435167e+24 -9.298056071491424000e+16 3.190737956327969174e+24 1.152361823317493060e+25 2.318316107429859200e+16 -6.490427209720049302e+26 1.976236417120639517e+26 2.865328067422000960e+17
-3.696751089496007680e+17 1.041660240510088960e+17 4.767091660979074583e+25 -5.617188997745575200e+16 1.840240154913466880e+17 -4.732197085208292209e+27 3.344803418256725760e+17 -4.532479927875581440e+17 1.108794119436347348e+25 -5.427440369380390400e+17 2.229060628181509760e+17 -1.326604854431864521e+26 9.080383259011372800e+17 1.693589422740541440e+17 -3.720022564941221358e+25 1.007699462336978560e+17 3.418666076266130560e+17 9.029033595307158103e+24 2.926645873302653440e+17 -1.162581071409750720e+17 2.627959085434648600e+25 2.388612469434201280e+17 -4.203648640944562560e+17 1.171074377840500628e+28 1.814527871926961600e+17 2.390491411876873600e+16 3.698828782618723071e+26 2.019749193869243200e+17 1.543337214941684800e+17 -2.652782542273157591e+25 -3.441903877539338880e+17 2.625469652049935360e+17 6.223944537441685178e+26 5.892426776845611520e+17 -8.597230084739276800e+16 1.032260330290492609e+25 -1.761685431225306880e+17 6.958021410837240320e+17 -4.782216418332012789e+27 -5.131016395195936800e+16 -1.313268357989815520e+17 2.534106886083777193e+24 8.628697339589726720e+17 3.296742509949843840e+17 -4.022381656381318635e+27 5.241836396327057920e+17 -2.150864195645564800e+17 -1.795836073433261889e+25 5.829765148861469440e+17 -8.735489690047096320e+17 4.346558027638902992e+26 -1.539497917496286080e+17 -3.825062484325861120e+17 4.443048890407014728e+24 2.736270260157576320e+17 5.927538913462024960e+17 -3.721033299183965822e+25 5.451184112259255040e+17 -2.176419272545367040e+17 7.943725359765912006e+23 -2.346678470577292480e+17 3.850506895141337600e+17 -2.575451173712170360e+24 -7.598485680468784000e+16 -7.943290829717920000e+15 4.940520114597554696e+26 -2.068758178225265280e+17 -1.754300280800584320e+17 3.193661783553679099e+24 -4.153247761155498400e+16 7.908663356186384640e+17 -4.115210987864251693e+25 1.717175472830021632e+18 -1.982125430483106304e+18 3.092532701067480325e+26 -9.503110507900118400e+16 -2.439183256495669440e+17 1.098173954608224845e+25 -2.104581163415575040e+18 -1.191414002002185216e+18 1.880198712901621757e+27 -5.569787369164398080e+17 7.710990359312323840e+17 -4.016203500391096320e+25 1.606924208394993664e+18 -2.614431355073699840e+17 -4.454395531353058742e+26 -3.467963669215965440e+17 6.543105768541562880e+17 8.253711000901471980e+24 -1.692501667756612096e+18 -1.057776784505418240e+18 1.237454861207454249e+26 -2.061193398348762624e+18 4.297553534694250240e+17 3.720678539625258450e+25 -5.969646483616245760e+17 5.621562674341350400e+17 -4.424134159909255538e+24 9.931801083130526720e+17 -8.107525232567480320e+17 -3.557680739373333325e+24 2.067653742940418560e+18 -1.567821095266539200e+17 -3.836260973468141545e+24 2.309498134408389760e+17 6.159869138354009600e+17 -2.200894332065066366e+26 -2.161345921665566464e+18 1.627423416882706176e+18 -6.755238313841162138e+24
-4.215633906333579082e+27 3.943559538648642687e+26 -3.654737358876624000e+15 1.401304502993619069e+27 3.510706034576530667e+26 -1.236952760842257664e+18 9.862783689332911773e+25 -2.578532039698641437e+26 -2.971247083398099200e+17 -3.436668778777844036e+26 7.360632622261243675e+25 1.314756612996926560e+17 -2.220160361491410783e+28 -4.775345136419274089e+27 2.801290123600585200e+16 -9.740913365329510586e+27 -3.900025822109725424e+27 -1.184219971157992960e+17 8.687716422629038939e+26 1.521054819454213927e+27 1.847608071017951680e+17 5.367767302740358904e+26 4.506008158198053156e+26 1.814527871926961600e+17 5.078325823850411823e+28 -2.366385117055831614e+25 3.093806665079153280e+17 -1.866866579672381845e+27 -1.406997100692316414e+27 1.911189475411291200e+17 -1.411672107902523684e+27 -3.234440323727749503e+27 3.589068955224410880e+17 1.069832882006112788e+27 -5.281841499284870415e+26 7.837193503421419520e+17 -8.892065384289527676e+26 7.219521183478520578e+26 3.257445774751209600e+17 -6.273182490055703592e+26 2.981874546247202508e+25 2.265251681137068800e+17 -1.856859494521742533e+26 -2.887139649476931045e+25 1.533484308935573120e+17 5.127923484485731778e+26 -2.173563823198623858e+26 2.407950005794948000e+16 2.180953404281465850e+26 3.843057937743248737e+26 -2.590684211493791680e+17 3.063745771173558841e+26 7.056946844498149265e+26 -3.639468124355436160e+17 7.360674990744320950e+26 1.005097812846434076e+26 3.453079699933933440e+17 -7.165139314496101166e+26 -6.200627465911520675e+26 5.722128441434502400e+16 -2.489176225061933216e+26 3.465917265823923888e+26 -1.252642856902690200e+16 2.159731627329330711e+26 -2.013103598849419391e+26 -4.407940129382449280e+17 -2.108930313862591524e+26 -2.717828677430758507e+26 4.484517469527143680e+17 -1.852080823732369107e+26 -1.138411949397067125e+26 1.003215398534308640e+17 -4.703893455946945555e+28 3.623012608613634626e+28 8.332401035919877120e+17 2.200183970697844113e+26 2.437895124054104253e+26 -4.909578559082520320e+17 1.195314125793690121e+26 3.203011942007972594e+25 -5.366274711178976000e+17 9.748884398270685428e+25 -6.303000585709794849e+25 2.373937018565424000e+17 6.717032197308629388e+25 -4.220377084577031391e+26 -2.936751055816493440e+17 -7.308020528672436509e+25 8.177208181927144017e+25 3.203411520447651840e+17 7.993115316802991237e+24 1.739377227236691426e+26 -2.853916965713184640e+17 -2.168468868741098076e+25 -2.404988034904106957e+25 9.260350657839882240e+17 -5.330293936096610282e+24 2.030250343699286873e+25 2.862531375996943360e+17 2.244266171376269452e+25 3.288328102945766458e+24 -3.887062968619733760e+17 -1.405449266190707809e+25 -1.738474790610848993e+25 -5.987991194826402560e+17 -2.464695701621206218e+24 -1.777180647052169374e+25 1.720384649384299520e+17 -1.081908658176254692e+26 -3.058092824972503209e+25 -7.634883595023219200e+17
9.512660072555818731e+26 1.324166219969953994e+27 4.275470121478144640e+17 -2.027216107406214208e+26 -4.288664332457035651e+27 5.294865058923050240e+17 2.605482752250154460e+25 -3.212196011857182329e+26 -1.781866819008424960e+17 -2.106681874696458680e+26 1.218696708562205686e+26 5.552649665047892480e+17 -2.547323136731812599e+27 -8.799171487542254396e+27 5.839329176238163200e+16 -6.131067109765012366e+27 -2.133458813824512693e+28 1.462742795834576320e+17 4.194185669533728912e+26 3.297123656072596675e+26 -1.052766798549544160e+17 1.556159820872134066e+27 6.629421393411057382e+26 2.390491411876873600e+16 -2.366385117055831614e+25 5.056916901937192628e+28 1.110041195341078080e+17 -3.177875063564431506e+27 -9.100038271972270901e+26 1.880307471225892480e+17 -1.452764856228698928e+27 -1.378403445801302754e+27 -9.458442694504168000e+16 5.096027120145108726e+26 -9.109867587665601306e+26 -1.034665365387168640e+17 -3.140484066682247013e+26 1.067395594438533105e+27 8.306249186235598400e+16 2.043693777906514255e+25 -1.850489226585993391e+26 -2.160369499839621120e+17 -2.131566099630236667e+25 -6.265754852502718037e+26 3.610378557184119040e+17 3.545512453454500178e+26 2.014161171159979584e+26 3.718450064171095040e+17 -1.856087186108809571e+26 4.991623494084879361e+26 -2.618729683487366400e+17 1.465374347547871605e+26 6.513747671546486547e+26 -1.457215181892696000e+17 6.576088268068601625e+26 2.241977756290366799e+26 -2.581982817313013760e+17 -6.200826117520521591e+26 -5.798823353668147906e+26 1.832134498599199360e+17 -1.495074338112475759e+26 2.040621285439936003e+26 4.706908048817792000e+17 2.974234815579211302e+26 -2.618980763682623768e+26 -3.406482738150931200e+17 -1.104332306642454466e+26 -1.453248211766458640e+26 2.261159039771897280e+17 -2.825193321632922910e+26 -1.626110972820824369e+26 3.668280119400184960e+17 3.617022315834189907e+28 -5.424838983015110457e+28 5.284880814355074560e+17 2.401655809089011137e+25 1.016304862526214802e+26 3.215643162078287360e+17 2.504558736810099297e+26 2.524275877297013129e+26 -2.038586292173030400e+16 -3.887536472856971362e+26 1.390375099958213444e+26 -1.935695663738321920e+17 -7.400148184409696677e+25 1.340228979199554136e+26 -1.006798695923805952e+18 1.877848881429346088e+26 -6.703926605674808011e+24 3.610930914970213760e+17 7.674303254810858288e+25 -6.299829141056849881e+25 6.133763757346266880e+17 -3.179510156262197300e+25 -1.781481274616015213e+25 -4.930294080983116800e+16 6.979190790027038486e+24 1.343523783919532026e+25 -4.115141224258007680e+17 3.379041667172310429e+23 1.232451305312969145e+25 -5.822053899755684800e+16 -2.004212341169524323e+25 1.080337190362404412e+25 5.278881181727406400e+16 -8.085932063928932035e+24 -1.302413673419477928e+25 -1.779570792104113600e+17 -2.791542979126559936e+25 -1.028873613645766344e+26 -1.635893793058068736e+18
-2.257769311008242880e+17 -6.685513048576343040e+17 3.731466452039898441e+25 -8.419574434930726400e+17 -1.031558334120163520e+17 3.775460237056404194e+25 -7.241155740269500160e+17 2.025348543261399680e+17 1.726296847542965042e+25 -1.373672305676439360e+17 3.820240946910600960e+17 1.733379956743710882e+25 -5.677190574099725440e+17 3.538027992732800000e+13 -4.022645768766453752e+27 -3.066887872953507200e+16 3.178984777044065280e+17 -4.036863665362441271e+27 -2.960364634482113280e+17 6.827552672857756800e+16 3.691589158895132745e+26 4.009000784297874400e+16 -4.271967631559549440e+17 3.698828782618723071e+26 3.093806665079153280e+17 1.110041195341078080e+17 8.881780730139565564e+27 -2.957708380803308800e+16 -7.350681531019502080e+17 1.232389270216425959e+26 -5.528660299679619200e+16 5.080458824034184960e+17 1.192617124542054215e+26 4.655638136778361600e+17 -4.611508151272134400e+16 2.236066944050401034e+26 -3.824494091491781600e+16 1.877600375034966080e+17 2.278457582918817545e+26 1.614778553521154880e+17 3.439787392376405760e+17 5.415686419214622582e+25 -5.475929600692974080e+17 -4.890261899924071680e+17 5.416264531297814269e+25 -2.854868929121420160e+17 1.043248429472412640e+17 7.925687016626451298e+23 -1.926750240853796480e+17 -3.013212205693915520e+17 1.082987352507248795e+24 2.219380141404243840e+17 1.852196264712958080e+17 2.406882906185060196e+24 -2.819453100529264000e+16 -4.321170272833572800e+16 2.525590513239933879e+24 3.246210290881574400e+16 -2.178680953413554560e+17 -6.405261492837361595e+24 -8.826501941695011200e+16 2.018840630221441920e+17 -6.883010955111338936e+24 -2.058915540734903680e+17 -4.389709804647392000e+17 -6.501663800132141557e+24 -3.182574615971872000e+17 4.212073131290666240e+17 5.632860986462511196e+24 1.200561024155887520e+17 1.192074845285065600e+17 4.801827394113495850e+24 -4.612294086792272800e+16 4.790835519685408640e+17 -7.728058344852041618e+27 1.503679491324752640e+18 3.654638607287802880e+17 -3.758066413651612467e+26 -4.731196902060188800e+17 -3.484258973362574080e+17 -3.587056109419057838e+26 1.191406303158478848e+18 3.182099333620867200e+16 1.759883941143660117e+26 1.350924514221957632e+18 -5.136801647392419200e+16 1.639709785660434271e+26 -8.331832472632537600e+17 -7.031530631080126720e+17 -1.680800289002929820e+26 7.936675629002566400e+17 6.014008787239333120e+17 -1.671561588821406829e+26 -8.046572067888992000e+16 -1.394702833721565696e+18 -3.585709555255758576e+24 -1.825900428391346432e+18 -1.906953784724424960e+17 -6.189309117089598444e+24 -1.965829874164835840e+17 1.171652965822118912e+18 -5.747320223815216874e+24 -6.417705711457344000e+17 1.122882185366489600e+18 9.108315229267965390e+24 -3.506301780927964800e+17 -8.507644996042071040e+17 1.276144590303207256e+25 6.576052012761772800e+17 -1.806859946157427968e+18 -2.190139500414982738e+25
-2.897221378420812644e+26 5.000024398385185674e+26 -4.973180103431539840e+17 -6.122446810493296520e+25 -5.159463865703400548e+26 2.920243196891112320e+17 -5.028325590956486822e+25 -4.446427203746034642e+26 8.586846328114882560e+17 2.056250503860681028e+25 2.394635241306645549e+25 1.427706694058224000e+17 -6.838550720107491909e+27 -2.360011191786463424e+27 -4.717679477157684800e+16 -1.402305855959712615e+26 8.430095632610770469e+26 1.773203600343788160e+17 -3.290793521355613992e+27 4.715326050379296652e+27 1.174542099452896960e+17 2.600264556700580599e+26 4.764647015476499217e+26 2.019749193869243200e+17 -1.866866579672381845e+27 -3.177875063564431506e+27 -2.957708380803308800e+16 5.393768072499803985e+28 -1.109956397349067961e+28 2.874754152782120320e+17 -1.069952056256715857e+26 -1.938051908366105564e+26 -7.541416530730780160e+17 -3.065752229945663346e+28 1.225669276825588652e+26 -1.104946087986652800e+17 -1.200602900071798141e+26 1.556078455195788460e+26 -1.026283784342373600e+17 1.066839181407128805e+27 -7.220631964174182593e+26 1.228301108291712160e+17 2.036955185036290215e+26 -3.464513245756654504e+26 2.049711105457560960e+17 -1.172490748359107308e+26 8.092345978620533801e+26 3.964613771794106880e+17 -1.993936022248037313e+26 2.309353230324820691e+26 5.271274302995719040e+17 -2.344724696483275755e+26 4.105552853599418351e+26 -3.989104662854845440e+17 1.764087715524180295e+26 2.108044031033324560e+26 2.954697817570241280e+17 -1.853999413329884124e+26 -2.825642336362656414e+26 -1.278894546829064000e+16 1.466252863583690503e+26 -1.555691592152680161e+26 -2.567084828465086720e+17 1.702014129556923024e+26 -1.470225110298443202e+26 -4.163106998504206080e+17 1.105405646496204970e+26 1.912809932744776035e+26 -3.160663544537969920e+17 -1.838603899822103529e+26 -1.323843835199203409e+26 -1.252010253606542400e+17 3.028099115829611633e+26 -2.677850876669579618e+26 4.222169863693592320e+17 -3.873532472474618818e+28 3.575870285163448447e+28 -2.121099965777508480e+17 -8.173849906385938190e+24 1.273353189583396127e+25 -7.482733676081774080e+17 -1.870365093284632292e+27 1.494783193677974337e+27 3.920540956423360000e+14 -9.612566880005748261e+24 -2.019802860606867169e+25 -3.461608418337761280e+17 4.002724997760317533e+25 -1.114255440200495468e+26 3.444949178298561280e+17 2.243645348515929446e+25 -5.554640067541843323e+24 -6.656094703696787200e+16 -2.476283271044187154e+25 2.576890835077298420e+23 -6.359681660521408000e+17 -5.908583438652475781e+24 -1.906543975604838871e+25 -8.749071595777857280e+17 1.095989976747132638e+25 -2.054225412822936570e+24 -2.751565583946135040e+17 1.404120470506860512e+25 -1.469295000790980606e+25 -6.192123970788087040e+17 -1.664322075326386666e+25 -4.745301129659433773e+24 2.154217897726664320e+17 -3.593887726420760544e+25 1.806017388520772330e+26 2.842568231056686720e+17
2.161345917931750499e+27 -4.784305248967532329e+27 4.099495960955077760e+17 -6.142835311170424224e+25 -4.357588016914767102e+26 5.225479989628396160e+17 1.039035540786976809e+26 -3.079609232769317627e+26 -4.798119791327448320e+17 9.738183932698527082e+24 -1.337864722480053411e+25 4.162234368009195520e+17 -3.044444738131709789e+27 -1.722536388991390269e+28 -7.574274331394648320e+17 2.581975081084268242e+26 7.526580021117584573e+26 3.325480166911204480e+17 1.427924452351502067e+27 -7.002790693064326968e+26 4.442623872301849600e+16 2.005093943611414616e+26 3.820291740258707001e+26 1.543337214941684800e+17 -1.406997100692316414e+27 -9.100038271972270901e+26 -7.350681531019502080e+17 -1.109956397349067961e+28 5.037457273344496183e+28 3.291432350841148800e+17 -1.203098593806613887e+26 -8.122664105163459244e+25 -3.603980701095378560e+17 2.276973072457814920e+27 -8.170494344032518122e+27 3.112946864109353600e+17 -7.157852701656306083e+25 1.466370031613325621e+26 -2.557174066470097280e+17 3.132826984606678521e+26 -8.891444131412162296e+26 -4.978644899244469600e+16 1.492951387604569344e+26 -2.489189039493778345e+26 -4.071775517916550400e+17 3.446139897910131974e+25 2.925033014148251906e+26 -1.603927365035600640e+17 -1.195529657862758667e+26 1.698302700670329907e+26 7.144242885047980800e+17 -1.323650731951269091e+26 3.244464254878136129e+26 -4.546424990015907840e+17 8.582603999428602307e+25 1.619715584058895083e+26 2.994450357615096960e+17 -1.138982165226610289e+26 -1.626903015400099243e+26 -8.416859757962689280e+17 7.147751989006865645e+25 -1.199784769441720341e+26 -1.431558836100725120e+17 1.168479252279635138e+26 -1.120079188462430165e+26 1.126899296200831680e+17 1.260784168990450983e+26 7.568911243754421164e+25 1.129294596069201024e+18 -1.324031957165225350e+26 -8.962598992544791120e+25 -5.324039254556957440e+17 1.952602321092851017e+26 1.709890140452106248e+26 -1.955646025262144960e+17 3.563121838089399617e+28 -6.592373457135136404e+28 -7.105601519466346240e+17 -1.380445987140894056e+25 1.314102893412801462e+25 -6.722430014194823680e+17 -6.038064016366747165e+27 1.997412384930744709e+27 8.429934138913333760e+17 -1.284987100641857787e+25 2.824694736440449984e+25 -5.086591653798351360e+17 1.547165034430792226e+26 -6.815786822118069527e+24 1.115820616969984512e+18 1.367507519632348031e+25 3.955081057542532070e+24 -3.290413090539147200e+16 -1.043117358398397929e+25 -1.134411241512809774e+25 -7.061956085709239040e+17 1.495116464956366812e+25 -9.090782767106204082e+24 1.016747429350729728e+18 1.275307741837502034e+25 6.298630886631228603e+23 1.001887728399119360e+17 1.674682001756646787e+25 1.880128323538971160e+25 2.084670816672651520e+17 -1.030379336540989777e+25 -4.059057059655805772e+24 -8.004305913014398720e+17 7.955157560154111150e+25 3.317158902285610831e+26 1.194266770807225344e+18
8.984965885597648000e+16 7.558326303719692800e+16 9.918568360761016610e+26 5.938678133293194240e+17 -7.232266525248067200e+16 1.126360312222611955e+25 1.681963608676190080e+17 2.000589439643426560e+17 -4.523389809382538981e+25 -8.483078292881289600e+16 5.616021514947550080e+17 -1.694959561586866523e+24 -6.080143352273259520e+17 5.021911523466150400e+17 -4.782135999423610769e+27 4.872285774507424000e+17 -1.252633778255952320e+17 4.973976710205503381e+26 -4.331856709153378560e+17 1.641019023849475520e+17 6.268027240702172326e+26 1.093682053598489280e+17 4.123789089123681280e+17 -2.652782542273157591e+25 1.911189475411291200e+17 1.880307471225892480e+17 1.232389270216425959e+26 2.874754152782120320e+17 3.291432350841148800e+17 8.738405426823786070e+27 -2.266527797794876800e+17 4.256175694099033600e+17 2.276737574229982036e+25 3.690972824987349120e+17 -3.470542275562940160e+17 -4.228259591034001819e+27 3.307743949501842560e+17 1.963574806866174080e+17 -2.401222164535511996e+25 -1.155049211670318720e+17 -4.065250283098348800e+16 2.277318297536814902e+26 -1.117685650504810560e+17 -2.246729686295866560e+17 -6.882554229346069452e+24 5.582066984459584800e+16 6.156175467867132800e+16 -4.115397640367019354e+25 -1.279560502117124800e+16 -2.164632166926878720e+17 2.458757663122237906e+24 -6.093465121129920000e+16 -1.830984750924939520e+17 1.035740663853823298e+25 3.034367638590129920e+17 2.172010386968985600e+16 -2.568733710913692068e+24 -4.733757517423267840e+17 2.629370751914997120e+17 4.803611879465001125e+24 1.163636728910546880e+17 -3.118922547355131520e+17 -2.399236657927069406e+25 -8.993844634514979200e+16 -1.587135866187651840e+17 4.762165053810688821e+24 2.887549817073032320e+17 -2.528314419528047680e+17 1.089053607676648566e+25 5.398731999686627200e+17 -2.505699964424532000e+16 -2.636138141013887429e+24 1.315815154490928896e+18 8.994665983720724480e+17 -9.481806422137739118e+26 1.402236183715772928e+18 9.590527441196075520e+17 -7.432550604593328750e+27 1.615316262800808320e+17 9.976713260310544640e+17 4.359552465338666987e+24 -8.894157210487052800e+16 7.582633923007961600e+17 6.219181970692348914e+26 3.054096694870588800e+17 -1.697346852455554304e+18 -3.216168726517617564e+25 1.121894137826298624e+18 -6.001254411987438080e+17 1.581877007733972319e+26 1.149827193112325120e+18 -2.994496577922948480e+17 1.091859896881542454e+25 2.560581562087972352e+18 -5.998826176669937600e+16 -1.522589741143553261e+24 1.525527348656292352e+18 1.360680560514204672e+18 2.912692161227364443e+24 -1.845046187816134400e+17 7.999912669065560000e+15 -7.634696402689597419e+24 2.734975196700727680e+17 2.415041593540645120e+17 1.047268794127696466e+25 5.899383788127764480e+17 9.970805683425244800e+16 -1.060706413186916364e+24 -2.866270142190816256e+18 -1.164492916965819904e+18 2.934944180768900929e+25
-4.948024883694742214e+26 -1.298707121894861821e+25 1.946461555160516480e+17 -4.448970026704571681e+27 2.607446123695790793e+27 1.458968593118362000e+16 -1.161291626037900971e+25 1.265080827173293805e+25 1.827620129893033600e+16 -3.439748573454868811e+26 1.372841109210443289e+26 -6.278656189648012800e+17 8.585632849670920656e+26 1.532067687182015942e+26 -7.296198798623163200e+16 -1.769866248373937694e+28 -1.859258158946486119e+27 -2.099390762007464960e+17 4.497304585322494684e+26 1.804756244999090364e+26 1.062723402752241440e+17 -8.033289494593348605e+25 1.081913416077548779e+27 -3.441903877539338880e+17 -1.411672107902523684e+27 -1.452764856228698928e+27 -5.528660299679619200e+16 -1.069952056256715857e+26 -1.203098593806613887e+26 -2.266527797794876800e+17 4.824582949262403237e+28 -1.061567932635809132e+28 -2.902976747103758080e+17 1.428855731924313042e+26 -1.013688656709303570e+26 -5.224257997946467200e+17 -8.170124279372206301e+27 -1.213139541635239388e+26 4.215156706077952000e+17 -2.620568059251942261e+26 2.015197623865320329e+26 -8.163011844530340000e+15 -9.110183240030229292e+26 5.287849273623602705e+26 2.767158827560854400e+17 1.764333363364567088e+26 -1.589716632534545272e+26 -2.002432568393921600e+16 3.726820217482086700e+26 -1.681134734111417865e+25 -1.021092529076551520e+17 1.899577881546347641e+26 8.524967360253399101e+25 -2.112330827284953280e+17 3.452547108651385476e+26 -1.940106712103826403e+26 3.231584933912823040e+17 -2.109379663773376694e+26 -1.103711076740975404e+26 2.130693263463469120e+17 -1.112378102766350144e+26 1.475419383958470256e+26 -4.222335394531076800e+16 -1.353040223466592802e+26 1.022323159880998202e+26 -4.279524818357196160e+17 -1.246792306719004066e+26 -1.360225518937401228e+26 3.986995448771033600e+17 1.111887403170845842e+26 1.252971321677178836e+26 -2.080760425954554880e+17 1.759272784881370778e+26 2.150626388768536800e+26 2.662681407452686080e+17 -1.597227622828353040e+25 1.517160343233454045e+24 4.634086836014711040e+17 -5.837007249200951938e+28 3.793777680508509639e+28 -1.788093054192985280e+17 5.239553938930476648e+25 -4.724375311860343134e+24 3.477363748476977280e+17 1.455556639897316368e+27 -6.397674610399913299e+27 -1.493535503982763520e+17 -1.356201779040165456e+25 1.450591131769723348e+25 -5.304982046752775680e+17 -2.368666965862548900e+25 1.719161881968215405e+26 -3.789825843342928000e+17 -1.409474300001943526e+25 -1.084451120516567694e+25 -1.798518825172901120e+17 -1.134760150402570943e+25 1.189963157700568141e+25 -6.810064416210816000e+17 -5.318676169810173726e+24 2.904871207601939842e+25 -7.691790450161821440e+17 -7.292667783865547811e+24 -2.227381108494657386e+25 -6.854955215800133120e+17 -1.288765481699960528e+25 2.753051026280110162e+25 -1.147431749513080960e+17 3.540494260873344285e+26 3.881005672329310456e+25 1.978773111378109696e+18
-4.711030499952734466e+26 -1.064613662044705000e+25 -2.272110889044372480e+17 9.438796355245711063e+26 -6.308042100483642493e+26 4.501498357004467200e+17 2.844547622137390661e+25 1.340303087305713096e+25 -4.419231318175357440e+17 -4.082007708072793901e+26 -2.438653745040548553e+25 -1.145987728746135552e+18 7.324325252173970268e+26 -2.551343831776446692e+26 -6.498542686488911360e+17 -1.177804584828762601e+27 -6.378939400641154048e+27 -5.181109696914256000e+16 4.510187536228730122e+26 1.839151606711242306e+26 -6.316144799664175360e+17 4.371333576789534083e+27 -3.918876952142003016e+27 2.625469652049935360e+17 -3.234440323727749503e+27 -1.378403445801302754e+27 5.080458824034184960e+17 -1.938051908366105564e+26 -8.122664105163459244e+25 4.256175694099033600e+17 -1.061567932635809132e+28 5.674224764751917176e+28 -2.064546394614808320e+17 1.111193047914667547e+26 -1.352367115633210771e+26 -3.623527982022582400e+17 -2.275840596893692114e+27 -3.066738815374455899e+28 1.795408252602026560e+17 -2.976496801555212906e+26 2.163170835544260420e+26 3.677656988252945920e+17 -5.095355874888667232e+26 1.070242624896756962e+27 1.027559098976628736e+18 1.907205898024148940e+26 -2.089825738901145669e+26 4.143672748901473280e+17 7.640981389755801577e+26 -2.120374984599688434e+26 9.958558243249497600e+16 2.127151511306745954e+26 1.423048397917115026e+26 5.580063769383261440e+17 3.536956797007046240e+26 -2.625006012165518492e+26 4.041462027707295200e+16 -2.717966255782234355e+26 -1.453525307996640057e+26 3.112757330591008000e+17 -1.168844985933840344e+26 1.703175287767796297e+26 -2.869646874787600000e+17 -1.110860858229578582e+26 1.422819304165916982e+26 -3.457170308402636800e+17 -1.355076779186418212e+26 -1.539282533324221851e+26 2.220762251956779840e+17 1.914304797502959576e+26 7.578083496157105732e+25 8.774939671453721600e+16 -2.607746243039978598e+26 2.425813982863868616e+26 -9.538868805981659200e+16 -3.504211950149692421e+25 -3.982710797991724691e+25 3.178823724433680000e+17 3.808534723721944112e+28 -4.753025968472221383e+28 -3.366096459982915200e+17 -2.050114452000389932e+25 -7.971405085970588135e+24 -2.570718064641970560e+17 1.132375387338045180e+27 -1.452613076580752211e+27 -1.310198667390579712e+18 -2.423877305612105558e+25 2.095965625259932536e+25 6.125502093522771200e+17 -6.864745010818563634e+25 8.430160801209638824e+24 -1.220709502575498240e+18 1.694642735430526786e+25 -3.232822179209685734e+25 -4.931607056891446400e+17 -2.948167147394911594e+24 1.909469215507203760e+25 -1.199395964972099840e+18 -2.734589438740587159e+24 -3.899142878028937511e+25 2.865832822682424960e+17 8.076344464616976521e+24 -9.746499437349805926e+24 1.046040891890842112e+18 5.330144334424004928e+25 -2.130979281710727689e+25 -6.023376542520496640e+17 1.393249114625392322e+26 -6.491793830758567191e+25 3.953788883495243520e+17
4.540197997729200640e+17 -2.813986038906512640e+17 9.031207027218921577e+24 4.840788072042234240e+17 2.314210402181189760e+17 9.885775852450729056e+26 1.052329009375891040e+17 -3.052359972131402880e+17 -1.521306047681520938e+24 -7.926492847194894400e+16 -1.028045656172889856e+18 -4.685500042089467692e+25 3.420793395601818880e+17 1.852327926438696640e+17 4.939616456370896939e+26 -3.225101208669304320e+17 -4.153524377754571200e+16 -4.786493582762910401e+27 -3.159040022802206720e+17 -1.643296864114935040e+17 -2.814368410770802929e+25 5.709820648149891200e+16 4.567099427325873920e+17 6.223944537441685178e+26 3.589068955224410880e+17 -9.458442694504168000e+16 1.192617124542054215e+26 -7.541416530730780160e+17 -3.603980701095378560e+17 2.276737574229982036e+25 -2.902976747103758080e+17 -2.064546394614808320e+17 8.859402870315245905e+27 -3.831583590693546240e+17 2.816843464492426880e+17 -2.779593659714131895e+25 8.047607492797804800e+16 1.431777075027712960e+17 -4.227559193379981135e+27 -9.530692623771441600e+16 -3.525955745179450880e+17 -6.498207023937173659e+24 -3.139598022354881920e+17 -4.804992786128784640e+17 2.237229705379784407e+26 5.252641871424518400e+16 1.231590347202680320e+17 3.192608121693309554e+24 -7.857541962806310400e+17 -2.601222999596746240e+17 -4.376231202426352994e+25 1.753737041381975360e+17 2.271923387382732800e+17 -1.300944787805660108e+24 1.529426671362279040e+17 -1.153957661898017600e+17 1.033288455110882726e+25 -9.933307578332044800e+17 -4.954854470235667840e+17 5.633922729315354920e+24 1.033526500245468960e+17 -7.582105648571529600e+16 4.764571205546830530e+24 -1.234824255400190720e+17 -4.631314762706313600e+16 -2.781634042303147705e+25 2.599199402818014080e+17 2.544566754922165760e+17 2.406136562233763583e+24 1.284125389130569120e+17 4.292006902819354240e+17 1.088647508278290318e+25 4.037968055732156800e+17 -1.650846540972187520e+17 -9.684616846477492469e+26 -6.235783892102086400e+17 3.969892393668135040e+17 -2.045233022837377734e+25 -5.594249031394163840e+17 3.750357279791133440e+17 -7.664317303069158544e+27 -1.475081811055416064e+18 -6.960034186951964800e+16 -3.072521154902030798e+25 -1.686172548106204160e+18 -9.227472679875400960e+17 5.809317259778481818e+26 -2.960162225906117760e+17 -2.373607968365068160e+17 1.346802051750942603e+25 -1.180661665177200384e+18 -1.121144037445144576e+18 1.420794252669575066e+26 -1.052071852228736768e+18 4.058632109367031040e+17 5.007114552896609556e+24 1.181604573292902400e+18 1.157045950291388160e+18 1.033287653419271730e+25 5.456590577971143680e+17 9.313211332679998720e+17 7.079291769204907096e+23 -6.600800672681489920e+17 3.883615617258753280e+17 2.923392990764930628e+24 1.445084685376610240e+17 3.693989175564595200e+17 9.866675872382228953e+24 5.341103718178433280e+17 9.550193042399124480e+17 2.777239263797683165e+25
-6.304521185857406715e+26 -9.440296207649544059e+26 3.265425184310690560e+17 -2.445696640983004307e+25 4.079003991501557008e+26 -1.170474822778024000e+17 -1.061409398924678828e+25 4.707488346935335060e+26 -1.315491012984006880e+17 1.346149745084461523e+25 -2.842833960998638022e+25 -5.821324635218852800e+16 -3.918090443966968486e+27 -4.370380062304899937e+27 1.679254581264841280e+17 -2.119241593852668463e+26 -7.636521821855753885e+26 1.588505954906401600e+17 -6.379089898486126842e+27 1.174771202093280711e+27 -6.078895488235175680e+17 -2.623760317310294998e+26 -3.533187245079851827e+26 5.892426776845611520e+17 1.069832882006112788e+27 5.096027120145108726e+26 4.655638136778361600e+17 -3.065752229945663346e+28 2.276973072457814920e+27 3.690972824987349120e+17 1.428855731924313042e+26 1.111193047914667547e+26 -3.831583590693546240e+17 5.672818077574535225e+28 1.061391451364870542e+28 -2.462034371818672640e+17 7.585514616822784673e+25 -1.913311760128290113e+26 1.128287010487672480e+17 -1.376056660667973425e+27 3.233431085114464904e+27 2.254755322774426240e+17 -1.450088817767879475e+26 2.715647006517065452e+26 4.928929919723936000e+16 -2.552506732747657489e+26 -7.317567731795030016e+26 1.693658002938791680e+17 1.420341837304614625e+26 -2.126147701849755709e+26 2.041311308282823360e+17 1.837610420377297315e+26 -4.507193126452060449e+26 2.058224758416580160e+17 -2.088504887935611138e+26 -1.906630944424617905e+26 -3.460060911318259840e+17 2.161242738540217546e+26 2.975516702602229887e+26 -1.023136152235608960e+17 -8.108071827160048187e+25 1.936995663439617630e+26 2.548995107835581760e+17 -1.538096847791968280e+26 1.354553771851527756e+26 2.203653498760832000e+17 -1.346698758483119520e+26 -1.108938980789283480e+26 -5.563312254651626240e+17 1.702135260880119842e+26 1.168412443921757279e+26 -7.303789002931630400e+16 8.156236453091463125e+24 6.889456700041029841e+25 -4.240433803702087040e+17 -1.452934465800248157e+27 -1.131686330304361695e+27 -2.951567963581400960e+17 -3.889728246737806908e+25 2.846750918107830564e+24 -1.067359014680043264e+18 -4.752743533221794016e+28 -3.807653980287889020e+28 4.257098100559374720e+17 -2.127579352291416721e+25 -5.312890617671616289e+25 -8.525247504423641600e+16 2.429942624924762320e+26 2.595950054082154047e+26 -3.752035388151790080e+17 -3.230169700287335618e+25 -1.682818671051065130e+25 -1.678344736779237120e+17 2.099226931197506788e+25 2.425841426338873989e+25 1.257340184025586688e+18 -3.978791860113130568e+25 3.496602006188668833e+25 2.869465824577582720e+17 -9.759405218074516213e+24 -8.022406070267504780e+24 -3.308958275763121920e+17 -7.711011173066491449e+24 2.026481507261596958e+25 5.193399065165136640e+17 1.909272326210331398e+25 2.970182590091447121e+24 7.899305393873536000e+17 -6.486840452012222639e+25 -1.391935548376857678e+26 -7.776006420281738240e+17
-2.607240532967182916e+27 -4.447789645361737832e+27 1.289643808813638880e+17 -1.372085645179305837e+26 -3.437774628151106638e+26 3.645070186405004800e+17 1.299048536863109618e+25 -4.945759557981238892e+26 3.711334475157056640e+17 -1.263992050032659951e+25 -1.153689200083292605e+25 -8.592367432953432320e+17 -1.081822023195513604e+27 -8.006270061549216122e+25 -3.770731645916514560e+17 1.677184153941664026e+25 3.723882542027883435e+26 4.094365194148325120e+17 1.856169002741192511e+27 -1.769103999937618947e+28 1.396664344676030880e+17 1.939272266445459083e+26 3.450996131415150368e+26 -8.597230084739276800e+16 -5.281841499284870415e+26 -9.109867587665601306e+26 -4.611508151272134400e+16 1.225669276825588652e+26 -8.170494344032518122e+27 -3.470542275562940160e+17 -1.013688656709303570e+26 -1.352367115633210771e+26 2.816843464492426880e+17 1.061391451364870542e+28 4.823236703077247015e+28 -3.501803776481212800e+17 -1.252911961903729486e+26 1.110940874192434640e+26 -1.143168234601720000e+17 1.451661320743132865e+27 -1.411473947830694319e+27 2.824992832022288320e+17 1.101880983894097694e+26 -2.108091522504708534e+26 2.264278270855906240e+17 -1.530100843598074714e+26 8.580951183277337228e+26 -4.100483085040135680e+17 -8.513155898138646261e+25 1.899307568428938733e+26 3.487454760604488960e+17 -1.803274717931720308e+26 4.495569609929299415e+26 2.894666900213369600e+17 1.589129503715479930e+26 1.764397023817583207e+26 -3.136130382564706560e+17 -2.013477573956701936e+26 -2.619860736953325135e+26 -2.548380280682049280e+17 1.202629854937337879e+26 -1.069116461499105236e+26 -1.099930218389528000e+17 1.359914834033528276e+26 -1.245767075344661505e+26 1.389143115253644480e+17 1.021257117992111662e+26 1.427303558412841010e+26 2.256583837121427520e+17 -1.474879433535935784e+26 -1.111988706614849992e+26 -4.359118059521041280e+17 -1.715806591793511048e+26 -2.369865576362586324e+25 6.686339058786822400e+17 6.398775739033843522e+27 1.454536817449071559e+27 8.558042939356620800e+17 -2.901701351525968230e+25 -5.163661967491479485e+24 -1.268571072378546432e+18 -3.792827822661387308e+28 -5.835370197275919693e+28 4.542588211404270080e+17 -2.748362960803207208e+25 -1.274207610838247319e+25 4.444558464499242880e+17 -2.146517938922695463e+26 1.760565107977270269e+26 9.133289694235266560e+17 1.086241956623611716e+25 -1.397509765352978510e+25 -6.086200404657794560e+17 -1.453438894381997431e+25 -1.353956592435853065e+25 1.475051059859695360e+18 -1.427216906631302869e+24 -1.591495582455709338e+25 -2.969469865934554240e+17 2.216098894146003533e+25 -7.299682278992275759e+24 -3.979950776497364480e+17 4.635033552214678122e+24 5.256240274372574414e+25 2.394794252036415360e+17 -1.187754932589361199e+25 -1.121634338122511097e+25 1.984511783685472960e+17 -3.875917652147862526e+25 3.540888539016644321e+26 -1.424676916821507840e+17
-1.093647455168200640e+17 -8.133686719526288000e+16 9.884110626739331096e+26 -2.379101485047014720e+17 3.275284455569939200e+16 -4.683337904557049144e+25 2.943387041806198400e+16 3.538621712749753600e+17 9.068064417882175347e+24 2.223300054086008000e+16 1.863225551099585280e+17 -1.528497970560540539e+24 3.151165490695736320e+17 1.912318184433843520e+17 6.220156852913811121e+26 -3.401941046706716160e+17 -2.429629211956863360e+17 -4.373599976337405925e+25 -3.221516949668086400e+17 -1.537407168575362240e+17 -4.786568720872128394e+27 6.725625586238396800e+16 -9.025869022061526400e+16 1.032260330290492609e+25 7.837193503421419520e+17 -1.034665365387168640e+17 2.236066944050401034e+26 -1.104946087986652800e+17 3.112946864109353600e+17 -4.228259591034001819e+27 -5.224257997946467200e+17 -3.623527982022582400e+17 -2.779593659714131895e+25 -2.462034371818672640e+17 -3.501803776481212800e+17 8.861132374982916550e+27 3.324618206647200000e+15 -6.390030410663504000e+16 1.089020398273462812e+25 -1.906371236156926400e+16 -7.651729109022614400e+16 1.189963185051232512e+26 -3.676597849524963200e+16 -3.537872675890599680e+17 5.630615840413733943e+24 4.258526503792186240e+17 -2.040416705058330880e+17 4.940031175359938033e+26 -6.099173518354854400e+16 -5.082818283731317120e+17 -1.295830777316247836e+24 -3.161228033597527040e+17 1.783259129402889600e+17 -2.819035869656539419e+25 3.594815908231427840e+17 -2.197143934250259520e+17 3.186468414951801276e+24 1.430149662982276480e+17 -4.866554936859416960e+17 -6.495799532197228740e+24 -1.197667729280805400e+16 2.166211247650777600e+16 2.272483866243778821e+25 6.235606737630012800e+16 -4.589809685239671040e+17 2.413621595787442239e+24 -5.177284635882469120e+17 -6.102246089693244160e+17 -2.781646526351300838e+25 1.611172103832088960e+17 3.491830514608761600e+17 4.760485130180730139e+24 -4.905872966193562240e+17 2.289787820838095360e+17 1.418432981485174324e+26 3.996956352006082560e+17 -6.121629864379048960e+17 5.815038310511986078e+26 1.155468641067774080e+17 -1.932156931439657600e+17 7.138659742558305366e+23 8.498626962018170880e+17 -5.590085246460590080e+17 -7.665331923414195355e+27 -5.535892493674149120e+17 -4.027688485976650240e+17 9.853981845323173581e+24 8.503861672768302080e+17 9.822402418427193600e+16 -9.679876915568367663e+26 -9.026344505333171200e+16 3.842339807882249600e+17 5.003531784952833844e+24 9.519389915830088960e+17 -1.438200651897302400e+17 1.349260063851763373e+25 -6.222207510325607680e+17 -1.369368627806719360e+17 -2.042593536308960940e+25 6.972731168731672320e+17 -5.384521806723992320e+17 2.920720448278701676e+24 1.166648266554894080e+17 -9.937370398520030720e+17 -3.069790795940925746e+25 3.208027708451506560e+17 -1.137839985578187008e+18 1.033634679407094520e+25 2.631113501378720000e+17 2.471227686928288256e+18 2.777023992282680561e+25
-3.081373010126205825e+26 -1.039323633378539789e+26 3.123832552671761280e+17 -4.785528761724943449e+27 -2.161836975335024141e+27 5.649008005391818240e+17 -1.342053168360277615e+25 -9.740702911656345861e+24 -1.669918267309775040e+17 -4.359596714461372484e+26 6.147815030134405752e+25 -3.460247429205555200e+17 2.929082312465469570e+26 -3.435137817462288716e+25 -1.910840376601713280e+17 -6.995196343163907523e+26 -1.427396425636885042e+27 -1.678443106395874560e+17 3.246105348370778757e+26 1.325009381442356483e+26 2.234617344912725440e+17 -1.723972885811134237e+28 3.049645795324626800e+27 -1.761685431225306880e+17 -8.892065384289527676e+26 -3.140484066682247013e+26 -3.824494091491781600e+16 -1.200602900071798141e+26 -7.157852701656306083e+25 3.307743949501842560e+17 -8.170124279372206301e+27 -2.275840596893692114e+27 8.047607492797804800e+16 7.585514616822784673e+25 -1.252911961903729486e+26 3.324618206647200000e+15 5.038498966669633705e+28 1.109689788793355517e+28 5.030228115581420800e+17 -1.627326512227705600e+26 1.140080234792672372e+26 3.444597287464508160e+17 -9.106037597608904491e+26 1.408223113768151399e+27 -1.100922708768008320e+17 1.620247225767439674e+26 -8.586509011985516609e+25 2.771970547184768640e+17 7.531154310719504587e+26 -2.584080240705052607e+26 -3.332502475399621760e+17 1.699011193385014452e+26 1.196797129677892377e+26 -2.420428029100870720e+17 3.822768603666904926e+26 -2.006126353658530873e+26 -4.134576982376560000e+16 -2.490463810162636679e+26 -1.495235772438962772e+26 -7.961052761151761600e+16 -8.963778510985785799e+25 1.324603507431466038e+26 4.712768811058560000e+16 -8.126288721583235112e+25 1.211628783442319390e+26 -5.099856414737131520e+17 -1.120793998205317520e+26 -1.168859196846144305e+26 1.897841145677074880e+17 1.467820887245404468e+26 7.154321033377770472e+25 8.664179572610052800e+16 -7.040380503624338282e+24 -1.547369865030100529e+26 2.098171848120443840e+17 -9.138529246688206641e+24 -1.497807204957990254e+25 -2.655931791416124800e+17 1.997431280428852339e+27 6.039266000144934074e+27 5.653526694213184000e+17 1.870954504165858326e+25 -1.685675017587768083e+25 7.530256642258182400e+17 -6.591046758816993968e+28 -3.564485492778749141e+28 1.106163596066259840e+18 -1.131303310833323919e+25 1.040207967081664816e+25 -5.795920091301708800e+17 1.713043790550574446e+26 -1.957845742120548502e+26 7.872557803197657600e+16 3.988096696699503780e+24 -1.368533565863762465e+25 1.775704830218070528e+18 -4.091911537841943645e+24 1.035134676005506172e+25 8.512092413072913920e+17 1.318911431351489554e+25 1.369845045232151546e+25 6.507849390320134400e+17 7.450663596664861502e+23 -1.283873415455224106e+25 -6.100095633952258560e+17 2.827750313469439896e+25 1.284023450946003111e+25 1.759083099302709760e+18 3.317261306116320697e+26 -7.961034817558289860e+25 -1.507628244571882752e+18
4.449520785006692678e+26 -5.027542028394450466e+25 9.011772085163776000e+16 -5.003630052862880055e+26 -2.902200830907453276e+26 3.677601735930286080e+17 -2.395509871326620652e+25 2.053440574573058124e+25 -4.831274735241218560e+17 5.162625260847773102e+26 -6.131675808532330577e+25 -3.801482431731342080e+17 -8.097223578999323655e+26 -1.173931780469035179e+26 5.430509279817849600e+17 -4.715888938655103030e+27 -3.292094990599133595e+27 1.929529928418295360e+17 -4.108462737513551232e+26 -2.346055977972409964e+26 -6.003936135443240000e+14 2.364661674925184604e+27 -6.839044686608157865e+27 6.958021410837240320e+17 7.219521183478520578e+26 1.067395594438533105e+27 1.877600375034966080e+17 1.556078455195788460e+26 1.466370031613325621e+26 1.963574806866174080e+17 -1.213139541635239388e+26 -3.066738815374455899e+28 1.431777075027712960e+17 -1.913311760128290113e+26 1.110940874192434640e+26 -6.390030410663504000e+16 1.109689788793355517e+28 5.395850554163467016e+28 -2.736493519052558400e+17 2.826779118610264143e+26 -1.856120760744185579e+26 1.053069119108114880e+17 3.179005961892515219e+27 -1.869613899566716247e+27 3.407604481193424640e+17 -2.108060598699771656e+26 1.765758836162865405e+26 -2.154999886581510000e+16 -8.435774920344017876e+26 -1.401056258372329557e+26 -4.774299263416742400e+17 -2.310098234979056620e+26 -1.995976823173733946e+26 4.538135607605662400e+16 -4.767799578520005113e+26 2.601461250396819535e+26 -1.822043648102008000e+16 3.466316224918547583e+26 2.040025480525308415e+26 -5.041818170828345600e+16 1.324238653208657948e+26 -1.839317515344620935e+26 1.135612434921451680e+17 1.938760364930779149e+26 -1.065986957560193242e+26 -3.006666350130448000e+15 1.470807357026625998e+26 1.702945970172493448e+26 -4.280673843866463360e+17 -1.557799674660876081e+26 -1.200626075889440177e+26 2.651286074352131200e+17 1.113151795617272631e+26 4.001244777763498948e+25 4.237394424229435520e+17 1.899300957282050662e+25 -5.886746541522067709e+24 -1.454096297384200704e+18 -1.494678288291438813e+27 -1.870538309907224924e+27 -8.325812404818432000e+17 1.441722013200727029e+25 1.382519716190382407e+25 2.238372364929442560e+17 -3.576781460625414472e+28 -3.875671353240040670e+28 -1.517327962199180800e+18 -3.365353968402280921e+23 -2.477381887034086080e+25 9.867160641892894720e+17 2.691751267665350035e+26 3.026940233684426292e+26 -4.001122022219972480e+17 5.570884413707242890e+24 2.243549782546745517e+25 -3.304807637357890560e+17 4.718217577303098796e+24 -1.664142402687249052e+25 -1.184106902673522432e+18 -1.273138568474380568e+25 -8.215651113856795924e+24 1.790234692959164928e+18 2.044914468086207721e+24 1.099472613770130335e+25 5.374133360716698880e+17 2.029386077022173919e+25 -9.610094590788687622e+24 -3.682791048998464000e+16 -1.807223258247017248e+26 -3.595342361341544396e+25 -1.523697794207056320e+17
-4.025002718610927360e+17 -2.054399391006963200e+17 -4.524792969587724328e+25 -2.090570970649197120e+17 2.829063434598511040e+17 9.923155797495123531e+26 -2.501108851056340480e+17 6.662738508437642240e+17 -1.687699896890445418e+24 -1.597139331087492800e+16 -1.927956163601200000e+17 1.122681892891955838e+25 -4.492759030851369600e+16 6.204000603087608800e+16 -4.114996749546916822e+25 1.394246983983906880e+17 1.605133969747528320e+17 6.269335766014161586e+26 -3.686120916636346880e+17 -1.302530107619241920e+17 1.035342800644043607e+25 6.621119317039879680e+17 2.591777264760892800e+17 -4.782216418332012789e+27 3.257445774751209600e+17 8.306249186235598400e+16 2.278457582918817545e+26 -1.026283784342373600e+17 -2.557174066470097280e+17 -2.401222164535511996e+25 4.215156706077952000e+17 1.795408252602026560e+17 -4.227559193379981135e+27 1.128287010487672480e+17 -1.143168234601720000e+17 1.089020398273462812e+25 5.030228115581420800e+17 -2.736493519052558400e+17 8.736602612896223061e+27 2.735732105937880640e+17 -9.144308961585494400e+16 4.805410569805471112e+24 -4.188693916046997760e+17 -4.897340774752764160e+17 1.236222605372850616e+26 -1.423149143071923520e+17 -8.713435959200899200e+16 -2.576362405283249143e+24 -3.229081621314781440e+17 -2.854905791709591040e+17 4.974112374663500747e+26 -2.396998062567157440e+17 -6.867376066288329600e+16 2.466517620797362844e+24 6.949138179318804000e+16 -6.861612054375458560e+17 -2.649085343896573568e+25 -4.589079432238357760e+17 -4.931892313873538560e+17 -6.886845320657033344e+24 -1.640634723779528320e+17 -1.691621870654085760e+17 -2.645929229805864670e+24 -4.636152961185805440e+17 2.534041459497504000e+17 2.277397916624668126e+25 -8.463199650626710400e+16 1.471653502293595520e+17 4.764335177232896169e+24 4.159966544593358080e+17 2.133036980087278720e+17 -2.398444665557185600e+25 -1.563961571084473920e+17 -5.239502295113477120e+17 1.582777566428614381e+26 4.344276406714648320e+17 7.672635313274384640e+17 2.931023603711250688e+24 2.034245363607611520e+17 -1.009023374872230400e+18 6.221141452221817672e+26 1.035941431590308608e+18 -6.974669727260322560e+17 1.047616052360047945e+25 -5.333607128462328960e+17 -1.941035000456634560e+17 -7.432235556369450763e+27 -2.896012544163004160e+17 -4.511570340533171200e+17 -1.527305383377151824e+24 6.798425965817582080e+17 -7.174740508928426240e+17 -9.486746307799767371e+26 5.237583967894426240e+17 -1.490770391197441024e+18 1.089940229137626386e+25 6.092638954184734720e+17 5.755600767051813120e+17 -1.070717893479410755e+24 -8.776702167348290560e+17 -7.097178257884663040e+17 4.365119253984333124e+24 -2.730006504535395200e+16 4.171300899870579200e+16 -7.651032090848810592e+24 1.098473465775216512e+18 9.008491254451916800e+16 -3.215353342049577656e+25 -6.887703566437708800e+17 4.845244804220446720e+17 2.936688155905183431e+25
-4.290999068518301517e+27 2.036607974013598115e+26 7.041717250020135680e+17 1.218264453484635499e+26 2.102993511165891395e+26 -2.232296018025497600e+17 1.323844043474267099e+27 -9.525482847539422143e+26 -4.481708541119709440e+17 -3.214780529801351998e+26 -2.597249401150753159e+25 1.792889552322871360e+17 6.635930271036129279e+26 -1.556034789081975940e+27 4.178279094851319040e+17 4.990626226670555736e+26 1.864832767274083637e+26 4.156292325341491840e+17 -2.132708452849844821e+28 6.133102547268833241e+27 -5.482312785782316000e+16 2.241776682420176079e+26 -6.574504472769553105e+26 -5.131016395195936800e+16 -6.273182490055703592e+26 2.043693777906514255e+25 1.614778553521154880e+17 1.066839181407128805e+27 3.132826984606678521e+26 -1.155049211670318720e+17 -2.620568059251942261e+26 -2.976496801555212906e+26 -9.530692623771441600e+16 -1.376056660667973425e+27 1.451661320743132865e+27 -1.906371236156926400e+16 -1.627326512227705600e+26 2.826779118610264143e+26 2.735732105937880640e+17 5.057437076282604611e+28 2.992736719843947481e+25 -4.694764227492606400e+16 -5.795948858542917268e+26 6.200648309067175454e+26 7.979978802984699200e+16 -8.796254612161748507e+27 2.540143817437076651e+27 7.660363980412059200e+16 6.512979940735469871e+26 -1.463943437729330532e+26 2.267156562379048320e+17 3.289938352295298993e+26 -4.182038733222416456e+26 2.449125621907779840e+17 2.019878606932900000e+26 -3.545428556785558614e+26 5.234486634264225280e+17 -1.855226308436765783e+26 -2.116992375532491146e+25 3.791120007069413120e+17 -9.100973385042585782e+26 3.178627581214279097e+27 -2.978964446740226560e+17 -1.451476717033105035e+26 1.103169778147318463e+26 4.166583229368949760e+17 -9.109672931672819117e+26 -5.092499876460537007e+26 -3.468795815452455040e+17 2.038873174595783227e+26 1.493739426216538841e+26 -4.036643258069739200e+16 -6.335989860843324051e+25 -7.677505105446960372e+25 -2.632432646374035520e+17 1.340250130001358906e+26 7.398597024430539880e+25 -7.131246977452978400e+16 1.223693379027004467e+25 -4.740152344932463831e+23 -4.323931444913802880e+17 2.520098880300514569e+26 -2.501443030489876429e+26 5.752185993412954880e+17 -1.314613075327269256e+25 8.024425680531304714e+24 -3.778813253315955200e+17 -5.429342402311158429e+28 -3.617025626548699986e+28 2.639206361867142080e+17 -1.791521659748916929e+25 3.170300055465421187e+25 3.764940330522457600e+17 -6.741139254568412961e+24 -1.878751390973005581e+26 1.086386187153835840e+17 1.020660270935805848e+26 -2.380610906870804500e+25 2.036260416762576320e+17 1.064107315093086114e+25 1.988355134240465359e+25 -8.992703705985589760e+17 1.390887774189384544e+26 3.885219917950427058e+26 3.502673293855964800e+17 1.330618690921824239e+25 -7.081295296657501488e+24 7.809977835865241600e+17 -1.028900274220444770e+26 2.782593008801830015e+25 -1.275919196490182912e+18
-3.496061264719004698e+26 1.401341528370826442e+27 -7.186119921384303360e+17 -7.362840530285580128e+25 -3.434121349169204106e+26 -2.810738861181612800e+17 -3.955014636614173364e+26 -4.213516439461804146e+27 -4.906862737753206400e+17 2.581838701424104242e+26 9.854725293865333822e+25 1.066736262113153152e+18 -4.519912400776441767e+26 5.374581922579546167e+26 2.299459774205629760e+17 -3.846231790697420555e+26 2.171367721581739538e+26 -1.309404390648239360e+17 3.902011946102453743e+27 -9.744944961811478286e+27 1.043077870372526240e+17 -1.007329752714813352e+26 7.361941829551250210e+26 -1.313268357989815520e+17 2.981874546247202508e+25 -1.850489226585993391e+26 3.439787392376405760e+17 -7.220631964174182593e+26 -8.891444131412162296e+26 -4.065250283098348800e+16 2.015197623865320329e+26 2.163170835544260420e+26 -3.525955745179450880e+17 3.233431085114464904e+27 -1.411473947830694319e+27 -7.651729109022614400e+16 1.140080234792672372e+26 -1.856120760744185579e+26 -9.144308961585494400e+16 2.992736719843947481e+25 5.077166233644145277e+28 -4.469904068686547840e+17 6.199960659713992476e+26 -7.169331770753839200e+26 -2.426554465408693120e+17 4.768691165998857689e+27 -2.219436413275039987e+28 1.073095499596419200e+17 -7.059824297113645246e+26 3.063058865528146638e+26 -3.698431164550360320e+17 -1.521023053041416326e+27 8.678477314212848088e+26 4.467109445289402880e+17 2.165969934181066549e+26 5.130158391029584695e+26 -1.212920234485864320e+17 -2.902302087463935798e+25 -6.267173376344858138e+26 1.112380776965826240e+17 1.407805378236887572e+27 -1.869073242300891110e+27 -6.376419538057256000e+16 2.716286229031345034e+26 -2.108472285207399308e+26 7.046232891166606400e+16 5.285684191841422346e+26 1.069970842306512594e+27 -4.012014963207540480e+17 -3.465643550201727605e+26 -2.489455480441718442e+26 -2.478282773950516160e+17 -1.738204876059541625e+26 7.680091118191695328e+24 -3.115468554834176000e+17 4.221664770149948447e+26 6.695855878496144520e+25 4.933377367634892160e+17 -3.357571341128922292e+24 2.238961530283816014e+25 -1.149998659321393792e+18 -3.225091239273522035e+25 1.190264514121072731e+26 1.121948408712886784e+18 1.769193159332115169e+25 -2.514970095219049140e+24 -6.573119941711356160e+17 -3.623358119398229450e+28 -4.700888415821553423e+28 1.057656533776887936e+18 2.391222665000028898e+25 -2.178481824446507661e+25 1.400061170896287360e+17 -8.194177677501902028e+25 -7.326223002460503810e+25 -7.498969743733271040e+17 -2.445275868305634561e+26 2.200159212393924593e+26 -6.116511145742906880e+17 1.708683704224453052e+25 -1.435338590627053065e+25 8.740356477974835200e+16 6.266170394794670946e+25 9.728884630921967675e+25 3.513869591687500800e+16 -2.046529844824549532e+25 -5.466529808054752840e+24 -1.421342287705981952e+18 3.069634172105547306e+25 -1.083852862933301828e+26 1.860996058941550592e+18
3.714468534922353280e+17 1.073092048945180160e+17 3.799050198826372937e+25 2.195003772530489280e+17 -3.501055613997409280e+17 1.732272163756644108e+25 -2.026552527162922560e+17 7.411938770894474240e+17 3.716855391702495725e+25 3.224069452532574080e+17 1.405168148454172480e+17 1.726459432023998284e+25 -3.419266209537104640e+17 2.641457391223013120e+17 3.699411894066630558e+26 1.203236246091124960e+17 5.088705585857285120e+17 1.075170039406089216e+24 7.004709256458688000e+15 -1.764451188351936960e+17 -4.037252776306376001e+27 -2.433602016350810240e+17 -7.636286118624264000e+16 2.534106886083777193e+24 2.265251681137068800e+17 -2.160369499839621120e+17 5.415686419214622582e+25 1.228301108291712160e+17 -4.978644899244469600e+16 2.277318297536814902e+26 -8.163011844530340000e+15 3.677656988252945920e+17 -6.498207023937173659e+24 2.254755322774426240e+17 2.824992832022288320e+17 1.189963185051232512e+26 3.444597287464508160e+17 1.053069119108114880e+17 4.805410569805471112e+24 -4.694764227492606400e+16 -4.469904068686547840e+17 8.882974482764792035e+27 -1.412237345410937120e+17 1.375522045049778560e+17 -6.401368097307464670e+24 3.227104870245321600e+17 7.221741363373696000e+16 -4.023776922626723686e+27 2.739724497934111360e+17 -1.285222422096064480e+17 2.407976553221182487e+24 4.734797449128604160e+17 1.935585121433767360e+17 3.691438747038500067e+26 6.167385278050191360e+17 4.637908743479590400e+17 8.071180420732022979e+23 -1.850345053927156480e+17 1.486779302799328960e+17 5.414648630710556897e+25 3.927041779039207680e+17 3.614978545135987200e+17 1.236939540865158034e+26 -3.781382060437923840e+17 1.011682944834901760e+17 5.630470457418266553e+24 -5.911132544107646720e+17 -1.022533575849963360e+17 2.237067996775253587e+26 2.234143195553456000e+16 2.974723556171211520e+17 -6.878018761793999232e+24 -4.443828378161344000e+17 -3.210496225143353600e+16 -1.671634382296304558e+26 7.136523567734169600e+16 -2.699251745886852800e+16 1.639267955343567686e+26 -2.272225108584536576e+18 -2.533830761764809280e+17 -5.750157363856500574e+24 1.980829584491697152e+18 -1.559043462120294144e+18 -3.585304365743767004e+26 -1.594787930041897920e+17 -5.829411890595110400e+17 1.278797896860306930e+25 -4.773767464747635200e+17 6.361378287146019840e+17 -7.727423827936233261e+27 -1.012119538099349376e+18 -6.460154531550013440e+17 -3.571935137752088530e+24 -2.273259368632249920e+17 -1.488423485349679872e+18 -1.681727386768104479e+26 8.725564339350628800e+16 1.021634253141592576e+18 -3.762907972039427992e+26 -8.284986602021024000e+16 1.898631354324007424e+18 9.122303310190898798e+24 -1.410275045792628224e+18 -4.621802614893436800e+17 1.758352395396912303e+26 7.097134731488570880e+17 1.033815949488778752e+18 -6.190122286637008676e+24 -1.884977216740792320e+18 2.015076679437724800e+17 -2.191258241444379754e+25
-3.215308372271589646e+26 -2.599622691934517722e+25 -6.396997009392924160e+17 1.323909510416743159e+27 -9.523332618018076062e+26 1.061400018434209920e+18 1.218672449971660721e+26 2.102763862868970960e+26 -3.840497914345528320e+17 -4.290812881256155401e+27 2.044023067732494795e+26 1.750448229892322560e+17 2.022070838092024216e+26 -3.543869709207520199e+26 -1.070609459470912640e+17 3.291280792232066849e+26 -4.180823680012138487e+26 -1.321285159520066240e+17 6.512394676185874510e+26 -1.462951997713869476e+26 3.474396990166496000e+16 -8.796410708832202169e+27 2.544651042474624438e+27 8.628697339589726720e+17 -1.856859494521742533e+26 -2.131566099630236667e+25 -5.475929600692974080e+17 2.036955185036290215e+26 1.492951387604569344e+26 -1.117685650504810560e+17 -9.110183240030229292e+26 -5.095355874888667232e+26 -3.139598022354881920e+17 -1.450088817767879475e+26 1.101880983894097694e+26 -3.676597849524963200e+16 -9.106037597608904491e+26 3.179005961892515219e+27 -4.188693916046997760e+17 -5.795948858542917268e+26 6.199960659713992476e+26 -1.412237345410937120e+17 5.058527588891572425e+28 2.012713058375242126e+25 8.475429680357763200e+16 2.242405551254907604e+26 -6.574303880523199866e+26 -1.283104649127277760e+17 -2.133747694416868685e+28 6.138824561740371425e+27 -4.465818396079496960e+17 4.991009973270033193e+26 1.865596458697027847e+26 1.423860392397121600e+17 6.635491090680342033e+26 -1.556300316521694653e+27 4.238426653380030400e+16 -6.275785136822186337e+26 2.031671084749836308e+25 -1.415894854140907200e+17 -1.627153469489817304e+26 2.826974174060939590e+26 -5.397079867238338560e+17 -1.376488369608027568e+27 1.451691751943449148e+27 -3.520348649669274880e+17 -2.620786372669839112e+26 -2.976264060041977737e+26 -2.864119854153388480e+17 1.067175668169224761e+27 3.134956118989266399e+26 -4.458011589411706880e+17 -6.849921101675143899e+24 -1.877687306093599449e+26 3.606751476689072000e+17 1.329074854322764200e+25 -7.090962546699293147e+24 -5.642877686033828480e+17 1.389804724697665592e+26 3.885714883572819455e+26 1.301744356733522944e+18 1.062351231542043607e+25 1.986100272386472136e+25 3.091893769083779840e+17 1.020151121310790886e+26 -2.381508662150417266e+25 3.874168822342683520e+17 -1.791444299596519306e+25 3.169073337525645165e+25 -3.560635637210237440e+17 -5.429276239726418244e+28 -3.617465661097834413e+28 -1.338818381315339520e+17 -6.328203106988069362e+25 -7.692406578609877245e+25 -6.555661482587855360e+17 -1.316133816013291559e+25 8.003751787180602293e+24 -8.140069827791546880e+17 2.520533790853155293e+26 -2.500924119135540739e+26 3.468407210906412800e+16 1.224917881436177408e+25 -5.284460326995250307e+23 3.711730334242769920e+17 1.340043336553753540e+26 7.394960960992446431e+25 1.748149084527180800e+17 -1.028202873969140945e+26 2.764766168618648583e+25 2.227159408677664768e+18
2.582832422532447511e+26 9.853950419048476777e+25 -3.659436208735347200e+17 -3.948903643192629074e+26 -4.213622655432708305e+27 -5.976726433710830080e+17 -7.370562807062560200e+25 -3.434504791198767538e+26 6.117680651075743000e+15 -3.496073862338848074e+26 1.401221849325713185e+27 1.046789246704341600e+17 2.163758990201866994e+26 5.129032059826826619e+26 -2.995238017513587840e+17 -1.521316047575115963e+27 8.678332588580949505e+26 -7.236857296243680000e+14 -7.060392794186423235e+26 3.062393210714006608e+26 1.594750167651309440e+17 4.773083717865053084e+27 -2.220741489919121797e+28 3.296742509949843840e+17 -2.887139649476931045e+25 -6.265754852502718037e+26 -4.890261899924071680e+17 -3.464513245756654504e+26 -2.489189039493778345e+26 -2.246729686295866560e+17 5.287849273623602705e+26 1.070242624896756962e+27 -4.804992786128784640e+17 2.715647006517065452e+26 -2.108091522504708534e+26 -3.537872675890599680e+17 1.408223113768151399e+27 -1.869613899566716247e+27 -4.897340774752764160e+17 6.200648309067175454e+26 -7.169331770753839200e+26 1.375522045049778560e+17 2.012713058375242126e+25 5.078889567804641047e+28 5.220980748702117120e+17 -1.007751236506433532e+26 7.362213891784961031e+26 3.533239214734771840e+17 3.907880477800474649e+27 -9.746849597512359465e+27 -1.934177902314439680e+17 -3.846600629859952041e+26 2.171027263146837288e+26 -1.985146400406826560e+17 -4.521894661755622672e+26 5.377298900805968067e+26 1.436682630702484480e+17 2.994829094178584180e+25 -1.850435451494832225e+26 -2.709228549094848000e+17 1.139981414786585352e+26 -1.856296497571621524e+26 -3.831598755903666560e+17 3.233804319338812537e+27 -1.411626079405500947e+27 -1.184420510380221920e+17 2.015771392134862883e+26 2.162911913651806346e+26 -4.880675626160814080e+17 -7.225131844383870220e+26 -8.893624784678375786e+26 -1.945183238061134720e+17 -8.186341499720814332e+25 -7.341737001804994161e+25 -3.969302044916360960e+17 -2.047615121631068383e+25 -5.480447237340057720e+24 -8.378106529794851840e+17 6.274765175843227917e+25 9.716639266202805997e+25 -1.296645886038387712e+18 1.702639690425761387e+25 -1.439958965111361076e+25 1.574797652186782720e+17 -2.446315978469153474e+26 2.201026548393369629e+26 -8.873531233915883520e+17 2.387601154561732319e+25 -2.182422995284607731e+25 3.680290740465784960e+17 -3.623715771702291813e+28 -4.701507966972639824e+28 -1.171509609690239744e+18 -1.739954835474060420e+26 7.830620800226804267e+24 -9.388818222478254080e+17 1.766589193345280070e+25 -2.530222292462616223e+24 -7.649903332060225280e+17 -3.231322373379554850e+25 1.188903636401623735e+26 -6.667099603013744640e+17 -3.390530308757720436e+24 2.240506110690424889e+25 -6.963149881323720960e+17 4.221852371544247277e+26 6.695397298386833271e+25 -7.389189577040736000e+17 3.063991804051724481e+25 -1.082305351709517898e+26 3.262613727840663552e+18
2.566531534132884160e+17 -3.557039840415723520e+17 1.727173533569914517e+25 6.736836660913667200e+16 -6.884002233227658240e+17 3.703885082856672931e+25 -3.927676304093534720e+17 3.446563117956896000e+17 1.732086236925602679e+25 -4.686769541262785600e+16 1.067316067664522880e+17 3.800223862046916366e+25 5.607297290292091200e+16 2.399031442423004800e+17 7.957144696899422137e+23 -1.416687042890719200e+16 -1.165502667314304000e+17 3.691090311838111049e+26 -1.805984427511014400e+16 4.084638294827276800e+16 2.402566556593689849e+24 3.953558686242410240e+17 -1.462353092456771520e+17 -4.022381656381318635e+27 1.533484308935573120e+17 3.610378557184119040e+17 5.416264531297814269e+25 2.049711105457560960e+17 -4.071775517916550400e+17 -6.882554229346069452e+24 2.767158827560854400e+17 1.027559098976628736e+18 2.237229705379784407e+26 4.928929919723936000e+16 2.264278270855906240e+17 5.630615840413733943e+24 -1.100922708768008320e+17 3.407604481193424640e+17 1.236222605372850616e+26 7.979978802984699200e+16 -2.426554465408693120e+17 -6.401368097307464670e+24 8.475429680357763200e+16 5.220980748702117120e+17 8.881424318822502245e+27 3.922889722213072640e+17 2.587371449480053120e+17 2.529341875777889087e+24 7.196291645400985600e+17 3.498574696927450240e+17 -4.036419901840776726e+27 -3.376658313663113600e+16 -1.789423405680044160e+17 1.068357565607888799e+24 -1.727052031007780800e+17 -4.929809201518224000e+16 3.699787299758310985e+26 7.180682610445419520e+17 -1.863060127892646400e+16 5.414395624713020022e+25 3.474474768248657600e+16 4.348851848117493760e+17 4.809747569014939077e+24 2.182930913446096000e+17 2.748516505431857280e+17 1.188567842470264818e+26 -5.393664936508028800e+17 -9.128402295775334400e+16 -6.506935141783182223e+24 -3.342493072014178560e+17 -3.427956234302234240e+17 2.277607086147300894e+26 -1.272073606063070976e+18 5.899565652777163520e+17 -1.681474085243379772e+26 1.325126001762502656e+18 1.209216510758088320e+17 -6.183457047423678184e+24 8.818620528240096000e+17 1.413690666108166400e+18 1.758870809692710578e+26 4.719060805763022720e+17 3.248847235698014720e+17 9.129743441149102930e+24 2.600799404456012800e+17 -8.376067233672117760e+17 -3.763016494164363930e+26 8.814518166502922240e+17 1.752715797002603520e+18 -3.565478570867360444e+24 -2.480233925573001216e+18 2.803290546004148224e+18 -7.728946305080681445e+27 -8.264865807808124160e+17 2.487644355838153600e+17 -1.671895243845477149e+26 1.672990066739018752e+18 2.133459740013481984e+18 1.279036399157789743e+25 2.641300260401644480e+17 -6.250983442083152640e+17 -3.584801937021863259e+26 9.675001185369381120e+17 2.063167279478314752e+18 -5.748873506203720418e+24 -7.119708425928444800e+16 -2.267447503025980160e+17 1.640049097223228411e+26 -1.400640130651442720e+17 -2.701048830134351360e+18 -2.189410185738296373e+25
8.943175252327213461e+26 -2.205941164073411375e+26 -1.968656251470650400e+16 3.641885814964509305e+24 9.781092524949382459e+25 -1.952523646872625920e+17 -1.326984800625092566e+28 -6.930274762859853033e+27 -3.036028250475246080e+17 3.543170954297660738e+26 -7.964913316565479250e+25 3.423094295192208640e+17 -7.663347713244194213e+26 2.075113815124785013e+26 -4.508587625655527680e+17 -2.611084222028213222e+26 -3.207575644824349789e+26 -4.792208460433332480e+17 -1.160439429369583096e+27 2.733024272684401671e+27 1.136027325636722560e+17 -2.638356352782114984e+26 7.325942705345461602e+25 5.241836396327057920e+17 5.127923484485731778e+26 3.545512453454500178e+26 -2.854868929121420160e+17 -1.172490748359107308e+26 3.446139897910131974e+25 5.582066984459584800e+16 1.764333363364567088e+26 1.907205898024148940e+26 5.252641871424518400e+16 -2.552506732747657489e+26 -1.530100843598074714e+26 4.258526503792186240e+17 1.620247225767439674e+26 -2.108060598699771656e+26 -1.423149143071923520e+17 -8.796254612161748507e+27 4.768691165998857689e+27 3.227104870245321600e+17 2.242405551254907604e+26 -1.007751236506433532e+26 3.922889722213072640e+17 4.191161500503984274e+28 -4.262690526833494022e+27 -5.399061760105124000e+16 -3.468808112876516372e+26 -3.185319180063307602e+26 -6.515459611701271040e+17 8.295072283113365986e+26 -2.357849161633768609e+27 -1.226619491239965280e+17 -9.732197601016467777e+26 -2.076872132211486224e+26 4.996471051908896000e+16 5.368390494767362470e+26 1.556393470802127617e+27 -1.344661045721503840e+17 -1.724294112032729689e+28 2.366158640444878932e+27 1.888966306828531840e+17 -2.622940859495407886e+26 1.948700371231898764e+26 -2.372118157856828800e+17 -8.122205150693134203e+25 4.371409594020668280e+27 1.438715011936669280e+17 2.599319684441185701e+26 2.004505984935299841e+26 2.934591711851334400e+17 4.364334747081330092e+25 3.073048761612149766e+25 1.533713633633663744e+18 -1.569878238989572083e+26 -5.329967936626672646e+25 1.145931508768859200e+17 9.922590119151501381e+24 1.562377667830450024e+25 -8.705064894246792960e+17 2.135176624634191956e+25 1.029098753778059960e+26 -5.293091671319290240e+17 -5.961060442784075979e+22 -2.029974385657203213e+25 -1.085433525889034624e+18 1.940685882751612184e+27 -6.580481697467303745e+27 -1.086410153039685760e+17 -8.960542886334116030e+24 -2.305395602655349935e+25 -4.063231978479436800e+17 1.832824208223950982e+26 5.281700108523879780e+26 -2.299475303152267200e+17 -2.248561180848307184e+27 2.434136068010589759e+27 -1.049347885787642880e+18 4.697441764282807469e+24 1.139401022840718719e+25 5.178172513605320960e+17 -4.446565415944863244e+26 -1.540495179259322618e+26 6.549217835382254080e+17 1.421821279943760656e+25 -3.022441815013781141e+24 1.414962364456883968e+18 -6.491233124216017416e+26 -2.394922859817896558e+26 9.131683874030584320e+17
-1.311774637566634202e+27 -3.514988386077365634e+26 -1.569420016323493120e+17 1.839014748165040239e+26 2.998741588125539432e+26 -5.451685698937977600e+17 -4.677010135432973564e+27 -1.194847324971041434e+28 8.249801447169406400e+16 -9.474956190110157932e+25 1.150720395424025016e+26 6.221582980919795200e+17 1.743605166525218662e+26 -9.731068625609580131e+26 1.935939547890513920e+17 3.474334219696377564e+26 -2.255743650096010501e+25 1.167465186759081280e+17 4.076710387470855010e+27 -1.887550863381198399e+27 -1.381679629544756000e+17 7.323850656931337379e+25 -8.138867351226340020e+26 -2.150864195645564800e+17 -2.173563823198623858e+26 2.014161171159979584e+26 1.043248429472412640e+17 8.092345978620533801e+26 2.925033014148251906e+26 6.156175467867132800e+16 -1.589716632534545272e+26 -2.089825738901145669e+26 1.231590347202680320e+17 -7.317567731795030016e+26 8.580951183277337228e+26 -2.040416705058330880e+17 -8.586509011985516609e+25 1.765758836162865405e+26 -8.713435959200899200e+16 2.540143817437076651e+27 -2.219436413275039987e+28 7.221741363373696000e+16 -6.574303880523199866e+26 7.362213891784961031e+26 2.587371449480053120e+17 -4.262690526833494022e+27 5.588515098046883148e+28 1.409361416811693120e+17 5.800610087031588342e+26 -3.737796429360334137e+26 -5.452114919696487200e+16 1.420462814940435458e+27 -7.983413397794209193e+27 2.235463610034747840e+17 -1.732941906370493676e+26 -7.664729506230236550e+26 -1.583558065596542080e+17 4.507619795250312981e+26 6.626053063600561298e+26 -9.418242337827731200e+16 3.051252630490642277e+27 -6.839800418025573648e+27 -6.455558138973937600e+16 -3.533742893364608737e+26 3.454540430593420689e+26 -3.775253789141832960e+17 1.082068132907573955e+27 -3.919393151094301272e+27 1.970835953686448320e+17 4.765885984624864949e+26 3.820444070735810033e+26 -1.999691857006982400e+17 1.792337229062603762e+25 -5.209125951868423723e+25 -4.460284466353855360e+17 3.162042401385729577e+24 1.152263686567888192e+25 -1.484153905607498240e+18 1.554052123248417584e+25 2.327756100567170007e+24 2.602697019107083200e+16 -5.885885282088313327e+25 4.081822113998695133e+24 4.109758642055976320e+17 -6.231922821257831331e+24 -9.319999367787937484e+24 3.669856049658900000e+16 1.511302234685660172e+27 -4.329279052859230974e+27 -7.867482513966729600e+16 -1.123807458457441893e+25 2.610853306583809577e+25 -1.856545824392818880e+17 -8.322687429855549807e+25 -1.436272766521889042e+26 4.435773140521372160e+17 -4.639205965632914345e+27 2.397773125609172673e+27 -7.653106593506392320e+17 -3.117529773563433890e+24 6.819606805617217785e+25 8.822977834611598080e+17 -7.460773709215331177e+26 -1.444952510137844830e+27 1.814024747643850880e+17 3.970451599630212274e+25 7.452353705959705861e+24 1.156808915899208400e+16 -6.490760451228294690e+26 1.977622979128136826e+26 1.503487438998469120e+18
1.862192333490912000e+15 6.131383045166358400e+16 -1.326165404860639752e+26 -3.196358220296704000e+17 -1.547671967908122880e+17 1.109483611753050317e+25 -1.806993929234893440e+17 2.938711717388320000e+15 -4.732129687948830984e+27 -3.430758178824781440e+17 2.280833521142063360e+17 4.771497269901264890e+25 8.968668256780528000e+16 2.052500810448553920e+17 -3.719949053986697501e+25 -2.051833157057409200e+16 5.424524848555706880e+17 4.446265600587169433e+24 4.403567977710840320e+17 -1.063058594768272000e+16 4.344949120239762818e+26 2.203410511382296000e+16 -4.565339037918190080e+17 -1.795836073433261889e+25 2.407950005794948000e+16 3.718450064171095040e+17 7.925687016626451298e+23 3.964613771794106880e+17 -1.603927365035600640e+17 -4.115397640367019354e+25 -2.002432568393921600e+16 4.143672748901473280e+17 3.192608121693309554e+24 1.693658002938791680e+17 -4.100483085040135680e+17 4.940031175359938033e+26 2.771970547184768640e+17 -2.154999886581510000e+16 -2.576362405283249143e+24 7.660363980412059200e+16 1.073095499596419200e+17 -4.023776922626723686e+27 -1.283104649127277760e+17 3.533239214734771840e+17 2.529341875777889087e+24 -5.399061760105124000e+16 1.409361416811693120e+17 1.171189494192817917e+28 2.995889183054865920e+17 -1.833634980490507520e+17 2.627413947347353318e+25 3.016250498534893440e+17 -1.603958774262944000e+17 9.072575805771716976e+24 -1.236317657341790560e+17 -5.080879227179753600e+16 -3.723877937636449833e+25 -4.444630772514999040e+17 -6.312205248742875200e+16 3.698259123912800941e+26 3.304898544145942400e+16 -4.019517413755390080e+17 -4.782085750347978539e+27 2.532315076033411200e+17 7.471018798084107200e+16 1.033544626341109485e+25 2.887390655400613120e+17 -2.539765614461494080e+17 6.226228444349017400e+26 5.078515016676316160e+17 -8.499421692884195200e+16 -2.653892356066977790e+25 5.669610119163164160e+17 1.119621941562169344e+18 3.716419041801058206e+25 -3.991067375304963840e+17 6.797727517173112320e+17 -2.200795280328680133e+26 1.084687568181810176e+18 1.394065736596171520e+18 -3.838259155514965486e+24 2.880634355580263040e+17 1.332012082536771328e+18 -3.532201851343779570e+24 1.192872164588492800e+18 -5.021858137835910400e+17 -4.422877405703247755e+24 3.011529098409424640e+17 -4.771983449659834880e+17 1.234844821289135533e+26 -1.048316534696916480e+17 -3.921455880371047680e+17 8.260853360605296824e+24 -7.725808225436172800e+16 2.086475180605145600e+17 3.093225037779932483e+26 4.153428880718360320e+17 5.059813211646398080e+17 -4.453547449601934148e+26 7.969229454359942400e+17 9.688501452931301120e+17 -4.015900862632832197e+25 1.136290375661122432e+18 1.753902872618508160e+17 1.880448157220480627e+27 5.977413580022928640e+17 -9.523777929855060800e+16 1.098367382914348293e+25 -1.969128783870371328e+18 -8.158569842264554240e+17 -6.805070409822360180e+24
3.258111536759430323e+26 1.489715793338996049e+26 1.712459744954266240e+17 -4.998677242989536760e+26 -1.163581664575610182e+27 8.853138987783584000e+15 9.730665824200885570e+25 -6.880028526915048292e+25 4.155978830719262720e+17 -1.320941788171937014e+28 -4.690126306456000933e+27 -7.831862825756352000e+16 -2.369955235964321712e+25 3.208317425060766919e+26 -7.773100713172928000e+16 -9.326047170765695636e+26 1.917111411434788645e+26 -2.441595780293733440e+17 -7.940301573024400388e+26 1.283831463553491098e+26 -4.107187377199974400e+17 -1.161312134658321729e+27 4.077273753064730591e+27 5.829765148861469440e+17 2.180953404281465850e+26 -1.856087186108809571e+26 -1.926750240853796480e+17 -1.993936022248037313e+26 -1.195529657862758667e+26 -1.279560502117124800e+16 3.726820217482086700e+26 7.640981389755801577e+26 -7.857541962806310400e+17 1.420341837304614625e+26 -8.513155898138646261e+25 -6.099173518354854400e+16 7.531154310719504587e+26 -8.435774920344017876e+26 -3.229081621314781440e+17 6.512979940735469871e+26 -7.059824297113645246e+26 2.739724497934111360e+17 -2.133747694416868685e+28 3.907880477800474649e+27 7.196291645400985600e+17 -3.468808112876516372e+26 5.800610087031588342e+26 2.995889183054865920e+17 5.494711625694241208e+28 -5.628696521754558871e+27 -6.630462699739123200e+17 -8.112140447078591697e+26 -1.931198015428141176e+26 -5.803505465477803520e+17 -7.987486665279498980e+27 2.357460183354540462e+27 -1.840881980880943200e+16 8.693197434739378954e+26 4.198634129086547169e+26 -1.356615849048531360e+17 3.246072701388115341e+26 -4.109292924829391294e+26 -4.539021078377834240e+17 -6.378841146547586705e+27 1.855609594131204780e+27 -5.986705715873978880e+17 4.502449817164958003e+26 4.510362773930080186e+26 4.257630051034170880e+17 -3.291884072477540300e+27 1.427873507141035829e+27 5.960029198759526400e+16 -4.152011411331195951e+25 3.099382470389007749e+25 -4.084081699744730880e+17 -1.643960174677034438e+24 1.766328048609390235e+25 5.351932192834951680e+17 1.195951595323566040e+25 -3.420755843695043379e+25 -1.119084532261902592e+18 -6.069912028590457590e+24 -5.223786551037985049e+24 -1.095583506528286848e+18 -2.842325471592034274e+24 -4.475463793681256767e+25 -7.430547226007919360e+17 1.390184977093782561e+25 -1.355739303669645170e+25 -3.097855099147210240e+17 -4.824752046030019589e+27 2.227351578940898710e+27 -4.174430082533226240e+17 -8.299724918126602209e+25 -6.664252082396403312e+25 -2.520435509364756480e+18 5.057944741488375947e+25 -3.807850345237295539e+25 -2.306954745129837056e+18 2.148255470146224288e+27 -5.091078763919571712e+27 3.251255902546054400e+16 9.354102751213159925e+24 4.659119699435286665e+25 -3.276223595943182720e+17 -1.576987278444078039e+27 -6.181369798765187895e+26 -1.014915710791016960e+17 9.223486518402933299e+25 -7.276237196725504402e+26 2.506190206685491200e+18
6.409604588692362226e+25 -2.319242759812743365e+25 2.606894430078452480e+17 -7.337166888203606471e+25 1.043302350132087001e+27 -7.006366296640450560e+17 -5.274384034210762665e+25 3.696656744269856380e+26 1.040882752846557440e+17 -6.945152080717931352e+27 -1.202515267748318187e+28 9.174384126862877440e+17 -3.474267003933834274e+26 -2.611460942940622993e+26 -4.830965444807306240e+17 2.253500793690172957e+26 -8.109791307814206599e+26 -1.908559419624243520e+17 1.285378107496225460e+26 -2.862885565602755809e+26 2.856069961929429600e+16 2.733635765077998761e+27 -1.888559138039253747e+27 -8.735489690047096320e+17 3.843057937743248737e+26 4.991623494084879361e+26 -3.013212205693915520e+17 2.309353230324820691e+26 1.698302700670329907e+26 -2.164632166926878720e+17 -1.681134734111417865e+25 -2.120374984599688434e+26 -2.601222999596746240e+17 -2.126147701849755709e+26 1.899307568428938733e+26 -5.082818283731317120e+17 -2.584080240705052607e+26 -1.401056258372329557e+26 -2.854905791709591040e+17 -1.463943437729330532e+26 3.063058865528146638e+26 -1.285222422096064480e+17 6.138824561740371425e+27 -9.746849597512359465e+27 3.498574696927450240e+17 -3.185319180063307602e+26 -3.737796429360334137e+26 -1.833634980490507520e+17 -5.628696521754558871e+27 4.299780926739964266e+28 -5.246642090442576000e+17 -2.250144167774726920e+26 -9.324330879974680428e+26 -2.269053532109043200e+17 -1.420097658705158766e+27 8.286840581143900652e+26 3.942375718041219840e+17 1.521161067628610248e+27 3.297751739724837395e+26 5.809473066182001600e+16 1.324069517161941077e+26 -2.345861263644882371e+26 -4.327146920140551040e+17 1.175131560308052178e+27 -1.769186234988905780e+28 -8.301195188513249280e+17 1.813928076821560303e+26 1.838598252486682704e+26 3.795080138200291840e+17 4.715866924323411520e+27 -7.001197737908776523e+26 -5.786194143475138560e+17 4.257160983272358732e+25 2.071021689945037072e+25 -2.689230428906726400e+17 1.439191570577404804e+25 -1.536743607909411981e+24 3.701443887665204480e+17 -8.016758324079950291e+25 -1.194987611158482666e+26 -1.807221669856898048e+18 -7.828902610525514484e+24 9.171406732594523364e+24 2.267565957146903360e+17 9.327913842009864817e+25 -1.507377468528712108e+25 2.202151859080998400e+16 -2.727436072180314718e+25 2.404200552553305996e+24 6.116818184086758400e+17 -5.855749572989549283e+27 2.417091503113239385e+27 -4.139960319735322240e+17 5.542059941934688221e+26 1.209234027183410026e+26 -3.917819390504310400e+17 -2.726713505399079287e+24 -1.332422416887215738e+25 -1.427961846221472512e+18 1.966906746420884023e+27 -1.951242446023936883e+27 -2.127739263918010240e+17 -9.385296729584239091e+24 2.436811317310038044e+25 -1.267818618717691904e+18 -2.592029864887732987e+25 -3.745537484820941867e+26 -1.828291711589068800e+18 -3.224428103770271134e+26 -5.460076395945369584e+26 2.667464606790733312e+18
7.929952248245630720e+17 6.653000535654864640e+17 1.100769160018346373e+25 2.789497286299798720e+17 -6.677772376439264000e+16 -1.337983568463170119e+26 -5.441717953611616000e+17 4.902707202084446080e+17 4.747615445081990564e+25 -3.968137592658528000e+16 2.609342018197398400e+17 -4.731914714905130049e+27 3.714831555956768000e+17 7.240064138825238400e+16 4.464923365970436141e+24 -5.301178169840464000e+15 -1.802327778467437440e+17 -3.743479750067226697e+25 -5.443593866060773760e+17 2.374115548274086400e+16 -1.799565917011326991e+25 -2.482959741562800000e+17 -4.384767667927397760e+17 4.346558027638902992e+26 -2.590684211493791680e+17 -2.618729683487366400e+17 1.082987352507248795e+24 5.271274302995719040e+17 7.144242885047980800e+17 2.458757663122237906e+24 -1.021092529076551520e+17 9.958558243249497600e+16 -4.376231202426352994e+25 2.041311308282823360e+17 3.487454760604488960e+17 -1.295830777316247836e+24 -3.332502475399621760e+17 -4.774299263416742400e+17 4.974112374663500747e+26 2.267156562379048320e+17 -3.698431164550360320e+17 2.407976553221182487e+24 -4.465818396079496960e+17 -1.934177902314439680e+17 -4.036419901840776726e+27 -6.515459611701271040e+17 -5.452114919696487200e+16 2.627413947347353318e+25 -6.630462699739123200e+17 -5.246642090442576000e+17 1.172933639047968317e+28 -6.271404926346598400e+17 4.220705797226476800e+16 -3.742747782878752760e+25 7.128011186741235200e+17 -1.800852996692899520e+17 9.732592945990081993e+24 -3.411636703564339200e+17 2.886897829822513920e+17 3.694121863719587408e+26 2.459955316574549120e+17 4.441862302428918400e+16 1.034702607881656238e+25 2.010073813102950400e+17 -1.160378443658448000e+16 -4.786345961346319103e+27 1.163625964952491200e+17 2.977049303607427840e+17 -2.816748303724776605e+25 -3.505653884661034240e+17 -3.679721467743156480e+17 6.268734146372427147e+26 6.574544466460725760e+17 -3.666356399851112960e+17 3.708641893945926615e+25 2.424635491389766080e+17 -1.107489300156381696e+18 -4.279530170577811124e+23 -1.750786748738500096e+18 -1.391480073914796800e+17 -2.116316385029133604e+26 -1.277033807485201920e+18 -5.998258598059818240e+17 -7.703647948079474122e+24 1.199337075596740608e+18 -2.255978170303574784e+18 -1.737087653507601405e+25 2.248006435041121280e+17 -5.146546676323221120e+17 7.999107071538046337e+24 5.745800947497172480e+17 -1.948341234335264000e+18 1.227919561077102606e+26 3.092705709424201600e+16 -4.705102773741653760e+17 3.066867928268081302e+26 1.859568021216240960e+17 -6.395467393413329920e+17 -4.193318243440189942e+25 9.946252863375070720e+17 -1.211562613246385280e+17 -4.339427063564316645e+26 -4.452051026673227520e+17 -8.110253547016595200e+17 1.354534665330107434e+25 1.274841578140182528e+18 5.451234257934305280e+17 1.864805973363480658e+27 9.555416594615646720e+17 3.370157647847271424e+18 -6.574318755480018088e+24
3.698433627175264283e+26 5.281896441652460384e+25 -1.843520356755487040e+17 -2.313986384603951729e+25 -6.407173940381417721e+25 -8.591599607165260800e+16 -1.202510590578080573e+28 6.944259056381539142e+27 6.873759230834828800e+17 1.043478117492229399e+27 7.308851076478181005e+25 -4.195885420242822400e+17 -3.739677599382497758e+26 3.185012594781558356e+26 -3.003314435697309440e+17 -2.862592619812017209e+26 -1.285979637809907742e+26 4.308207513163105280e+17 -9.323819727965764088e+26 2.249935228188280729e+26 2.553344265122981440e+17 -2.611210294663884829e+26 3.474733664380460730e+26 -1.539497917496286080e+17 3.063745771173558841e+26 1.465374347547871605e+26 2.219380141404243840e+17 -2.344724696483275755e+26 -1.323650731951269091e+26 -6.093465121129920000e+16 1.899577881546347641e+26 2.127151511306745954e+26 1.753737041381975360e+17 1.837610420377297315e+26 -1.803274717931720308e+26 -3.161228033597527040e+17 1.699011193385014452e+26 -2.310098234979056620e+26 -2.396998062567157440e+17 3.289938352295298993e+26 -1.521023053041416326e+27 4.734797449128604160e+17 4.991009973270033193e+26 -3.846600629859952041e+26 -3.376658313663113600e+16 8.295072283113365986e+26 1.420462814940435458e+27 3.016250498534893440e+17 -8.112140447078591697e+26 -2.250144167774726920e+26 -6.271404926346598400e+17 4.300899383111202776e+28 5.627892056905232381e+27 1.052089421106817600e+16 -1.887553434471027941e+27 -2.733264700694667963e+27 4.707931147653477120e+17 -9.742954892524152313e+27 -6.134324156461478536e+27 -6.415300010109751040e+17 -6.997772128942834620e+26 -4.715793028512229236e+27 -5.777359141605246720e+17 -2.118678517763922268e+26 1.762998048698741171e+25 5.997943539324097280e+17 -1.770648040656118930e+28 -1.178945581171381442e+27 3.421524077288965120e+17 -1.403648589561140960e+26 2.581541261300383444e+26 9.200246874006616000e+15 2.229660417100913272e+24 2.734272423049487972e+25 -1.536826487724259840e+18 -1.332694793833739272e+25 2.746101164279467182e+24 -9.973439770851002880e+17 9.256048659924376439e+24 7.761748374530497133e+24 2.858624250978416000e+17 2.427676347731646162e+25 9.319168256409232227e+24 2.489521887814658560e+17 -1.563495982244691960e+24 -1.438573801230164461e+25 -9.829425231337303040e+17 1.206666508779582839e+26 -5.543330899508684181e+26 6.828949529265640960e+17 2.082004376769799028e+25 -4.250769465826476916e+25 -3.426482575559678080e+17 2.415897471313254660e+27 5.857032691051479851e+27 1.661510324750691584e+18 -3.747473146692972386e+26 2.639693480790925803e+25 -1.524995594048878080e+18 -1.195618809845770913e+26 8.010801557679722416e+25 4.675812293380168960e+17 -1.953741363414339047e+27 -1.967705798217469631e+27 1.124024666365141632e+18 -1.517579907661846894e+25 -9.317210480469640934e+25 9.336027819981832960e+17 -5.465371396872088666e+26 3.226007759820726275e+26 -1.712119484852090880e+17
6.931620088486215902e+25 9.743542066089158913e+25 1.389443648364638720e+17 -1.492237184696742111e+26 3.253168835921091798e+26 -6.163359616859779840e+17 4.688453217781828633e+27 -1.320836483609950339e+28 5.631551762890350400e+16 1.164695005730850148e+27 -5.001014989479091310e+26 3.738358526423130880e+17 -5.800398943335337245e+26 -3.466077612736937198e+26 2.914558355612554240e+17 -1.285101700651333888e+26 -7.939393185092368466e+26 -1.768407458770429440e+17 1.918428502465415203e+26 -8.109961698752623183e+26 -5.684295500448551680e+17 -3.207311693588760364e+26 -2.260793953264302486e+25 -3.825062484325861120e+17 7.056946844498149265e+26 6.513747671546486547e+26 1.852196264712958080e+17 4.105552853599418351e+26 3.244464254878136129e+26 -1.830984750924939520e+17 8.524967360253399101e+25 1.423048397917115026e+26 2.271923387382732800e+17 -4.507193126452060449e+26 4.495569609929299415e+26 1.783259129402889600e+17 1.196797129677892377e+26 -1.995976823173733946e+26 -6.867376066288329600e+16 -4.182038733222416456e+26 8.678477314212848088e+26 1.935585121433767360e+17 1.865596458697027847e+26 2.171027263146837288e+26 -1.789423405680044160e+17 -2.357849161633768609e+27 -7.983413397794209193e+27 -1.603958774262944000e+17 -1.931198015428141176e+26 -9.324330879974680428e+26 4.220705797226476800e+16 5.627892056905232381e+27 5.494647864460145225e+28 1.132082121378226560e+17 -4.077163636724699394e+27 -1.161197120403885075e+27 2.315676026921961600e+17 -3.903606395597532885e+27 -2.133975581117534421e+28 -3.242056477343927680e+17 -1.427481526659775689e+27 -3.292324316113269546e+27 1.995457771731784320e+17 -7.634393618060746231e+26 3.719443784585163014e+26 -3.927994541449176000e+16 -1.859760542398688545e+27 -6.378567662733363123e+27 -9.504186812902393600e+16 8.426969186681491513e+26 7.524214537090778351e+26 3.930463642712647040e+17 1.365088408869756670e+25 1.385982347700569150e+25 5.135266332561702400e+17 3.814108775270748664e+25 5.060247862350951838e+25 1.134574149352097120e+17 5.176251226448069086e+24 -6.034314352071053912e+24 -1.624118857933487104e+18 -4.660494485503273726e+25 9.304867059849468691e+24 6.809831141162736000e+15 -1.769420191019495558e+25 -1.636122317607395249e+24 3.972803561972179200e+17 6.668134881358352473e+25 -8.299869792442641748e+25 -1.224758238745238720e+17 -3.084697156093459808e+25 -4.141003460297763315e+25 -3.649154822926165120e+17 -2.225960651501262189e+27 -4.824311871095685610e+27 9.700949850375440000e+15 6.185482711064673369e+26 -1.576254346859920303e+27 -6.097076204143174400e+17 3.417112582396693651e+25 1.191556134488944750e+25 2.971904124972954880e+17 5.093015584559139107e+27 2.148214776383171460e+27 2.187344285279657280e+17 4.475171484704934144e+25 -2.782692693848066686e+24 -9.475815501104317440e+17 7.277161331109512166e+26 9.217114774964811580e+25 1.052154592604310144e+18
1.135414432400496320e+17 -6.365580426017863680e+17 4.755849734703347870e+25 -1.382854841582513920e+17 2.097653329289971200e+16 1.101825551937384957e+25 4.292989453717160320e+17 3.699715761481875200e+17 -4.731411786717108894e+27 -8.747949022074472960e+17 8.952623386276385280e+17 -1.338098162300223047e+26 6.619028280354080000e+16 4.336620816077227200e+16 2.626802145742156696e+25 -4.311284809526821120e+17 2.041113322800605440e+17 -1.798356451992785091e+25 -4.638373872365253760e+17 -4.998328730041728000e+17 -3.743552741017119291e+25 -1.782137805729855360e+17 3.970859101205962240e+17 4.443048890407014728e+24 -3.639468124355436160e+17 -1.457215181892696000e+17 2.406882906185060196e+24 -3.989104662854845440e+17 -4.546424990015907840e+17 1.035740663853823298e+25 -2.112330827284953280e+17 5.580063769383261440e+17 -1.300944787805660108e+24 2.058224758416580160e+17 2.894666900213369600e+17 -2.819035869656539419e+25 -2.420428029100870720e+17 4.538135607605662400e+16 2.466517620797362844e+24 2.449125621907779840e+17 4.467109445289402880e+17 3.691438747038500067e+26 1.423860392397121600e+17 -1.985146400406826560e+17 1.068357565607888799e+24 -1.226619491239965280e+17 2.235463610034747840e+17 9.072575805771716976e+24 -5.803505465477803520e+17 -2.269053532109043200e+17 -3.742747782878752760e+25 1.052089421106817600e+16 1.132082121378226560e+17 1.172909473393693085e+28 4.467795121869113600e+17 -3.198606339300010240e+17 4.347323356771638731e+26 -1.857036919436566720e+17 8.020632932222099200e+16 -4.036414468872423125e+27 1.085159501601365440e+17 6.659039442346480640e+17 6.268338436807334645e+26 -4.934076267642318720e+17 5.333533151853717120e+17 -4.378120823999348580e+25 1.556301038404880640e+17 3.228788475346480000e+17 -4.785905211003939888e+27 -3.695848127889694720e+17 2.579883654763668480e+17 4.973153136636300077e+26 -1.158575250016962816e+18 -4.411483282438499840e+17 7.986303403306907104e+24 -1.814753795544441920e+17 2.264552473023939840e+17 -4.192220318819280398e+25 -1.629409050525368576e+18 -8.083841828792906240e+17 -7.708513856067244145e+24 3.854924745463224960e+17 6.368612990457620480e+17 1.355066842277715338e+25 -2.560869879845102080e+18 -1.616227764516233984e+18 -4.262121266006412650e+23 1.359938572934123520e+18 1.342148953158900800e+17 3.068626252828159955e+26 1.188713457330168064e+18 -5.113793615387242880e+17 3.713975003739563364e+25 8.484830920503429120e+17 8.280406450552691200e+17 1.220937330960240661e+26 -2.782197083066028800e+17 -5.310712983277333760e+17 1.864919262153982017e+27 8.205978446813401600e+16 -7.671403391519189760e+17 -2.116296951537328433e+26 -4.560645517049624320e+17 -4.485234910653227520e+17 -4.327708718618108640e+26 1.225476176645986304e+18 5.386066115550087680e+17 -1.734042009977154916e+25 1.303540188597322240e+18 -1.441503614062110976e+18 -6.597601871698619208e+24
3.002119906955307814e+26 -1.837529701715568152e+26 6.220625297877514240e+17 1.149484817568335577e+26 9.414820503656544947e+25 4.069125591416230400e+16 -3.516164745912837351e+26 1.310948338293165065e+27 -2.437195130686365120e+17 -1.196469658328231222e+28 4.691721848398034481e+27 5.154687828718876800e+17 -8.138989280630772039e+26 -7.319421725157915888e+25 -2.139585811045456640e+17 -3.739792304060898178e+26 -5.799298764337274407e+26 1.902150577139030400e+17 -2.332478891044298637e+25 -3.474859417318681727e+26 -3.412651248923582400e+16 -7.663896017607716502e+26 1.743586409728018667e+26 2.736270260157576320e+17 7.360674990744320950e+26 6.576088268068601625e+26 -2.819453100529264000e+16 1.764087715524180295e+26 8.582603999428602307e+25 3.034367638590129920e+17 3.452547108651385476e+26 3.536956797007046240e+26 1.529426671362279040e+17 -2.088504887935611138e+26 1.589129503715479930e+26 3.594815908231427840e+17 3.822768603666904926e+26 -4.767799578520005113e+26 6.949138179318804000e+16 2.019878606932900000e+26 2.165969934181066549e+26 6.167385278050191360e+17 6.635491090680342033e+26 -4.521894661755622672e+26 -1.727052031007780800e+17 -9.732197601016467777e+26 -1.732941906370493676e+26 -1.236317657341790560e+17 -7.987486665279498980e+27 -1.420097658705158766e+27 7.128011186741235200e+17 -1.887553434471027941e+27 -4.077163636724699394e+27 4.467795121869113600e+17 5.591104330445851803e+28 4.250113335927645375e+27 -1.396881686117245440e+17 -2.220250011431567946e+28 -2.547403067534867073e+27 9.178155709024315200e+16 2.927022312513022123e+26 -8.097770220217044159e+26 6.652909789317928000e+16 -3.917602091532668224e+27 -1.082084607372004910e+27 1.997263411650578240e+17 8.583435984922648767e+26 7.324189467363601925e+26 -1.534061196424464000e+17 -6.839145004976810417e+27 -3.045158605059399819e+27 6.461669271460945920e+17 2.593269071614606650e+25 1.135968477000453559e+25 3.970911513420304000e+17 -9.305537502485772014e+24 6.272475085434110121e+24 6.830995846471180800e+17 6.827756193481558145e+25 3.072684324383266601e+24 -3.783979446469120640e+17 2.304037785813322553e+24 -1.551417315560253105e+25 1.621058050185049600e+18 7.380620572782169678e+24 -3.969901625956773641e+25 -2.277681278942698880e+17 -5.199413164916438612e+25 -1.779299891704211546e+25 7.171973141324591360e+17 -1.435630146043419419e+26 8.315124669657114326e+25 3.194013169251804160e+17 -4.330114844641821572e+27 -1.513585090847488723e+27 -3.405385978474883200e+17 1.143646543268967432e+25 -3.109510889390822232e+24 5.917939609656917760e+17 -1.445084060528234978e+27 7.459415451101311210e+26 4.090750173753523840e+17 4.124668376430132821e+24 5.887929561775263759e+25 -2.514737681357924480e+17 2.398299296578433282e+27 4.636804977463829115e+27 -8.315098725267727360e+17 1.977252451956594532e+26 6.492691824396723614e+26 -2.860538368641536512e+18
-9.796256840745628035e+25 3.575855982114534215e+24 7.025512648984880800e+16 7.946333576369231662e+25 3.543061585720100063e+26 6.312569814731814400e+17 2.208148279408771224e+26 8.943265281230607989e+26 -1.497987869281281024e+18 6.944476568200726617e+27 -1.327962964063340404e+28 -1.535294188969560960e+17 -7.313023068431604684e+25 -2.639518504063497412e+26 -4.400894764203960320e+17 3.187096601766063274e+26 -3.466954547683149921e+26 -1.017115908391849280e+17 3.209505181192386426e+26 -2.611765196199459280e+26 -1.652669666591931520e+17 2.078006374397920565e+26 -9.734422849946146580e+26 5.927538913462024960e+17 1.005097812846434076e+26 2.241977756290366799e+26 -4.321170272833572800e+16 2.108044031033324560e+26 1.619715584058895083e+26 2.172010386968985600e+16 -1.940106712103826403e+26 -2.625006012165518492e+26 -1.153957661898017600e+17 -1.906630944424617905e+26 1.764397023817583207e+26 -2.197143934250259520e+17 -2.006126353658530873e+26 2.601461250396819535e+26 -6.861612054375458560e+17 -3.545428556785558614e+26 5.130158391029584695e+26 4.637908743479590400e+17 -1.556300316521694653e+27 5.377298900805968067e+26 -4.929809201518224000e+16 -2.076872132211486224e+26 -7.664729506230236550e+26 -5.080879227179753600e+16 2.357460183354540462e+27 8.286840581143900652e+26 -1.800852996692899520e+17 -2.733264700694667963e+27 -1.161197120403885075e+27 -3.198606339300010240e+17 4.250113335927645375e+27 4.190949540737465777e+28 5.367774369469225600e+16 -4.776691947101608138e+27 -8.799461555335814634e+27 3.798297987249114240e+17 -3.439960796392562944e+25 -1.173041685564532107e+26 -1.688531816943803840e+17 -4.370961944368970640e+27 -8.165619562823859773e+25 -7.070692585922704640e+17 1.540432343045454526e+26 -2.552252185615573507e+26 5.347126877611878400e+17 -2.360803364520633326e+27 -1.722856825898480204e+28 6.621172235902118400e+16 2.318527384844411392e+25 -9.096202326827988918e+24 -1.445753886686970240e+17 2.032745099963352830e+25 -6.234095860231288599e+22 -9.023684432189806080e+17 -1.141644962320393464e+25 4.658884118604884067e+24 1.635502546322969280e+17 -1.565597029102482664e+25 9.836821766454912045e+24 -7.327742360578595840e+17 3.058800610009470189e+24 1.421097030955959529e+25 -1.522449752284923648e+18 -3.063903798677668730e+25 4.387069023786280595e+25 3.060107263740819840e+17 -5.282123771111928811e+26 1.834763776802372230e+26 -1.204983117456066048e+18 6.579969534930853590e+27 1.942852167253236913e+27 2.261312975823920640e+17 5.337170201992656528e+25 -1.568807344625958207e+26 2.600280009256584320e+17 1.540795421449288312e+26 -4.447851243401223429e+26 3.186098452252403200e+17 -1.030451682296649848e+26 2.152132713892033022e+25 -2.528405873178761600e+17 -2.433121568674272170e+27 -2.243102715777629715e+27 -1.293081920271226368e+18 2.394076400508148201e+26 -6.486710639631575133e+26 1.733264299239518720e+18
3.787243934413685120e+17 -8.540581579772934400e+16 1.108118251583018349e+25 -9.913978970392777600e+16 1.785131851128067200e+17 4.757219896128193023e+25 1.861345962479898240e+17 -3.347001003655236480e+17 -1.326496208594689215e+26 -5.301865856826972800e+17 -2.455640941741245440e+17 -4.730984932927299323e+27 -1.435527992281919680e+17 -2.263784922425831040e+17 -1.797023627554554009e+25 -1.230073247678121280e+17 1.994457530157194240e+17 2.629620782048194297e+25 -5.790104039356825600e+16 6.560110709505697280e+17 4.462930650234589469e+24 -8.012214922445020800e+16 1.483025507784163840e+17 -3.721033299183965822e+25 3.453079699933933440e+17 -2.581982817313013760e+17 2.525590513239933879e+24 2.954697817570241280e+17 2.994450357615096960e+17 -2.568733710913692068e+24 3.231584933912823040e+17 4.041462027707295200e+16 1.033288455110882726e+25 -3.460060911318259840e+17 -3.136130382564706560e+17 3.186468414951801276e+24 -4.134576982376560000e+16 -1.822043648102008000e+16 -2.649085343896573568e+25 5.234486634264225280e+17 -1.212920234485864320e+17 8.071180420732022979e+23 4.238426653380030400e+16 1.436682630702484480e+17 3.699787299758310985e+26 4.996471051908896000e+16 -1.583558065596542080e+17 -3.723877937636449833e+25 -1.840881980880943200e+16 3.942375718041219840e+17 9.732592945990081993e+24 4.707931147653477120e+17 2.315676026921961600e+17 4.347323356771638731e+26 -1.396881686117245440e+17 5.367774369469225600e+16 1.171016649993297503e+28 1.276225514357286080e+17 -1.312442383970297600e+17 -4.023332215923764816e+27 -2.608169637817589760e+17 -4.996902987796836800e+16 -4.116851110878533681e+25 -5.248318297041016320e+17 -2.152260869914745920e+17 6.224184053848222901e+26 1.145852834686899680e+17 -2.066120421153885440e+17 4.941256999206631919e+26 2.194787126632120960e+17 5.109220802571553280e+17 -4.782276277383030760e+27 4.772318127446688000e+16 -3.381429583991319680e+17 8.283864173360035591e+24 -1.066506414109458944e+18 4.881058716551175040e+17 -4.422417083731250025e+24 3.097809510535637760e+17 1.099922066235437184e+18 -4.019002098021148314e+25 1.226151529929754560e+17 1.065804678348836480e+18 -3.835175678436628624e+24 9.914180497270231040e+17 -1.256384472467828224e+18 1.096890547265056236e+25 3.684576585409484800e+17 1.828031311698222848e+18 3.715840574366309690e+25 8.502549808776410880e+17 6.919485138713848800e+16 3.090481364737324274e+26 5.344018583317424000e+16 1.122324265268823808e+18 1.239816264135579093e+26 -3.970966503017203200e+17 7.639967211144573440e+17 -2.200781968852742080e+26 3.707966014213509120e+17 1.018974673989870720e+18 1.880206728605980219e+27 5.526038259316597120e+17 -8.684194426837527040e+17 -3.524214247357122309e+24 -1.211338389367379200e+17 -1.296967444571458816e+18 -4.474745010259195396e+26 -8.224289274453777920e+17 -3.441871101573996800e+17 -6.777618158960235443e+24
-3.436584611696524565e+26 7.358512399156807844e+25 3.120794587332134400e+17 9.861770396821089612e+25 -2.578164127116034202e+26 9.564310348161739520e+17 1.401263235955622765e+27 3.508853320843671343e+26 -1.105638048156017920e+17 -4.217950882747583107e+27 3.951677516040630137e+26 -3.427554049277632000e+17 7.361009310648385289e+26 1.006269429246597329e+26 2.469316048237807040e+17 3.062924308646974870e+26 7.057779126440433451e+26 -9.961846770982528000e+15 2.177696277300482236e+26 3.844992867456097953e+26 2.457491435779798080e+17 5.127735639085062358e+26 -2.173454237084599060e+26 5.451184112259255040e+17 -7.165139314496101166e+26 -6.200826117520521591e+26 3.246210290881574400e+16 -1.853999413329884124e+26 -1.138982165226610289e+26 -4.733757517423267840e+17 -2.109379663773376694e+26 -2.717966255782234355e+26 -9.933307578332044800e+17 2.161242738540217546e+26 -2.013477573956701936e+26 1.430149662982276480e+17 -2.490463810162636679e+26 3.466316224918547583e+26 -4.589079432238357760e+17 -1.855226308436765783e+26 -2.902302087463935798e+25 -1.850345053927156480e+17 -6.275785136822186337e+26 2.994829094178584180e+25 7.180682610445419520e+17 5.368390494767362470e+26 4.507619795250312981e+26 -4.444630772514999040e+17 8.693197434739378954e+26 1.521161067628610248e+27 -3.411636703564339200e+17 -9.742954892524152313e+27 -3.903606395597532885e+27 -1.857036919436566720e+17 -2.220250011431567946e+28 -4.776691947101608138e+27 1.276225514357286080e+17 5.079096541597071779e+28 -2.599110236922678833e+25 -5.675690029347248640e+17 -8.891633972677084923e+26 7.222336388352013897e+26 2.150574566175802240e+17 1.069473055315369095e+27 -5.280652757061294296e+26 -5.966662558405797600e+16 -1.412224109960461559e+27 -3.234812563282462737e+27 -2.174959224660888960e+17 -1.866756284471597328e+27 -1.406657416303252614e+27 2.200949416561742720e+17 -2.190865373475858464e+25 -2.382859112560487995e+25 2.029661989455767680e+17 -2.562633667295104171e+24 -1.765544299383839498e+25 -9.155321114823927040e+17 -1.427833773751107195e+25 -1.716158363683232055e+25 -9.558918039096974080e+17 2.232295012013923309e+25 3.362658391313454843e+24 -3.171207772151850880e+17 -5.475548552427571142e+24 2.047004405067869392e+25 -2.633483426351211520e+17 7.868686182266193742e+24 1.740261047095756356e+26 -5.171440405879610240e+17 -7.336066077758324088e+25 8.197034738944498543e+25 5.172337842428016640e+17 -4.704211307045950390e+28 3.624873759936323051e+28 7.357374149449547520e+17 6.699316766142696398e+25 -4.219567181858240424e+26 -1.683237423327917824e+18 9.730081005119280386e+25 -6.285990751678264102e+25 -1.412401248129124160e+17 1.194652336238603096e+26 3.213780342480644354e+25 1.038837383832902912e+18 2.198727342346675942e+26 2.439920878947403157e+26 1.690516711084974720e+17 -1.081785269961745830e+26 -3.068442195082935198e+25 -9.162813352346264000e+16
-2.105900449462191343e+26 1.218299356783619120e+26 8.105163308776950400e+16 2.610472664311294745e+25 -3.212222001590659662e+26 -1.077837546860703104e+18 -2.031199672251827712e+26 -4.288523114353506702e+27 6.430049033080380160e+17 9.517402037468187474e+26 1.324406835962467095e+27 -1.539437371435738240e+17 6.576631118525949057e+26 2.241817472516111555e+26 6.361059833884560000e+15 1.465230170677224355e+26 6.513423597589177681e+26 1.540353582169143040e+17 -1.858002699687487374e+26 4.991956572158716104e+26 2.523711010151956800e+17 3.545768490058872162e+26 2.013910891101762894e+26 -2.176419272545367040e+17 -6.200627465911520675e+26 -5.798823353668147906e+26 -2.178680953413554560e+17 -2.825642336362656414e+26 -1.626903015400099243e+26 2.629370751914997120e+17 -1.103711076740975404e+26 -1.453525307996640057e+26 -4.954854470235667840e+17 2.975516702602229887e+26 -2.619860736953325135e+26 -4.866554936859416960e+17 -1.495235772438962772e+26 2.040025480525308415e+26 -4.931892313873538560e+17 -2.116992375532491146e+25 -6.267173376344858138e+26 1.486779302799328960e+17 2.031671084749836308e+25 -1.850435451494832225e+26 -1.863060127892646400e+16 1.556393470802127617e+27 6.626053063600561298e+26 -6.312205248742875200e+16 4.198634129086547169e+26 3.297751739724837395e+26 2.886897829822513920e+17 -6.134324156461478536e+27 -2.133975581117534421e+28 8.020632932222099200e+16 -2.547403067534867073e+27 -8.799461555335814634e+27 -1.312442383970297600e+17 -2.599110236922678833e+25 5.058454797887257890e+28 -3.411768737244036480e+17 -3.138601990785892049e+26 1.067632409054336825e+27 -3.905924772697898880e+17 5.093497327555234526e+26 -9.110502636607920985e+26 -1.706325303887133760e+17 -1.453038988222796292e+27 -1.378477270424731416e+27 4.155264106467239040e+17 -3.177826692277361619e+27 -9.100288168978862254e+26 -5.429198850695149440e+17 -3.154229095773713049e+25 -1.805123531601304070e+25 7.733389039866245120e+17 -7.978368216331934174e+24 -1.314490901420578141e+25 -6.648168415227781120e+17 -1.991107650437488503e+25 1.064939418026848201e+25 -2.245393017742608000e+17 4.531368220842559233e+23 1.216885753707611475e+25 -2.188212230641082880e+17 7.102374889254447349e+24 1.331568557373185245e+25 2.362325783032328640e+17 7.684162539627127567e+25 -6.313227190213356409e+25 5.953044057663616000e+17 1.878658229340711827e+26 -6.759889658521433141e+24 1.150631982685420800e+16 3.618625951983217348e+28 -5.427976885098745167e+28 -1.872666538145125760e+17 -7.392540935629087284e+25 1.339324911456216685e+26 1.346052075540640000e+17 -3.886709997846157973e+26 1.388532312710476739e+26 4.448466917436718400e+16 2.504641463035481872e+26 2.523416993621412053e+26 -3.654906781246622080e+17 2.411713708469726008e+25 1.015103128363022792e+26 -9.240659539362101760e+17 -2.783153476777912214e+25 -1.030473995214050889e+26 1.083829192374148608e+18
-1.780750370762924160e+17 4.749082048766112000e+17 1.731407147027505530e+25 3.387739009275615360e+17 -3.445375042443080000e+16 1.728291082411563203e+25 -3.562585423500258560e+17 9.237442962981281600e+16 3.779377337985525138e+25 1.088825488229342560e+17 -2.964763311292675200e+17 3.770229633575898120e+25 -3.443387479450432000e+17 3.989077969419114880e+17 2.533835109677726901e+24 3.121159568612847360e+17 5.039330295129721600e+17 2.403280864168786390e+24 1.625662541102773760e+17 -3.288774377932976640e+17 1.082423056114707136e+24 1.513038754627953280e+17 -7.421731196714539200e+16 7.943725359765912006e+23 5.722128441434502400e+16 1.832134498599199360e+17 -6.405261492837361595e+24 -1.278894546829064000e+16 -8.416859757962689280e+17 4.803611879465001125e+24 2.130693263463469120e+17 3.112757330591008000e+17 5.633922729315354920e+24 -1.023136152235608960e+17 -2.548380280682049280e+17 -6.495799532197228740e+24 -7.961052761151761600e+16 -5.041818170828345600e+16 -6.886845320657033344e+24 3.791120007069413120e+17 1.112380776965826240e+17 5.414648630710556897e+25 -1.415894854140907200e+17 -2.709228549094848000e+17 5.414395624713020022e+25 -1.344661045721503840e+17 -9.418242337827731200e+16 3.698259123912800941e+26 -1.356615849048531360e+17 5.809473066182001600e+16 3.694121863719587408e+26 -6.415300010109751040e+17 -3.242056477343927680e+17 -4.036414468872423125e+27 9.178155709024315200e+16 3.798297987249114240e+17 -4.023332215923764816e+27 -5.675690029347248640e+17 -3.411768737244036480e+17 8.880827042931215498e+27 4.004233504792705280e+17 2.966075843892631680e+17 2.278163311755933950e+26 3.030850121947137280e+17 -3.356913007657996800e+17 2.236445351205325959e+26 4.044867675454563840e+17 -5.956102075825312000e+16 1.193069755746661583e+26 2.179909230457042880e+17 -1.350255006891781120e+17 1.233252893685261643e+26 -2.401159746065768000e+17 -7.002467990795758080e+17 -3.561420353859735056e+24 1.247504190639795520e+17 1.143195308893542144e+18 1.277579833210051516e+25 -2.057453604085060480e+17 2.858038820943328000e+16 9.130544063438064257e+24 -1.053357948316269696e+18 1.320074188598592512e+18 -5.748185428626544131e+24 3.657510212971079680e+17 3.446522745694580480e+17 -6.190030638920448986e+24 2.149664287641746176e+18 -5.594838449029457280e+17 -1.671793875934340991e+26 1.302804726969900800e+18 9.451275572844736000e+16 -1.681791741053053478e+26 6.926718244788160000e+17 2.354520360999536640e+17 -7.726177367646087408e+27 -5.896792682940674560e+17 -3.080299739334231040e+17 1.639841126539034173e+26 8.640004050740372480e+17 2.157731357673036800e+18 1.758625770231070574e+26 3.158406720748931840e+17 -6.634794003455088640e+17 -3.588261564974164771e+26 7.897039600584132800e+16 -9.599546516883063040e+17 -3.759348511676982414e+26 -8.909656578842716160e+17 -1.549479401174555840e+17 -2.190853334058814344e+25
-4.358146376579310851e+26 6.142157579891311396e+25 5.283134306076626560e+17 -1.342032525843104296e+25 -9.726802687019683387e+24 -1.052275835488195200e+18 -4.785200591906534196e+27 -2.161390565356492878e+27 -7.174138733123571200e+17 -3.080299467099998047e+26 -1.039167102539284712e+26 -4.167767486675356160e+17 3.821793793435477265e+26 -2.004672450804499855e+26 -6.413642092460682400e+16 1.698672107278835027e+26 1.196435696122266842e+26 3.057457549830401920e+17 7.527033994915707186e+26 -2.581915808081795096e+26 6.079433999564064000e+16 1.619920210543731278e+26 -8.584556311388748561e+25 -2.346678470577292480e+17 -2.489176225061933216e+26 -1.495074338112475759e+26 -8.826501941695011200e+16 1.466252863583690503e+26 7.147751989006865645e+25 1.163636728910546880e+17 -1.112378102766350144e+26 -1.168844985933840344e+26 1.033526500245468960e+17 -8.108071827160048187e+25 1.202629854937337879e+26 -1.197667729280805400e+16 -8.963778510985785799e+25 1.324238653208657948e+26 -1.640634723779528320e+17 -9.100973385042585782e+26 1.407805378236887572e+27 3.927041779039207680e+17 -1.627153469489817304e+26 1.139981414786585352e+26 3.474474768248657600e+16 -1.724294112032729689e+28 3.051252630490642277e+27 3.304898544145942400e+16 3.246072701388115341e+26 1.324069517161941077e+26 2.459955316574549120e+17 -6.997772128942834620e+26 -1.427481526659775689e+27 1.085159501601365440e+17 2.927022312513022123e+26 -3.439960796392562944e+25 -2.608169637817589760e+17 -8.891633972677084923e+26 -3.138601990785892049e+26 4.004233504792705280e+17 5.038621541970449292e+28 1.109530968052937984e+28 -1.394568402178276800e+17 7.576474914670576927e+25 -1.260781363968353931e+26 -3.299748336160090880e+17 -8.169577548614474908e+27 -2.277285641906998721e+27 -1.861685997400264640e+17 -1.199663448768093751e+26 -7.152017997072564226e+25 -1.096374663177134080e+17 3.856460112201744671e+24 -1.356630803713334760e+25 -7.188239985765742080e+17 2.828910720840062263e+25 1.284853446157591267e+25 -6.998940456263379200e+17 7.081534897648821957e+23 -1.279192199357417792e+25 1.978749247702218560e+17 1.315190123662411016e+25 1.371456642636117936e+25 5.647857726150016000e+16 -4.063137029511880437e+24 1.035675226344952473e+25 7.292729119761049600e+17 1.713429712859382815e+26 -1.957149958702361539e+26 5.476359859954868480e+17 -1.129822004379999952e+25 1.042011794021523339e+25 8.217057848100716800e+17 -6.821684365617165672e+24 -1.548629855744324388e+26 9.843543789449648640e+17 -6.590434513910728397e+28 -3.564163586502939416e+28 4.974346117903077120e+17 1.876511932875539663e+25 -1.684094956904648524e+25 4.685622720365187840e+17 1.997915094808539744e+27 6.039729937023178085e+27 -5.304799044305548800e+16 -9.124993510640761661e+24 -1.498084697953191516e+25 6.587385587428167680e+17 3.317457699042688833e+26 -7.957803639551003118e+25 7.091041326271388160e+17
5.161717268756458337e+26 -6.124769063227645364e+25 -4.230909969106766080e+17 -2.396222322200848792e+25 2.055486921403288525e+25 3.155882880293306240e+17 -5.000099759926165670e+26 -2.895615675734936198e+26 7.329002732569959680e+17 4.450229833509099188e+26 -5.037299646929438533e+25 -1.109567184754507392e+18 -4.767877395040154474e+26 2.599699126808724815e+26 -4.398952443669669760e+17 -2.309986113980263658e+26 -1.996393002910512119e+26 5.097258547625712640e+17 -8.432269115362955909e+26 -1.405168200273569963e+26 1.773830821524059520e+17 -2.108122783382354607e+26 1.765660206477282013e+26 3.850506895141337600e+17 3.465917265823923888e+26 2.040621285439936003e+26 2.018840630221441920e+17 -1.555691592152680161e+26 -1.199784769441720341e+26 -3.118922547355131520e+17 1.475419383958470256e+26 1.703175287767796297e+26 -7.582105648571529600e+16 1.936995663439617630e+26 -1.069116461499105236e+26 2.166211247650777600e+16 1.324603507431466038e+26 -1.839317515344620935e+26 -1.691621870654085760e+17 3.178627581214279097e+27 -1.869073242300891110e+27 3.614978545135987200e+17 2.826974174060939590e+26 -1.856296497571621524e+26 4.348851848117493760e+17 2.366158640444878932e+27 -6.839800418025573648e+27 -4.019517413755390080e+17 -4.109292924829391294e+26 -2.345861263644882371e+26 4.441862302428918400e+16 -4.715793028512229236e+27 -3.292324316113269546e+27 6.659039442346480640e+17 -8.097770220217044159e+26 -1.173041685564532107e+26 -4.996902987796836800e+16 7.222336388352013897e+26 1.067632409054336825e+27 2.966075843892631680e+17 1.109530968052937984e+28 5.395741552088289726e+28 -3.229762444595825920e+17 -1.912833074106096884e+26 1.105863795846429416e+26 4.373216778154819840e+17 -1.225018308162600631e+26 -3.066644962841453556e+28 3.355722780628390400e+16 1.555340178274504764e+26 1.466042355031004701e+26 -2.599163715639709440e+17 5.699662716180597005e+24 2.231694312846472996e+25 -7.123910892092576000e+17 2.030428890093455676e+25 -9.612296672959252153e+24 -4.100028734667852160e+17 2.053213461725569884e+24 1.099151666116920478e+25 -4.083057641542982400e+17 -1.271120764912700890e+25 -8.248931625438654736e+24 -3.121616094060245760e+17 4.714903933154388917e+24 -1.664591302925464164e+25 -1.198745088016231936e+18 2.689109630521219682e+26 3.026262688772176516e+26 -3.935855993941575680e+17 -3.075554476673452023e+23 -2.476813743912250916e+25 -6.679145496454224640e+17 1.112875695672107481e+26 4.016450186837858824e+25 -7.221696340714717440e+17 -3.576341053821693251e+28 -3.875594114418519378e+28 -1.121493210190479488e+18 1.448153294375549368e+25 1.384380119485050492e+25 -1.179507535815805440e+17 -1.494914853486155272e+27 -1.871463682736451560e+27 -1.072719536068500224e+18 1.899913548217955071e+25 -5.877928766190743196e+24 -8.904198227873367040e+17 -1.807347690809189562e+26 -3.595813572229170084e+25 3.703808227972632960e+17
1.021180783862806720e+17 -1.712329600252770880e+17 1.122867886830287590e+25 4.135813355324550400e+16 -2.311195883247113920e+17 -1.688778000389248509e+24 -2.893633645377812480e+17 2.031717573068737920e+17 9.923025560869560623e+26 2.972233930101984000e+17 2.698678995499803840e+17 -4.524339355059355760e+25 -1.512054211450104960e+17 -1.287009483515678560e+17 -2.650892980751915848e+25 8.290168561562320000e+16 -1.104214021017352960e+17 2.464858658539180273e+24 1.622817454108640640e+17 -1.814996489662807040e+17 4.973892567490786823e+26 -1.629448513755248320e+17 -1.042598423072848320e+17 -2.575451173712170360e+24 -1.252642856902690200e+16 4.706908048817792000e+17 -6.883010955111338936e+24 -2.567084828465086720e+17 -1.431558836100725120e+17 -2.399236657927069406e+25 -4.222335394531076800e+16 -2.869646874787600000e+17 4.764571205546830530e+24 2.548995107835581760e+17 -1.099930218389528000e+17 2.272483866243778821e+25 4.712768811058560000e+16 1.135612434921451680e+17 -2.645929229805864670e+24 -2.978964446740226560e+17 -6.376419538057256000e+16 1.236939540865158034e+26 -5.397079867238338560e+17 -3.831598755903666560e+17 4.809747569014939077e+24 1.888966306828531840e+17 -6.455558138973937600e+16 -4.782085750347978539e+27 -4.539021078377834240e+17 -4.327146920140551040e+17 1.034702607881656238e+25 -5.777359141605246720e+17 1.995457771731784320e+17 6.268338436807334645e+26 6.652909789317928000e+16 -1.688531816943803840e+17 -4.116851110878533681e+25 2.150574566175802240e+17 -3.905924772697898880e+17 2.278163311755933950e+26 -1.394568402178276800e+17 -3.229762444595825920e+17 8.736681309711092325e+27 2.441419833814861120e+17 -7.597571902482372800e+16 1.088986939465734173e+25 -1.450910819289580160e+17 1.785617482229795840e+17 -4.227709837638640277e+27 -2.332079630373506560e+17 -6.719111033425104000e+16 -2.400532060241377217e+25 8.316724030319379200e+17 -1.104079127169497280e+17 1.091151169832457747e+25 4.398028385910695680e+17 4.405545654918139520e+17 -3.212008147959822558e+25 -7.681202842176019200e+17 -1.045801444672128960e+17 -7.641788028461345604e+24 1.247493169224035072e+18 4.042930558589860480e+17 4.369874788594409129e+24 -2.096094141586988160e+17 -6.512321135632538880e+17 -1.055906364264816954e+24 9.120946186776761600e+16 5.435408472965859200e+17 -9.483806243697269052e+26 -2.960807096705808640e+17 -9.424238476394647040e+17 -1.523869055821929519e+24 -7.140308726111056640e+17 1.893411659505181760e+17 1.583885591593315644e+26 4.790794553149803520e+17 8.327695294177295360e+17 -7.432914405704939413e+27 2.613961731138129600e+17 -5.825052198226787840e+17 1.047555502469822764e+25 -1.900436091329984640e+17 2.207503931160088960e+17 6.226470611101204802e+26 9.782658991816436480e+17 5.624093503178563200e+17 2.929821336950880579e+24 1.444614640404003328e+18 -9.141835164544552960e+17 2.937945759426884787e+25
1.337227822157518330e+25 -2.841135479868807467e+25 -8.832162369847131200e+16 -1.065928282293085320e+25 4.708485498588722509e+26 2.756020220535456000e+17 -2.438815387927230383e+25 4.078036542853854847e+26 -2.471927760262940800e+17 -6.310575128462552511e+26 -9.434066473810585043e+26 3.823606081775916800e+17 -2.087073712864956035e+26 -1.906621434201212382e+26 -3.140578280277335040e+17 1.839814092879641456e+26 -4.506323084557274005e+26 2.530616916037191360e+17 1.421586691792012434e+26 -2.126138029211233144e+26 6.822503914227963200e+16 -2.548039503304755790e+26 -7.321614728924330180e+26 -7.598485680468784000e+16 2.159731627329330711e+26 2.974234815579211302e+26 -2.058915540734903680e+17 1.702014129556923024e+26 1.168479252279635138e+26 -8.993844634514979200e+16 -1.353040223466592802e+26 -1.110860858229578582e+26 -1.234824255400190720e+17 -1.538096847791968280e+26 1.359914834033528276e+26 6.235606737630012800e+16 -8.126288721583235112e+25 1.938760364930779149e+26 -4.636152961185805440e+17 -1.451476717033105035e+26 2.716286229031345034e+26 -3.781382060437923840e+17 -1.376488369608027568e+27 3.233804319338812537e+27 2.182930913446096000e+17 -2.622940859495407886e+26 -3.533742893364608737e+26 2.532315076033411200e+17 -6.378841146547586705e+27 1.175131560308052178e+27 2.010073813102950400e+17 -2.118678517763922268e+26 -7.634393618060746231e+26 -4.934076267642318720e+17 -3.917602091532668224e+27 -4.370961944368970640e+27 -5.248318297041016320e+17 1.069473055315369095e+27 5.093497327555234526e+26 3.030850121947137280e+17 7.576474914670576927e+25 -1.912833074106096884e+26 2.441419833814861120e+17 5.673801643712698985e+28 1.061409833785473773e+28 -1.909453911950920000e+17 1.422266919460808847e+26 1.110259348307610231e+26 3.357134987558697600e+17 -3.067018222368897353e+28 2.276353336356524552e+27 -4.629636147101452160e+17 2.087322207401140076e+25 2.438041756792646667e+25 -2.290739039505363840e+17 1.910931523251362210e+25 2.958606538451611439e+24 5.855985904730028000e+16 -7.836435304029192823e+24 2.037868445948626769e+25 -1.899619503629056640e+17 -9.750324557870919506e+24 -8.053124562139750999e+24 -2.975023884380744960e+17 -3.982885036286017727e+25 3.503909887572124010e+25 -1.072349886211871744e+18 -3.233014499692787039e+25 -1.688154812300721685e+25 2.416492217388250240e+17 2.430749173205712360e+26 2.599452887641778256e+26 -1.049545961727860224e+18 8.271659837230676942e+24 6.875981516483957472e+25 -1.145316034322937088e+18 -2.132275632970158155e+25 -5.319805650349497396e+25 1.159630644841579360e+17 -4.751477037470664302e+28 -3.807433748664390890e+28 -9.899679969085588480e+17 -3.895757828671094957e+25 2.770129481072660888e+24 -3.288070162988435200e+17 -1.454133700901465176e+27 -1.131847589693958989e+27 -8.416893379228522240e+17 -6.486698349645568592e+25 -1.391600749422370037e+26 2.138769065948959744e+18
-1.255953857961874103e+25 -1.078703073680918458e+25 -9.812621159430878400e+16 1.228542447539606313e+25 -4.946425448810371182e+26 3.442631181204763520e+17 -1.364936645966093139e+26 -3.438340232965569518e+26 6.888173802107432960e+17 -2.606970188522890719e+27 -4.447766612296266243e+27 7.023365041769999360e+17 1.585681517226383190e+26 1.773840691855862998e+26 8.624501547196572800e+16 -1.814436537621854588e+26 4.499678121294017543e+26 -3.404406580897246720e+17 -8.484638234418798329e+25 1.908441094069114305e+26 -1.368486630022979520e+17 -1.542651033471266328e+26 8.581337666913464841e+26 -7.943290829717920000e+15 -2.013103598849419391e+26 -2.618980763682623768e+26 -4.389709804647392000e+17 -1.470225110298443202e+26 -1.120079188462430165e+26 -1.587135866187651840e+17 1.022323159880998202e+26 1.422819304165916982e+26 -4.631314762706313600e+16 1.354553771851527756e+26 -1.245767075344661505e+26 -4.589809685239671040e+17 1.211628783442319390e+26 -1.065986957560193242e+26 2.534041459497504000e+17 1.103169778147318463e+26 -2.108472285207399308e+26 1.011682944834901760e+17 1.451691751943449148e+27 -1.411626079405500947e+27 2.748516505431857280e+17 1.948700371231898764e+26 3.454540430593420689e+26 7.471018798084107200e+16 1.855609594131204780e+27 -1.769186234988905780e+28 -1.160378443658448000e+16 1.762998048698741171e+25 3.719443784585163014e+26 5.333533151853717120e+17 -1.082084607372004910e+27 -8.165619562823859773e+25 -2.152260869914745920e+17 -5.280652757061294296e+26 -9.110502636607920985e+26 -3.356913007657996800e+17 -1.260781363968353931e+26 1.105863795846429416e+26 -7.597571902482372800e+16 1.061409833785473773e+28 4.823685729253265753e+28 -4.856717590710634240e+17 -1.028542827582765397e+26 -1.346810939600571179e+26 8.025798970741850880e+17 1.213499825535241937e+26 -8.168806824861595906e+27 -1.457233517139338880e+17 -1.567186441221952616e+25 -1.229737657293068569e+25 9.962426663222516480e+17 -1.253427242807905418e+25 -1.030286848558988306e+25 1.491262908714463040e+17 3.792198189157498063e+24 5.319231360705720184e+25 -2.513573016697139200e+16 2.287686311218444303e+25 -6.501903505105939891e+24 1.182362766686009088e+18 -2.442942358142359882e+24 -1.664848977735971234e+25 9.673867349667800000e+15 1.222384382418358813e+25 -1.277678813246299279e+25 7.943806746421132800e+17 -2.158627968797791325e+26 1.748108615851192010e+26 2.104033083118083200e+17 -1.704370111216741809e+26 -2.503817673675969133e+25 1.393458305283169536e+18 -2.653420082553254793e+25 -1.215139356425757841e+25 -9.538383466911630080e+17 -3.792453807509754102e+28 -5.836755358686416542e+28 6.188966621984535040e+17 -2.815032364594143359e+25 -5.934418133998026699e+24 -3.691475864501047040e+17 6.400536808834897613e+27 1.453380248507366362e+27 -1.156730651444207872e+18 -3.879087845799866944e+25 3.540610325328022225e+26 -1.850585272458833664e+18
-1.438249918435018880e+17 6.084611730124300800e+16 -1.527449960463039969e+24 2.558465660029895680e+17 3.785877438169162880e+17 9.075687806378155224e+24 2.193475715195134400e+17 -1.419973857260937600e+17 -4.683434565877021516e+25 6.049686208295402240e+17 3.101908851056512000e+17 9.880561579967939471e+26 -1.475460136279114560e+17 -1.594021646269660160e+17 3.187498272263337509e+24 -3.542359710360462080e+17 8.794421320245766400e+16 -2.817569752454641941e+25 7.682445445354592000e+16 -4.041520802023688320e+17 -1.294767643576141410e+24 -4.881434679060951680e+17 -5.020421860813896960e+17 4.940520114597554696e+26 -4.407940129382449280e+17 -3.406482738150931200e+17 -6.501663800132141557e+24 -4.163106998504206080e+17 1.126899296200831680e+17 4.762165053810688821e+24 -4.279524818357196160e+17 -3.457170308402636800e+17 -2.781634042303147705e+25 2.203653498760832000e+17 1.389143115253644480e+17 2.413621595787442239e+24 -5.099856414737131520e+17 -3.006666350130448000e+15 2.277397916624668126e+25 4.166583229368949760e+17 7.046232891166606400e+16 5.630470457418266553e+24 -3.520348649669274880e+17 -1.184420510380221920e+17 1.188567842470264818e+26 -2.372118157856828800e+17 -3.775253789141832960e+17 1.033544626341109485e+25 -5.986705715873978880e+17 -8.301195188513249280e+17 -4.786345961346319103e+27 5.997943539324097280e+17 -3.927994541449176000e+16 -4.378120823999348580e+25 1.997263411650578240e+17 -7.070692585922704640e+17 6.224184053848222901e+26 -5.966662558405797600e+16 -1.706325303887133760e+17 2.236445351205325959e+26 -3.299748336160090880e+17 4.373216778154819840e+17 1.088986939465734173e+25 -1.909453911950920000e+17 -4.856717590710634240e+17 8.860569833847034554e+27 9.098789450835548800e+16 -1.754686797973514200e+16 -2.779467041319434131e+25 -3.710337093760455680e+17 6.274765196412070400e+16 -4.227671585800376478e+27 8.105385310115456000e+15 9.833669870052606720e+17 1.348380425865035047e+25 -2.128266155515012096e+18 7.748390180518617600e+17 1.033474819621593165e+25 -1.556343527558242048e+18 -2.063291932761066240e+17 -3.072640690548454449e+25 1.679938690722826752e+18 3.144575831948227200e+17 2.918969997091464980e+24 -1.820405013278334720e+17 -1.318734795351403776e+18 -2.044642552445735989e+25 -4.585552888961711360e+17 2.832664413237729920e+17 4.997556927689220900e+24 9.618695420027982080e+17 -7.463958159058531840e+17 -9.682534182597279548e+26 3.401021896492528000e+15 -1.203594959775197120e+17 1.419098060049007544e+26 3.787319315803484800e+17 6.454013606151961600e+17 9.852768805214186166e+24 -6.077836816654320640e+17 -4.569028058133923200e+16 -7.666496195091986143e+27 -1.516598695051108608e+18 1.005144845336490752e+18 7.028819613326448305e+23 2.056784356165898240e+18 -4.804958607378886400e+17 5.822308153207010679e+26 4.153928315154423680e+17 1.199649159602195968e+18 2.773783526734343961e+25
-3.439381402256025891e+26 1.365179741874513437e+26 -1.322654986203467800e+16 -1.086095628089636615e+25 1.261761580846246357e+25 2.236155420990010880e+17 -4.449022517465786604e+27 2.607343942677333137e+27 1.711344705740542400e+17 -4.948461852989419286e+26 -1.212951276177784293e+25 5.940426233838881280e+17 3.455271633736382797e+26 -1.948456233012593475e+26 2.649674289593040960e+17 1.908542250754224764e+26 8.488768997017198316e+25 1.296301760543062240e+17 3.720388551030113844e+26 -1.754692103826425997e+25 -4.318215534714830720e+17 1.773770912597734790e+26 -1.586875269671508558e+26 -2.068758178225265280e+17 -2.108930313862591524e+26 -1.104332306642454466e+26 -3.182574615971872000e+17 1.105405646496204970e+26 1.260784168990450983e+26 2.887549817073032320e+17 -1.246792306719004066e+26 -1.355076779186418212e+26 2.599199402818014080e+17 -1.346698758483119520e+26 1.021257117992111662e+26 -5.177284635882469120e+17 -1.120793998205317520e+26 1.470807357026625998e+26 -8.463199650626710400e+16 -9.109672931672819117e+26 5.285684191841422346e+26 -5.911132544107646720e+17 -2.620786372669839112e+26 2.015771392134862883e+26 -5.393664936508028800e+17 -8.122205150693134203e+25 1.082068132907573955e+27 2.887390655400613120e+17 4.502449817164958003e+26 1.813928076821560303e+26 1.163625964952491200e+17 -1.770648040656118930e+28 -1.859760542398688545e+27 1.556301038404880640e+17 8.583435984922648767e+26 1.540432343045454526e+26 1.145852834686899680e+17 -1.412224109960461559e+27 -1.453038988222796292e+27 4.044867675454563840e+17 -8.169577548614474908e+27 -1.225018308162600631e+26 -1.450910819289580160e+17 1.422266919460808847e+26 -1.028542827582765397e+26 9.098789450835548800e+16 4.825802387387559572e+28 -1.061751076338788709e+28 -2.756304536925913600e+16 -1.064500461009141819e+26 -1.210521699106235882e+26 -4.250856010029382400e+17 -1.307794295520795256e+25 -1.209917631365794739e+25 7.551330503069662720e+17 -1.238500882694010502e+25 2.661526556097130731e+25 5.741662455346124800e+17 -6.551775875059603902e+24 -2.295862995529765019e+25 -2.342442914240451200e+17 -6.225458943763430962e+24 2.822046868907950665e+25 8.339468348865450240e+17 -1.042280056248928439e+25 1.255715616068091588e+25 -7.541906953761749760e+17 -2.511631073045840114e+25 1.706764223325421262e+26 -5.209014482190579200e+16 -1.220803825997712231e+25 1.577992181488061423e+25 2.177309930953239040e+17 1.747547895324995972e+26 2.164382341801588554e+26 -1.909012589030024640e+17 1.454338898758927896e+27 -6.397523784006098585e+27 -1.862136522762165120e+17 5.315787900033342855e+25 -3.775436894821862982e+24 -1.081040840820558592e+18 -5.838204204190174289e+28 3.795015292884757024e+28 6.421533865005073600e+16 -1.665671910822080991e+25 2.581608143670512116e+24 -5.586810261003952640e+17 3.540534429985274001e+26 3.882131195412204896e+25 1.371709281740571520e+17
-4.080735157887472469e+26 -2.449562550261151168e+25 6.255774873045847040e+17 2.846408346011348391e+25 1.338317238046644935e+25 -7.543856400444681600e+16 9.441120677546749919e+26 -6.312057296204981052e+26 9.169216200767777280e+17 -4.711016570960821093e+26 -1.057028317110448759e+25 1.614135752637299200e+16 3.536804725428471744e+26 -2.623421284121204692e+26 2.144778467181767680e+17 2.127003874054048660e+26 1.423060456671141123e+26 -1.009740999587924960e+17 7.638432819650450421e+26 -2.118230470885113125e+26 -4.635138341320448000e+16 1.907110066704329844e+26 -2.089591599607683926e+26 -1.754300280800584320e+17 -2.717828677430758507e+26 -1.453248211766458640e+26 4.212073131290666240e+17 1.912809932744776035e+26 7.568911243754421164e+25 -2.528314419528047680e+17 -1.360225518937401228e+26 -1.539282533324221851e+26 2.544566754922165760e+17 -1.108938980789283480e+26 1.427303558412841010e+26 -6.102246089693244160e+17 -1.168859196846144305e+26 1.702945970172493448e+26 1.471653502293595520e+17 -5.092499876460537007e+26 1.069970842306512594e+27 -1.022533575849963360e+17 -2.976264060041977737e+26 2.162911913651806346e+26 -9.128402295775334400e+16 4.371409594020668280e+27 -3.919393151094301272e+27 -2.539765614461494080e+17 4.510362773930080186e+26 1.838598252486682704e+26 2.977049303607427840e+17 -1.178945581171381442e+27 -6.378567662733363123e+27 3.228788475346480000e+17 7.324189467363601925e+26 -2.552252185615573507e+26 -2.066120421153885440e+17 -3.234812563282462737e+27 -1.378477270424731416e+27 -5.956102075825312000e+16 -2.277285641906998721e+27 -3.066644962841453556e+28 1.785617482229795840e+17 1.110259348307610231e+26 -1.346810939600571179e+26 -1.754686797973514200e+16 -1.061751076338788709e+28 5.674468214604643949e+28 -9.210409801967689600e+16 -1.937091073013096901e+26 -8.120373651658371677e+25 6.129257641704872960e+17 1.719902643343046975e+25 -3.245554747598992035e+25 6.331723540707450880e+17 5.340558172468279485e+25 -2.136924930563020816e+25 -1.566262484871909632e+18 8.155062245284440399e+24 -9.753919933979053145e+24 7.204054790909689600e+16 -2.586899704896130661e+24 -3.908655089161614983e+25 -4.617600706508490880e+17 -2.900404402752168663e+24 1.910228043191653464e+25 -1.364348977390718720e+18 -6.859308416607568923e+25 8.301535495265163900e+24 -8.404598292713845760e+17 -2.422375330356642711e+25 2.096011201405724476e+25 -4.315781501562142720e+17 -2.605803997159947659e+26 2.426787163255448546e+26 1.675072392122738944e+18 1.132363507880858746e+27 -1.451680361533826579e+27 -8.667434901066849280e+17 -2.045349484967592909e+25 -7.973663001996614045e+24 3.881999715302387200e+17 3.809706838802315140e+28 -4.753921356731002595e+28 8.564551831295662080e+17 -3.504938456008113126e+25 -3.988791671717299985e+25 1.129983485273568896e+18 1.392850756780035661e+26 -6.491373993954744589e+25 -1.967558252364945920e+18
4.227053942488806400e+17 4.087488293234716160e+17 -4.683102278677581331e+25 -4.891758812045372160e+17 -3.036035539770919680e+17 -1.521975136655135992e+24 -1.626176081237129600e+17 -1.443384031165495680e+17 9.884064684299911386e+26 -5.964241389694912000e+17 2.383408289131866880e+17 9.030666124034765444e+24 5.735394267057219840e+17 3.716365632071085440e+17 1.031775991886489851e+25 -5.137055550554585600e+17 -2.760653043309500800e+17 -1.302553881956925829e+24 1.009312044076614400e+17 -3.232157735324877440e+17 -4.376791636979768494e+25 5.014038898014098560e+17 1.342777709217230720e+17 3.193661783553679099e+24 4.484517469527143680e+17 2.261159039771897280e+17 5.632860986462511196e+24 -3.160663544537969920e+17 1.129294596069201024e+18 1.089053607676648566e+25 3.986995448771033600e+17 2.220762251956779840e+17 2.406136562233763583e+24 -5.563312254651626240e+17 2.256583837121427520e+17 -2.781646526351300838e+25 1.897841145677074880e+17 -4.280673843866463360e+17 4.764335177232896169e+24 -3.468795815452455040e+17 -4.012014963207540480e+17 2.237067996775253587e+26 -2.864119854153388480e+17 -4.880675626160814080e+17 -6.506935141783182223e+24 1.438715011936669280e+17 1.970835953686448320e+17 6.226228444349017400e+26 4.257630051034170880e+17 3.795080138200291840e+17 -2.816748303724776605e+25 3.421524077288965120e+17 -9.504186812902393600e+16 -4.785905211003939888e+27 -1.534061196424464000e+17 5.347126877611878400e+17 4.941256999206631919e+26 -2.174959224660888960e+17 4.155264106467239040e+17 1.193069755746661583e+26 -1.861685997400264640e+17 3.355722780628390400e+16 -4.227709837638640277e+27 3.357134987558697600e+17 8.025798970741850880e+17 -2.779467041319434131e+25 -2.756304536925913600e+16 -9.210409801967689600e+16 8.858616917771152397e+27 3.128621514605387520e+17 -3.879564816689180800e+16 2.274924659650873605e+25 1.421254988430802176e+18 3.378684674989486080e+17 5.021048051757730505e+24 -1.865224245101637120e+17 6.018592317568678400e+17 9.869501764514033678e+24 -5.463162474019644800e+16 1.645292031224940160e+17 2.924867752382160917e+24 -1.756672941195265792e+18 3.704737753020161280e+17 7.072465322049478790e+23 6.295572732101301760e+17 4.114133891499193600e+16 1.034088922395610788e+25 -2.083080703786356736e+18 -5.024918550896514560e+17 1.420258890990284324e+26 -5.610798416373276160e+17 4.986518013523927040e+17 1.348111542532448815e+25 1.731708615886844928e+18 -8.583441447766421760e+17 -9.687758048042810414e+26 6.937078204205885440e+17 4.824406422527436800e+16 5.804803281806081823e+26 -2.833726103585917440e+17 1.421418833356019200e+18 -3.071206844623449845e+25 6.123779998840258560e+17 9.854303363925611520e+17 -7.662934268765862461e+27 -1.247938087502607616e+18 1.038831293459886208e+18 -2.046291693063939655e+25 -1.600169637749028864e+18 -2.441062153536979456e+18 2.775805502865917378e+25
2.065968258016823420e+25 2.394000908838740415e+25 -4.691494641108741760e+17 -5.023148108253707870e+25 -4.447845928084617597e+26 9.840862262868126720e+17 -6.131683086038597832e+25 -5.158881525687133765e+26 -1.843190830983311360e+17 -2.891386401251671013e+26 5.000555151162440328e+26 -5.507370411042065920e+17 1.762709341367402989e+26 2.108209587170710771e+26 7.401763289164668160e+17 -2.347134776553631279e+26 4.105390209756548355e+26 -1.632552457501951360e+17 -1.995572191705251922e+26 2.309466742931603199e+26 -3.352047548009170560e+17 -1.175894634693346836e+26 8.096166875196045263e+26 -4.153247761155498400e+16 -1.852080823732369107e+26 -2.825193321632922910e+26 1.200561024155887520e+17 -1.838603899822103529e+26 -1.324031957165225350e+26 5.398731999686627200e+17 1.111887403170845842e+26 1.914304797502959576e+26 1.284125389130569120e+17 1.702135260880119842e+26 -1.474879433535935784e+26 1.611172103832088960e+17 1.467820887245404468e+26 -1.557799674660876081e+26 4.159966544593358080e+17 2.038873174595783227e+26 -3.465643550201727605e+26 2.234143195553456000e+16 1.067175668169224761e+27 -7.225131844383870220e+26 -3.342493072014178560e+17 2.599319684441185701e+26 4.765885984624864949e+26 5.078515016676316160e+17 -3.291884072477540300e+27 4.715866924323411520e+27 -3.505653884661034240e+17 -1.403648589561140960e+26 8.426969186681491513e+26 -3.695848127889694720e+17 -6.839145004976810417e+27 -2.360803364520633326e+27 2.194787126632120960e+17 -1.866756284471597328e+27 -3.177826692277361619e+27 2.179909230457042880e+17 -1.199663448768093751e+26 1.555340178274504764e+26 -2.332079630373506560e+17 -3.067018222368897353e+28 1.213499825535241937e+26 -3.710337093760455680e+17 -1.064500461009141819e+26 -1.937091073013096901e+26 3.128621514605387520e+17 5.395146818864187177e+28 -1.109863625204487325e+28 3.033751941467649280e+17 -2.488521606740073730e+25 3.587158445061089054e+23 -6.110317107559627520e+17 -1.665290937601829466e+25 -4.733247341675445582e+24 1.877911173777860800e+17 1.394760424665687234e+25 -1.458164874136739488e+25 -4.715531629081921920e+17 1.096852460620216939e+25 -2.065983779550788726e+24 6.023433539441116800e+16 -5.910230751813273400e+24 -1.908512974760036545e+25 1.620379231820421120e+17 2.242606155210324465e+25 -5.573473022422003590e+24 1.867627897410857600e+17 4.012990174532618560e+25 -1.114095229679706058e+26 6.675480951299779840e+17 3.029824038039772972e+26 -2.683347827917208782e+26 4.575332872608812800e+17 -9.634731805126752538e+24 -2.019100376721826886e+25 7.594776993182432000e+16 -1.871320308108403088e+27 1.494252104187635728e+27 -3.610106032989226240e+17 -8.154005317160001440e+24 1.273680387991498513e+25 3.118732349102612480e+17 -3.873558805805791515e+28 3.576076664801969159e+28 1.144835169328655232e+18 -3.594440752893638484e+25 1.806543373596187658e+26 -8.261734246640014080e+17
9.771246211007959404e+24 -1.339980038117357043e+25 -5.198492563356709760e+17 1.039314255394375273e+26 -3.080015982016667337e+26 5.577530059390390400e+16 -6.150710866064359787e+25 -4.357058180168111225e+26 -9.703388317949918400e+16 2.161729045499380901e+27 -4.785466522570423742e+27 3.216289502396167040e+17 8.574989073788961174e+25 1.619680662280840441e+26 8.503576989770923200e+16 -1.324883483459800643e+26 3.244117445174060744e+26 -3.342859389606780160e+17 -1.196051278786406625e+26 1.698251856289759802e+26 4.409024637084882560e+17 3.429420791939801066e+25 2.926422137828924875e+26 7.908663356186384640e+17 -1.138411949397067125e+26 -1.626110972820824369e+26 1.192074845285065600e+17 -1.323843835199203409e+26 -8.962598992544791120e+25 -2.505699964424532000e+16 1.252971321677178836e+26 7.578083496157105732e+25 4.292006902819354240e+17 1.168412443921757279e+26 -1.111988706614849992e+26 3.491830514608761600e+17 7.154321033377770472e+25 -1.200626075889440177e+26 2.133036980087278720e+17 1.493739426216538841e+26 -2.489455480441718442e+26 2.974723556171211520e+17 3.134956118989266399e+26 -8.893624784678375786e+26 -3.427956234302234240e+17 2.004505984935299841e+26 3.820444070735810033e+26 -8.499421692884195200e+16 1.427873507141035829e+27 -7.001197737908776523e+26 -3.679721467743156480e+17 2.581541261300383444e+26 7.524214537090778351e+26 2.579883654763668480e+17 -3.045158605059399819e+27 -1.722856825898480204e+28 5.109220802571553280e+17 -1.406657416303252614e+27 -9.100288168978862254e+26 -1.350255006891781120e+17 -7.152017997072564226e+25 1.466042355031004701e+26 -6.719111033425104000e+16 2.276353336356524552e+27 -8.168806824861595906e+27 6.274765196412070400e+16 -1.210521699106235882e+26 -8.120373651658371677e+25 -3.879564816689180800e+16 -1.109863625204487325e+28 5.037984967406688339e+28 5.891723845066890240e+17 -1.032082863700953276e+25 -1.146551679520796061e+25 1.107070961422159104e+18 -1.031012773933766141e+25 -4.071146025329300230e+24 2.908931537708394880e+17 1.679487263347364618e+25 1.875273567185469949e+25 4.453381280521975040e+17 1.275136656864297142e+25 5.867149968271621908e+23 1.466648689438741248e+18 1.495823240297683080e+25 -9.119575738720956914e+24 5.539365366943499520e+17 1.366237771384156103e+25 3.938216101754693535e+24 1.269753212825439488e+18 1.547210690876840295e+26 -6.874735963921868508e+24 3.491889575461150720e+17 1.953218082147445590e+26 1.712366540769737450e+26 1.466706068135099520e+17 -1.285896081639672345e+25 2.824566302853549993e+25 7.549641427336593920e+17 -6.040016511438817807e+27 1.996841495610287862e+27 -6.383007518731304960e+17 -1.384959542924444948e+25 1.319375900528025083e+25 4.229721481804708480e+17 3.563199776508149524e+28 -6.592842098251983740e+28 5.229154139381459200e+17 7.952029417142601268e+25 3.317765305964688637e+26 -4.092790054122200064e+18
-4.410642490345947520e+17 -1.530159550288792960e+17 -1.695369918562317044e+24 1.173376674737484800e+16 4.010321798190030400e+16 -4.524849215222503692e+25 1.671050082421421760e+17 -6.326664499870908800e+16 1.127033779821237450e+25 1.296335278344727040e+18 -2.452907835821469120e+17 9.922907534647794847e+26 1.995742746355411840e+17 2.302167170815852160e+17 -2.569043538325578476e+24 1.213433640960419200e+17 -1.694200453062531200e+17 1.035871755838610210e+25 -3.908054322165809600e+16 -2.768776976916429120e+17 2.457682456661405643e+24 1.355721171508477920e+17 4.691597022452224000e+16 -4.115210987864251693e+25 1.003215398534308640e+17 3.668280119400184960e+17 4.801827394113495850e+24 -1.252010253606542400e+17 -5.324039254556957440e+17 -2.636138141013887429e+24 -2.080760425954554880e+17 8.774939671453721600e+16 1.088647508278290318e+25 -7.303789002931630400e+16 -4.359118059521041280e+17 4.760485130180730139e+24 8.664179572610052800e+16 2.651286074352131200e+17 -2.398444665557185600e+25 -4.036643258069739200e+16 -2.478282773950516160e+17 -6.878018761793999232e+24 -4.458011589411706880e+17 -1.945183238061134720e+17 2.277607086147300894e+26 2.934591711851334400e+17 -1.999691857006982400e+17 -2.653892356066977790e+25 5.960029198759526400e+16 -5.786194143475138560e+17 6.268734146372427147e+26 9.200246874006616000e+15 3.930463642712647040e+17 4.973153136636300077e+26 6.461669271460945920e+17 6.621172235902118400e+16 -4.782276277383030760e+27 2.200949416561742720e+17 -5.429198850695149440e+17 1.233252893685261643e+26 -1.096374663177134080e+17 -2.599163715639709440e+17 -2.400532060241377217e+25 -4.629636147101452160e+17 -1.457233517139338880e+17 -4.227671585800376478e+27 -4.250856010029382400e+17 6.129257641704872960e+17 2.274924659650873605e+25 3.033751941467649280e+17 5.891723845066890240e+17 8.736822369393665418e+27 -5.618173181847615360e+17 4.341414616804585600e+16 -1.517584957573231026e+24 1.521320750239182336e+18 -8.642143982700474880e+17 -1.069126399989557534e+24 6.358225432211326720e+17 1.025167326436775296e+18 1.046531769379711803e+25 6.364450559443002880e+17 -3.611318601180184320e+17 -7.640886941038101850e+24 9.225564254752854400e+16 -1.109747999578252672e+18 2.917221574256507602e+24 -8.057487574634064000e+16 -6.179658192106406400e+17 1.092145062554761373e+25 1.388914318363769600e+16 6.048756699279833600e+17 1.582965003305300414e+26 -5.432531045184108800e+16 -4.000297223759141760e+17 -9.480944498193688789e+26 8.122500257132441600e+17 -3.304018067863656960e+17 -3.214345910361577417e+25 -1.372380011749539328e+18 -2.091174522596157184e+18 6.229047429374498738e+26 -6.221745014617697280e+17 3.119054077773500160e+17 4.374990615017201624e+24 -1.500520882729715456e+18 4.996277153659244800e+17 -7.431872381671435352e+27 -7.021711044061016000e+16 1.613386508779812608e+18 2.937893722153493010e+25
-1.049789929460219686e+27 -9.036148436302709928e+26 -9.878452671552536320e+17 -1.744561062358564657e+26 -6.671433662356547402e+26 -1.375799279180777984e+18 -2.141513342388427650e+25 1.456527349204493683e+25 -1.571785774035150848e+18 9.116285445968309757e+24 1.919527005696839866e+25 5.137841068177585920e+17 -4.328630234895509809e+27 6.577525091119935092e+27 2.030881172759473152e+18 2.414726496936803432e+27 -2.224684699881481635e+27 -1.589383627817696768e+18 -8.325939155134223696e+25 5.543697065984925948e+26 -1.598508642385394560e+17 1.830686936490332556e+26 -8.309201168612525437e+25 1.717175472830021632e+18 -4.703893455946945555e+28 3.617022315834189907e+28 -4.612294086792272800e+16 3.028099115829611633e+26 1.952602321092851017e+26 1.315815154490928896e+18 1.759272784881370778e+26 -2.607746243039978598e+26 4.037968055732156800e+17 8.156236453091463125e+24 -1.715806591793511048e+26 -4.905872966193562240e+17 -7.040380503624338282e+24 1.113151795617272631e+26 -1.563961571084473920e+17 -6.335989860843324051e+25 -1.738204876059541625e+26 -4.443828378161344000e+17 -6.849921101675143899e+24 -8.186341499720814332e+25 -1.272073606063070976e+18 4.364334747081330092e+25 1.792337229062603762e+25 5.669610119163164160e+17 -4.152011411331195951e+25 4.257160983272358732e+25 6.574544466460725760e+17 2.229660417100913272e+24 1.365088408869756670e+25 -1.158575250016962816e+18 2.593269071614606650e+25 2.318527384844411392e+25 4.772318127446688000e+16 -2.190865373475858464e+25 -3.154229095773713049e+25 -2.401159746065768000e+17 3.856460112201744671e+24 5.699662716180597005e+24 8.316724030319379200e+17 2.087322207401140076e+25 -1.567186441221952616e+25 8.105385310115456000e+15 -1.307794295520795256e+25 1.719902643343046975e+25 1.421254988430802176e+18 -2.488521606740073730e+25 -1.032082863700953276e+25 -5.618173181847615360e+17 1.724996981078784408e+29 -1.334373426540375521e+29 8.462114169152497920e+17 -3.687546769441934850e+26 -8.768230531614758441e+26 8.212044783671189760e+17 -1.478137341276209615e+26 1.257579236586741940e+26 -9.933595705910412800e+17 1.500280686488771945e+26 -1.069931290615177634e+25 8.164197988328668160e+17 -2.665974737251532600e+25 2.688179729463973167e+25 1.411349814695334400e+17 -1.941821660949820386e+26 2.442097192068020511e+25 -5.815201579334370560e+17 -1.858530395991958497e+25 -2.376592339971562285e+25 7.962382437825374400e+16 -7.540181106675940537e+24 2.889338832755775577e+25 1.331274143359150848e+18 -1.295649715217698177e+25 1.165019537629976855e+25 -9.579410111187774720e+17 2.233815595693219493e+24 2.732575628686831775e+25 -4.110647385288028800e+17 1.232966016333367762e+25 -5.944307979924541750e+25 -4.032933116117679360e+17 -1.581417968618909925e+25 1.555070709494880329e+25 7.588406273467205120e+17 -3.367744245672011673e+24 -1.095043557314964232e+26 1.620492022901060352e+18
-5.752819072069225219e+26 -1.727524810409139717e+25 5.053787003975281920e+17 -1.002757801913536030e+27 -8.965089561633259997e+26 9.930094752876375040e+17 1.962101443822818705e+25 -1.959146207301398023e+24 1.239218508116921088e+18 1.711983762433369273e+25 -3.794546230934223139e+25 -2.121314561417562112e+18 -1.513411947431373402e+27 1.943479663412503696e+27 -2.248189870143448576e+18 5.857968221100880218e+27 -4.824619707821603559e+27 1.848160157935754240e+18 -6.662111122594000965e+25 1.208588390513211775e+26 -5.917681418327994880e+17 5.281706322381771402e+26 -1.436407567929413984e+26 -1.982125430483106304e+18 3.623012608613634626e+28 -5.424838983015110457e+28 4.790835519685408640e+17 -2.677850876669579618e+26 1.709890140452106248e+26 8.994665983720724480e+17 2.150626388768536800e+26 2.425813982863868616e+26 -1.650846540972187520e+17 6.889456700041029841e+25 -2.369865576362586324e+25 2.289787820838095360e+17 -1.547369865030100529e+26 4.001244777763498948e+25 -5.239502295113477120e+17 -7.677505105446960372e+25 7.680091118191695328e+24 -3.210496225143353600e+16 -1.877687306093599449e+26 -7.341737001804994161e+25 5.899565652777163520e+17 3.073048761612149766e+25 -5.209125951868423723e+25 1.119621941562169344e+18 3.099382470389007749e+25 2.071021689945037072e+25 -3.666356399851112960e+17 2.734272423049487972e+25 1.385982347700569150e+25 -4.411483282438499840e+17 1.135968477000453559e+25 -9.096202326827988918e+24 -3.381429583991319680e+17 -2.382859112560487995e+25 -1.805123531601304070e+25 -7.002467990795758080e+17 -1.356630803713334760e+25 2.231694312846472996e+25 -1.104079127169497280e+17 2.438041756792646667e+25 -1.229737657293068569e+25 9.833669870052606720e+17 -1.209917631365794739e+25 -3.245554747598992035e+25 3.378684674989486080e+17 3.587158445061089054e+23 -1.146551679520796061e+25 4.341414616804585600e+16 -1.334373426540375521e+29 2.006723240297148056e+29 1.342836753887783424e+18 4.735574949371014558e+25 -1.305669624031076904e+26 -9.949734936867934720e+17 -9.505636459904848759e+26 -2.210181072902901540e+26 -5.394523255017447680e+17 5.924225692468158261e+25 -1.713097410763792297e+25 7.972567163022470400e+17 -4.518595741111948394e+25 -7.956951121982386668e+25 7.968570445399700480e+17 -5.444676146615380985e+25 -1.849588501074996830e+25 2.165117329593105408e+18 5.498203927274598638e+25 -1.937616771039562696e+26 1.265211108326743040e+17 2.878825733892635797e+25 -5.127145858400706475e+25 2.353356738274584576e+18 5.060066516941841862e+24 -1.899817004611024547e+25 -4.235737763882551680e+17 -5.240608251373189857e+24 -5.945338020193115367e+25 2.017167342905239808e+18 1.219307778214594483e+25 -6.112908179656324262e+24 1.413753731656918528e+18 5.639877016938950376e+25 -6.719820742815037901e+25 2.450649677808432640e+17 -1.131657863770211778e+26 1.084452697537618865e+25 -2.273836016854067712e+18
-1.961400720763149824e+18 1.052916535749904128e+18 1.372033683766946348e+27 8.265425115596581120e+17 -1.289596327664679680e+18 1.371437721235433629e+27 5.519482768551851520e+17 2.562492692004802048e+18 -2.720785333643789334e+25 1.842494073092320256e+18 -5.170008232570112000e+17 -2.734497292941534203e+25 -9.389517099297326400e+16 5.613355438431594880e+17 1.230492802000903155e+26 -1.539381886869435840e+17 1.655385029134208512e+18 1.221134903109318708e+26 3.923555266425582080e+17 -7.883215850149158400e+17 3.066968867476217058e+26 1.709626336228065920e+17 7.908995757495370240e+17 3.092532701067480325e+26 8.332401035919877120e+17 5.284880814355074560e+17 -7.728058344852041618e+27 4.222169863693592320e+17 -1.955646025262144960e+17 -9.481806422137739118e+26 2.662681407452686080e+17 -9.538868805981659200e+16 -9.684616846477492469e+26 -4.240433803702087040e+17 6.686339058786822400e+17 1.418432981485174324e+26 2.098171848120443840e+17 4.237394424229435520e+17 1.582777566428614381e+26 -2.632432646374035520e+17 -3.115468554834176000e+17 -1.671634382296304558e+26 3.606751476689072000e+17 -3.969302044916360960e+17 -1.681474085243379772e+26 1.533713633633663744e+18 -4.460284466353855360e+17 3.716419041801058206e+25 -4.084081699744730880e+17 -2.689230428906726400e+17 3.708641893945926615e+25 -1.536826487724259840e+18 5.135266332561702400e+17 7.986303403306907104e+24 3.970911513420304000e+17 -1.445753886686970240e+17 8.283864173360035591e+24 2.029661989455767680e+17 7.733389039866245120e+17 -3.561420353859735056e+24 -7.188239985765742080e+17 -7.123910892092576000e+17 1.091151169832457747e+25 -2.290739039505363840e+17 9.962426663222516480e+17 1.348380425865035047e+25 7.551330503069662720e+17 6.331723540707450880e+17 5.021048051757730505e+24 -6.110317107559627520e+17 1.107070961422159104e+18 -1.517584957573231026e+24 8.462114169152497920e+17 1.342836753887783424e+18 1.943382638126080607e+28 1.579728348416505600e+17 9.603892528920615680e+17 2.705278024398121780e+26 4.530464185748841600e+17 1.978294626652952064e+18 3.331565137370025731e+26 4.775088290822430080e+17 2.229225014819906560e+18 3.489940796766782052e+26 1.918233679694727168e+18 -9.109817641896794880e+17 2.970055510785578620e+26 3.510549518651152000e+17 2.563560610502433792e+18 -2.726400055999414335e+26 8.855322249889592320e+17 5.294492783266352640e+17 -2.723779214114186061e+26 6.625022638207896320e+17 6.597899822255877120e+17 -3.291675685019387424e+25 1.865389069365932032e+18 9.832966866687179520e+17 -2.682314588494716331e+24 8.657968612677721600e+17 9.957542907074158080e+17 -1.254243056903088387e+25 3.845274554762508800e+16 7.607370527315664640e+17 -2.247180726024340244e+25 3.100223596072498560e+17 8.692150108556527360e+17 -2.452812218229356241e+24 -3.633483765071430656e+18 -6.864543730092986368e+18 -8.836040828388337452e+24
-6.355777054164386842e+25 -9.941079699903597937e+26 1.946853346484240640e+18 -2.253938991554300471e+25 -1.277186347833000387e+25 -1.261627819786879232e+18 9.364692521665525470e+24 -4.024987186373262398e+25 1.973402402916960000e+17 -1.395196594016391759e+24 -3.562560362704506007e+24 -7.872847761835009280e+17 2.398290255467056579e+27 -2.433526120640037620e+27 -5.280244588294150400e+16 -1.516788390187236601e+25 4.473531930650183948e+25 6.646918785844528000e+15 -1.576944555486247163e+27 -2.597671066203607417e+25 -2.824109639411612480e+17 1.422337373523622874e+25 3.969926586000248156e+25 -9.503110507900118400e+16 2.200183970697844113e+26 2.401655809089011137e+25 1.503679491324752640e+18 -3.873532472474618818e+28 3.563121838089399617e+28 1.402236183715772928e+18 -1.597227622828353040e+25 -3.504211950149692421e+25 -6.235783892102086400e+17 -1.452934465800248157e+27 6.398775739033843522e+27 3.996956352006082560e+17 -9.138529246688206641e+24 1.899300957282050662e+25 4.344276406714648320e+17 1.340250130001358906e+26 4.221664770149948447e+26 7.136523567734169600e+16 1.329074854322764200e+25 -2.047615121631068383e+25 1.325126001762502656e+18 -1.569878238989572083e+26 3.162042401385729577e+24 -3.991067375304963840e+17 -1.643960174677034438e+24 1.439191570577404804e+25 2.424635491389766080e+17 -1.332694793833739272e+25 3.814108775270748664e+25 -1.814753795544441920e+17 -9.305537502485772014e+24 2.032745099963352830e+25 -1.066506414109458944e+18 -2.562633667295104171e+24 -7.978368216331934174e+24 1.247504190639795520e+17 2.828910720840062263e+25 2.030428890093455676e+25 4.398028385910695680e+17 1.910931523251362210e+25 -1.253427242807905418e+25 -2.128266155515012096e+18 -1.238500882694010502e+25 5.340558172468279485e+25 -1.865224245101637120e+17 -1.665290937601829466e+25 -1.031012773933766141e+25 1.521320750239182336e+18 -3.687546769441934850e+26 4.735574949371014558e+25 1.579728348416505600e+17 1.356515830629415717e+29 -1.345521064568870989e+29 8.281509844962137600e+16 -7.599991959794667910e+25 1.246699729094982187e+25 -1.473802352841154816e+18 5.147117740090707362e+26 -5.347913470099936476e+26 2.354072983809439360e+17 -4.718389202238117786e+25 -6.617114583030032448e+25 3.358331768669740160e+17 -7.940405394650382301e+25 -2.683080215257468216e+25 -2.739776020047963200e+17 -1.862341765666059818e+25 -1.107079623891352468e+25 9.318902165132407040e+17 -1.545451513229826636e+25 5.605159140918170606e+25 3.263298366712559616e+18 -6.440630780064547354e+25 6.631520874900284953e+25 -1.122635600204208640e+17 -2.540038318898209146e+24 -1.354783289050941862e+25 1.026695202526832128e+18 1.459064478999088409e+25 -1.847396826270503074e+25 1.065625926028157696e+18 1.429469700180939146e+25 1.644063903184860619e+25 2.795746643806141440e+18 1.184481272274881662e+25 4.610232146458155069e+25 -1.997599395324996096e+18
1.220631628309270486e+26 -1.273577437850335299e+27 6.808103229020860160e+17 -3.037902152566544889e+25 1.463787531539007475e+25 -6.454491199707335680e+17 5.650647276512469891e+25 -9.304232493883407572e+25 -2.056593525413467904e+18 -9.190956381216013357e+24 -2.672384122570034673e+25 5.358776053598261760e+17 4.636473179790731903e+27 -2.244371967688590502e+27 -5.993676047347745280e+17 -9.315068815491583771e+25 -2.832576533811943765e+24 2.840404070882214400e+16 -6.184539973141283911e+26 -3.746560383419604920e+26 2.275598646948339200e+17 -3.042962591287477910e+24 7.426976174959148717e+24 -2.439183256495669440e+17 2.437895124054104253e+26 1.016304862526214802e+26 3.654638607287802880e+17 3.575870285163448447e+28 -6.592373457135136404e+28 9.590527441196075520e+17 1.517160343233454045e+24 -3.982710797991724691e+25 3.969892393668135040e+17 -1.131686330304361695e+27 1.454536817449071559e+27 -6.121629864379048960e+17 -1.497807204957990254e+25 -5.886746541522067709e+24 7.672635313274384640e+17 7.398597024430539880e+25 6.695855878496144520e+25 -2.699251745886852800e+16 -7.090962546699293147e+24 -5.480447237340057720e+24 1.209216510758088320e+17 -5.329967936626672646e+25 1.152263686567888192e+25 6.797727517173112320e+17 1.766328048609390235e+25 -1.536743607909411981e+24 -1.107489300156381696e+18 2.746101164279467182e+24 5.060247862350951838e+25 2.264552473023939840e+17 6.272475085434110121e+24 -6.234095860231288599e+22 4.881058716551175040e+17 -1.765544299383839498e+25 -1.314490901420578141e+25 1.143195308893542144e+18 1.284853446157591267e+25 -9.612296672959252153e+24 4.405545654918139520e+17 2.958606538451611439e+24 -1.030286848558988306e+25 7.748390180518617600e+17 2.661526556097130731e+25 -2.136924930563020816e+25 6.018592317568678400e+17 -4.733247341675445582e+24 -4.071146025329300230e+24 -8.642143982700474880e+17 -8.768230531614758441e+26 -1.305669624031076904e+26 9.603892528920615680e+17 -1.345521064568870989e+29 2.360000042093850667e+29 -1.120410760751459200e+18 -4.791486653477648988e+25 3.844675080180796185e+25 -1.135642849747184256e+18 5.852174113337316876e+26 5.559013718041268147e+25 9.069581530859768320e+17 -8.246034327573637265e+24 -6.406401588705790632e+25 -2.177722399468245760e+17 4.561668321856617590e+25 -2.608133906144642871e+25 2.006287590561934592e+18 -4.753358509730863627e+24 -1.207153593735597885e+25 -1.073420345957389824e+18 1.516746735399749444e+25 -6.686193092154747019e+25 1.075613802572161024e+18 8.325673118481291174e+24 -4.706239532406889000e+25 -7.799698665942983680e+17 -1.428103225758737376e+24 -3.975883102057200398e+25 7.447316326737707520e+17 6.834486836327319805e+24 1.280551548579817022e+25 7.523312609499398400e+17 1.644505050309706627e+25 -5.922026715860680713e+25 -1.187796209686855936e+18 4.471171035532522471e+25 1.308919824957051722e+26 -2.476688259042159616e+18
1.614217251195264768e+18 -1.159701509680425920e+17 1.007253930293958353e+27 -3.842382539599206400e+16 1.025625545794983936e+18 3.816096441507771427e+24 3.048888150719488000e+15 3.169956881158548480e+18 2.390073711517941344e+25 5.302884241418321920e+17 6.605573988268720640e+17 -6.194047128402843876e+24 -1.064941421157719808e+18 -9.603346919252403200e+17 -4.467897096601309577e+26 1.045263457738560768e+18 -3.241645877027996160e+17 -1.739881899014307873e+25 6.267829772097329920e+17 -1.041558814433057792e+18 1.864909505832162382e+27 1.819166640135075584e+18 -1.233297099905275648e+18 1.098173954608224845e+25 -4.909578559082520320e+17 3.215643162078287360e+17 -3.758066413651612467e+26 -2.121099965777508480e+17 -7.105601519466346240e+17 -7.432550604593328750e+27 4.634086836014711040e+17 3.178823724433680000e+17 -2.045233022837377734e+25 -2.951567963581400960e+17 8.558042939356620800e+17 5.815038310511986078e+26 -2.655931791416124800e+17 -1.454096297384200704e+18 2.931023603711250688e+24 -7.131246977452978400e+16 4.933377367634892160e+17 1.639267955343567686e+26 -5.642877686033828480e+17 -8.378106529794851840e+17 -6.183457047423678184e+24 1.145931508768859200e+17 -1.484153905607498240e+18 -2.200795280328680133e+26 5.351932192834951680e+17 3.701443887665204480e+17 -4.279530170577811124e+23 -9.973439770851002880e+17 1.134574149352097120e+17 -4.192220318819280398e+25 6.830995846471180800e+17 -9.023684432189806080e+17 -4.422417083731250025e+24 -9.155321114823927040e+17 -6.648168415227781120e+17 1.277579833210051516e+25 -6.998940456263379200e+17 -4.100028734667852160e+17 -3.212008147959822558e+25 5.855985904730028000e+16 1.491262908714463040e+17 1.033474819621593165e+25 5.741662455346124800e+17 -1.566262484871909632e+18 9.869501764514033678e+24 1.877911173777860800e+17 2.908931537708394880e+17 -1.069126399989557534e+24 8.212044783671189760e+17 -9.949734936867934720e+17 2.705278024398121780e+26 8.281509844962137600e+16 -1.120410760751459200e+18 1.887871701303510126e+28 1.488164300190394880e+17 1.864258506870585600e+17 6.251223484064015664e+25 2.224474870419015040e+17 2.942277762498764800e+16 -3.255526518143386769e+27 2.046105361467771136e+18 -3.009341091458805248e+18 -1.030693264858647182e+25 6.614550579671559680e+17 6.204310999221096960e+17 2.972251661677670275e+26 5.460956057406595200e+17 -6.028089100263124480e+17 -2.699551584419160657e+24 -6.726968517001049600e+17 -1.777398536610020608e+18 -2.517096723655370180e+24 2.131293961115801088e+18 -1.383823610731832576e+18 -1.028730617739922630e+25 4.603030901348344320e+17 -1.871704109867294464e+18 -1.678057562721839943e+25 2.211666606555192640e+17 -1.546993593984556032e+18 3.518104442074489113e+25 3.229732854025765120e+17 -1.644380879797931008e+18 1.279062885796369276e+25 -3.590744026200545280e+18 6.673014277703313408e+18 8.507230447262443820e+25
1.384186255935048019e+25 -3.695761802668484670e+25 2.638033096287092224e+18 -1.346082091234576793e+27 2.464810812159951768e+26 -2.072875032968770560e+17 -2.082518593272670472e+25 -1.396610275013116327e+25 1.522910845828677760e+17 -8.080376293691261899e+25 6.258902280580564683e+25 -1.289574753581272832e+18 4.118710486435189945e+24 -1.030294370639562088e+26 -2.716234545741363520e+17 -1.953369593075204165e+27 5.092687781950343443e+27 -4.071942755220003840e+17 9.300154354743237226e+24 -9.372864528037603707e+24 -2.167181521731674880e+17 -4.446070087423346771e+26 -7.459156786661611719e+26 -2.104581163415575040e+18 1.195314125793690121e+26 2.504558736810099297e+26 -4.731196902060188800e+17 -8.173849906385938190e+24 -1.380445987140894056e+25 1.615316262800808320e+17 -5.837007249200951938e+28 3.808534723721944112e+28 -5.594249031394163840e+17 -3.889728246737806908e+25 -2.901701351525968230e+25 1.155468641067774080e+17 1.997431280428852339e+27 -1.494678288291438813e+27 2.034245363607611520e+17 1.223693379027004467e+25 -3.357571341128922292e+24 -2.272225108584536576e+18 1.389804724697665592e+26 6.274765175843227917e+25 8.818620528240096000e+17 9.922590119151501381e+24 1.554052123248417584e+25 1.084687568181810176e+18 1.195951595323566040e+25 -8.016758324079950291e+25 -1.750786748738500096e+18 9.256048659924376439e+24 5.176251226448069086e+24 -1.629409050525368576e+18 6.827756193481558145e+25 -1.141644962320393464e+25 3.097809510535637760e+17 -1.427833773751107195e+25 -1.991107650437488503e+25 -2.057453604085060480e+17 7.081534897648821957e+23 2.053213461725569884e+24 -7.681202842176019200e+17 -7.836435304029192823e+24 3.792198189157498063e+24 -1.556343527558242048e+18 -6.551775875059603902e+24 8.155062245284440399e+24 -5.463162474019644800e+16 1.394760424665687234e+25 1.679487263347364618e+25 6.358225432211326720e+17 -1.478137341276209615e+26 -9.505636459904848759e+26 4.530464185748841600e+17 -7.599991959794667910e+25 -4.791486653477648988e+25 1.488164300190394880e+17 2.065474287006014298e+29 -1.422715689385317781e+29 -1.148591945537470464e+18 4.594742982939442000e+25 8.791306752006719392e+24 3.002563355658503040e+17 5.557208586588897939e+25 5.345434274811826699e+26 2.020603929666788480e+17 -5.906779138308755677e+25 -2.722361216885087078e+25 -7.753348879205117440e+17 -1.639314784328557862e+25 1.076163333472385679e+25 6.929782669566117120e+17 1.249653566190520878e+25 1.190057923518253425e+25 1.848200747091122176e+18 -3.986757567427727753e+25 1.358701882007803005e+25 -9.185708273821232640e+17 5.720622493969249111e+25 -9.143803997069884283e+24 4.483351205839562880e+17 9.328753809742325061e+24 -2.667083304603696986e+25 7.325815789632224000e+16 1.422232921484261577e+25 6.955730777244374135e+24 1.505144447341241856e+18 1.443447249413879782e+26 2.842181518210647322e+25 5.797412300403511296e+18
-5.043683462728489806e+24 5.780482884587612256e+24 8.129316687563473920e+17 -8.642322194950355884e+26 4.907575018644457138e+25 6.374060813744768000e+17 -6.249871952181934428e+24 1.062327945846953961e+25 2.091412379266477440e+17 -4.183195250853548833e+25 2.710529760690016267e+25 1.407607828584644864e+18 5.891743555126933305e+25 2.150283460071969358e+25 -9.286103811812239360e+17 -1.967429240055958978e+27 2.147858232781488983e+27 1.367072467720950784e+18 4.657121329732697617e+25 2.433692889138469775e+25 8.638821314956483840e+17 -1.541674100519088495e+26 -1.444726352193430983e+27 -1.191414002002185216e+18 3.203011942007972594e+25 2.524275877297013129e+26 -3.484258973362574080e+17 1.273353189583396127e+25 1.314102893412801462e+25 9.976713260310544640e+17 3.793777680508509639e+28 -4.753025968472221383e+28 3.750357279791133440e+17 2.846750918107830564e+24 -5.163661967491479485e+24 -1.932156931439657600e+17 6.039266000144934074e+27 -1.870538309907224924e+27 -1.009023374872230400e+18 -4.740152344932463831e+23 2.238961530283816014e+25 -2.533830761764809280e+17 3.885714883572819455e+26 9.716639266202805997e+25 1.413690666108166400e+18 1.562377667830450024e+25 2.327756100567170007e+24 1.394065736596171520e+18 -3.420755843695043379e+25 -1.194987611158482666e+26 -1.391480073914796800e+17 7.761748374530497133e+24 -6.034314352071053912e+24 -8.083841828792906240e+17 3.072684324383266601e+24 4.658884118604884067e+24 1.099922066235437184e+18 -1.716158363683232055e+25 1.064939418026848201e+25 2.858038820943328000e+16 -1.279192199357417792e+25 1.099151666116920478e+25 -1.045801444672128960e+17 2.037868445948626769e+25 5.319231360705720184e+25 -2.063291932761066240e+17 -2.295862995529765019e+25 -9.753919933979053145e+24 1.645292031224940160e+17 -1.458164874136739488e+25 1.875273567185469949e+25 1.025167326436775296e+18 1.257579236586741940e+26 -2.210181072902901540e+26 1.978294626652952064e+18 1.246699729094982187e+25 3.844675080180796185e+25 1.864258506870585600e+17 -1.422715689385317781e+29 1.657495573873993035e+29 -4.797015238053428480e+17 1.442773069204424903e+26 5.689153924615794814e+25 1.733530637165366016e+18 -5.856160455026630736e+26 5.155706030752193434e+26 1.333611447273467840e+17 5.456384661759280483e+24 2.585729806817730864e+24 2.711451095833868800e+18 -5.922325131590526355e+25 1.513990844452324295e+26 -1.107677483668884736e+18 -5.966134827673953700e+25 -5.778673118679802178e+24 1.439550904952146176e+18 1.251259198210273217e+24 -2.540660383203171578e+24 -3.775501764005337600e+17 -1.448020099322219005e+26 4.632401582438855767e+25 4.671087171336977920e+17 -2.642606617851815542e+25 -3.290527357279046375e+25 8.087629740394635520e+17 -1.810388395290473908e+25 1.270968629480957598e+25 -1.049774583358770560e+18 2.655183155747221706e+25 2.040099837563318400e+25 -6.509701180240202752e+18
2.314389714270547840e+17 -6.462463539146535680e+17 1.036258293042348272e+25 -6.128911967004522240e+17 -4.036608337053130880e+17 1.019630764703296594e+27 1.393783253039515136e+18 -1.565302494927125120e+17 -6.728589090382660449e+24 2.338958284993787520e+17 -5.353754104638022400e+16 2.836078535389347271e+25 1.099081623350037760e+18 5.612603028502048000e+17 -3.520691852898921362e+24 -1.755138023213342720e+17 -6.352752113623685120e+17 -4.330803498688244070e+26 -4.858879803389343360e+17 -9.904542055691822080e+17 1.354275060403683070e+25 -1.623187943059808000e+17 9.298099560054894080e+17 1.880198712901621757e+27 -5.366274711178976000e+17 -2.038586292173030400e+16 -3.587056109419057838e+26 -7.482733676081774080e+17 -6.722430014194823680e+17 4.359552465338666987e+24 -1.788093054192985280e+17 -3.366096459982915200e+17 -7.664317303069158544e+27 -1.067359014680043264e+18 -1.268571072378546432e+18 7.138659742558305366e+23 5.653526694213184000e+17 -8.325812404818432000e+17 6.221141452221817672e+26 -4.323931444913802880e+17 -1.149998659321393792e+18 -5.750157363856500574e+24 1.301744356733522944e+18 -1.296645886038387712e+18 1.758870809692710578e+26 -8.705064894246792960e+17 2.602697019107083200e+16 -3.838259155514965486e+24 -1.119084532261902592e+18 -1.807221669856898048e+18 -2.116316385029133604e+26 2.858624250978416000e+17 -1.624118857933487104e+18 -7.708513856067244145e+24 -3.783979446469120640e+17 1.635502546322969280e+17 -4.019002098021148314e+25 -9.558918039096974080e+17 -2.245393017742608000e+17 9.130544063438064257e+24 1.978749247702218560e+17 -4.083057641542982400e+17 -7.641788028461345604e+24 -1.899619503629056640e+17 -2.513573016697139200e+16 -3.072640690548454449e+25 -2.342442914240451200e+17 7.204054790909689600e+16 2.924867752382160917e+24 -4.715531629081921920e+17 4.453381280521975040e+17 1.046531769379711803e+25 -9.933595705910412800e+17 -5.394523255017447680e+17 3.331565137370025731e+26 -1.473802352841154816e+18 -1.135642849747184256e+18 6.251223484064015664e+25 -1.148591945537470464e+18 -4.797015238053428480e+17 1.904383396460147487e+28 -8.758048361243331840e+17 2.775809267458709760e+17 3.221420234576384547e+25 -3.019094912932912640e+17 -3.070087548906142720e+18 -3.255684355795404054e+27 -1.291012052109372928e+18 1.243199903646350080e+17 -1.256470334476616588e+25 -8.912734221582050560e+17 -2.554810574010279936e+18 3.492393456697545376e+26 -2.999782871371174400e+16 -1.400499315893615616e+18 -2.253356027266227713e+25 4.240323866629248000e+15 -1.242723223632562944e+18 -1.675723730647024181e+25 -1.086231080622967680e+18 -6.191066133834649600e+17 3.222579771734104435e+25 -2.010602012390571520e+18 -1.341152069805665024e+18 -6.505229449096024848e+25 -1.703759640878185984e+18 -1.150614340634907136e+18 3.521064054427704576e+25 4.639195759477975040e+18 1.038166321253969510e+19 8.976075344422557582e+25
4.903422179964018563e+25 8.642175022205919799e+26 -4.419397948459834880e+17 2.699467951305826151e+25 4.174911718959041073e+25 3.169951585373028480e+17 5.670849384608979787e+24 5.035892419552108278e+24 5.326097994357879040e+17 1.057658882690850014e+25 6.192415296335501930e+24 -2.821951291480498176e+18 -1.444771393357475310e+27 1.542756889413355635e+26 7.142799889004480000e+17 -1.196316712605956919e+26 3.413439288096637346e+25 8.166366649389888000e+17 2.147750139838644336e+27 1.966595412267544782e+27 1.106618753579128832e+18 4.640458006264424333e+24 -3.155482933657869274e+24 -5.569787369164398080e+17 9.748884398270685428e+25 -3.887536472856971362e+26 1.191406303158478848e+18 -1.870365093284632292e+27 -6.038064016366747165e+27 -8.894157210487052800e+16 5.239553938930476648e+25 -2.050114452000389932e+25 -1.475081811055416064e+18 -4.752743533221794016e+28 -3.792827822661387308e+28 8.498626962018170880e+17 1.870954504165858326e+25 1.441722013200727029e+25 1.035941431590308608e+18 2.520098880300514569e+26 -3.225091239273522035e+25 1.980829584491697152e+18 1.062351231542043607e+25 1.702639690425761387e+25 4.719060805763022720e+17 2.135176624634191956e+25 -5.885885282088313327e+25 2.880634355580263040e+17 -6.069912028590457590e+24 -7.828902610525514484e+24 -1.277033807485201920e+18 2.427676347731646162e+25 -4.660494485503273726e+25 3.854924745463224960e+17 2.304037785813322553e+24 -1.565597029102482664e+25 1.226151529929754560e+17 2.232295012013923309e+25 4.531368220842559233e+23 -1.053357948316269696e+18 1.315190123662411016e+25 -1.271120764912700890e+25 1.247493169224035072e+18 -9.750324557870919506e+24 2.287686311218444303e+25 1.679938690722826752e+18 -6.225458943763430962e+24 -2.586899704896130661e+24 -1.756672941195265792e+18 1.096852460620216939e+25 1.275136656864297142e+25 6.364450559443002880e+17 1.500280686488771945e+26 5.924225692468158261e+25 4.775088290822430080e+17 5.147117740090707362e+26 5.852174113337316876e+26 2.224474870419015040e+17 4.594742982939442000e+25 1.442773069204424903e+26 -8.758048361243331840e+17 1.657475004573118239e+29 1.422438442556989061e+29 1.040314470028093440e+17 1.243507459426381599e+25 1.784746025274009052e+25 9.378115591619000320e+17 -2.214627274965177524e+26 -1.254090727701575609e+26 -5.498602959402036480e+17 -5.897882494792881544e+24 5.937232985787620192e+25 1.347423731354195968e+18 2.593105475485600429e+24 -5.532629691950678831e+24 2.950552889062157824e+18 3.792330831280716115e+25 -1.244842724612151888e+25 -8.228189004209113600e+17 -3.292433454224903975e+25 2.615717239304021247e+25 1.201155365413324800e+18 5.749078286801061294e+25 -1.450214172601943453e+26 5.151564539332864000e+17 -2.491937643333919573e+24 -1.430014205934873247e+24 2.747527686576045056e+18 2.040971009659462407e+25 -2.665898286890519288e+25 -2.845170404774162944e+18
-2.465477043636019338e+26 -1.346022612841478626e+27 5.270590454284536320e+17 -6.263572203739989532e+25 -8.087450299498498030e+25 -2.092930544109409280e+18 3.694941050433213237e+25 1.371603060251935206e+25 -1.584753147976232192e+18 1.392904971621025172e+25 -2.080555856594987431e+25 -9.473758765862005760e+17 7.460164178949994725e+26 -4.447987259330255345e+26 1.396527898754207744e+18 8.012820197249683458e+25 1.186438543103073937e+25 1.020969217574139904e+18 -5.092487357891449353e+27 -1.951948725746642872e+27 -9.714657369332193280e+17 1.137961711575539256e+25 6.817397706613292699e+25 7.710990359312323840e+17 -6.303000585709794849e+25 1.390375099958213444e+26 3.182099333620867200e+16 1.494783193677974337e+27 1.997412384930744709e+27 7.582633923007961600e+17 -4.724375311860343134e+24 -7.971405085970588135e+24 -6.960034186951964800e+16 -3.807653980287889020e+28 -5.835370197275919693e+28 -5.590085246460590080e+17 -1.685675017587768083e+25 1.382519716190382407e+25 -6.974669727260322560e+17 -2.501443030489876429e+26 1.190264514121072731e+26 -1.559043462120294144e+18 1.986100272386472136e+25 -1.439958965111361076e+25 3.248847235698014720e+17 1.029098753778059960e+26 4.081822113998695133e+24 1.332012082536771328e+18 -5.223786551037985049e+24 9.171406732594523364e+24 -5.998258598059818240e+17 9.319168256409232227e+24 9.304867059849468691e+24 6.368612990457620480e+17 -1.551417315560253105e+25 9.836821766454912045e+24 1.065804678348836480e+18 3.362658391313454843e+24 1.216885753707611475e+25 1.320074188598592512e+18 1.371456642636117936e+25 -8.248931625438654736e+24 4.042930558589860480e+17 -8.053124562139750999e+24 -6.501903505105939891e+24 3.144575831948227200e+17 2.822046868907950665e+25 -3.908655089161614983e+25 3.704737753020161280e+17 -2.065983779550788726e+24 5.867149968271621908e+23 -3.611318601180184320e+17 -1.069931290615177634e+25 -1.713097410763792297e+25 2.229225014819906560e+18 -5.347913470099936476e+26 5.559013718041268147e+25 2.942277762498764800e+16 8.791306752006719392e+24 5.689153924615794814e+25 2.775809267458709760e+17 1.422438442556989061e+29 2.064950194521898775e+29 2.037808599725521152e+18 -7.102828999582782958e+24 1.386686702781456607e+25 9.005732149397376000e+17 9.503638502680459200e+26 -1.481089028668260588e+26 2.751503550063646720e+18 -1.201136593039728931e+25 1.222456115711634328e+25 -3.694313726486502400e+16 2.700304950177639652e+25 -5.919673436740313115e+25 1.260724679888182784e+18 4.775282636002807907e+25 -7.591225403106850771e+25 -4.822880054997657600e+16 2.624280972782011233e+25 8.639131882695451482e+24 1.478447477531520256e+18 -9.389469807237283889e+24 4.645859913523944966e+25 1.053052627504745856e+18 -1.357334291349485860e+25 -3.983661468503366002e+25 -1.140967028952188672e+18 -2.847901591974566865e+25 1.443459076940429482e+26 -3.481125238112039936e+18
7.875959703581905920e+17 3.604103509568815360e+17 1.019398907409784402e+27 -5.610650545770932480e+17 9.633918502307796480e+17 2.833302656520971526e+25 8.259102617778209280e+17 1.653427113192586240e+18 1.029769910857394662e+25 -1.144582650493011840e+18 4.493813335028892800e+17 -6.728829141257828277e+24 -3.772609137563365120e+17 6.406289226885322240e+17 1.880073807241601361e+27 4.907241500102299520e+17 8.314433291043857920e+17 -2.116824524177120509e+26 -9.188965243057968000e+16 6.400398219033523200e+16 -4.335474878737615692e+26 8.544083443244624640e+17 -2.906196858441347200e+16 -4.016203500391096320e+25 2.373937018565424000e+17 -1.935695663738321920e+17 1.759883941143660117e+26 3.920540956423360000e+14 8.429934138913333760e+17 6.219181970692348914e+26 3.477363748476977280e+17 -2.570718064641970560e+17 -3.072521154902030798e+25 4.257098100559374720e+17 4.542588211404270080e+17 -7.665331923414195355e+27 7.530256642258182400e+17 2.238372364929442560e+17 1.047616052360047945e+25 5.752185993412954880e+17 1.121948408712886784e+18 -3.585304365743767004e+26 3.091893769083779840e+17 1.574797652186782720e+17 9.129743441149102930e+24 -5.293091671319290240e+17 4.109758642055976320e+17 -3.532201851343779570e+24 -1.095583506528286848e+18 2.267565957146903360e+17 -7.703647948079474122e+24 2.489521887814658560e+17 6.809831141162736000e+15 1.355066842277715338e+25 1.621058050185049600e+18 -7.327742360578595840e+17 -3.835175678436628624e+24 -3.171207772151850880e+17 -2.188212230641082880e+17 -5.748185428626544131e+24 5.647857726150016000e+16 -3.121616094060245760e+17 4.369874788594409129e+24 -2.975023884380744960e+17 1.182362766686009088e+18 2.918969997091464980e+24 8.339468348865450240e+17 -4.617600706508490880e+17 7.072465322049478790e+23 6.023433539441116800e+16 1.466648689438741248e+18 -7.640886941038101850e+24 8.164197988328668160e+17 7.972567163022470400e+17 3.489940796766782052e+26 2.354072983809439360e+17 9.069581530859768320e+17 -3.255526518143386769e+27 3.002563355658503040e+17 1.733530637165366016e+18 3.221420234576384547e+25 1.040314470028093440e+17 2.037808599725521152e+18 1.905037550893907938e+28 2.330427079653245952e+18 -1.242435697915379456e+18 3.520798458838286240e+25 7.719859512853120000e+17 3.179194565535286272e+18 3.333086462292117416e+26 9.307666635324744960e+17 1.904847761670177280e+18 -2.254218122774507102e+25 -6.037791364428782080e+17 2.599677753933337600e+16 -1.254900242357015027e+25 2.442232615569572352e+18 1.710845284835224832e+18 6.249646689636040039e+25 1.509940648095898624e+18 -3.564885563947701760e+17 -6.503129847188626714e+25 9.744862927093603840e+17 1.121928391812096640e+18 3.222141837555504292e+25 1.666054721692864000e+18 3.842962272520145280e+17 -1.675932330529668077e+25 -5.203410357965154304e+18 -7.241890151970331648e+18 8.973870447036821785e+25
-9.306811639848523404e+25 -5.649687737935403010e+25 -1.260882639001300224e+18 -1.274228985760637142e+27 -1.221184787705027796e+26 -3.700406604175496320e+17 -2.683607488124956849e+25 9.195012868045085235e+24 5.579675708725633280e+17 1.464971152008468475e+25 3.035376156844069355e+25 3.493943421751375360e+17 1.146903391410039421e+25 5.334308838217766119e+25 -6.987050534039454720e+17 -3.747558356819668483e+26 6.186335335095345548e+26 -5.278212069848492800e+17 5.058151964967449975e+25 -2.753392913438122908e+24 1.123005613749652224e+18 -2.247916510011616717e+27 -4.638861864851952747e+27 1.606924208394993664e+18 6.717032197308629388e+25 -7.400148184409696677e+25 1.350924514221957632e+18 -9.612566880005748261e+24 -1.284987100641857787e+25 3.054096694870588800e+17 1.455556639897316368e+27 1.132375387338045180e+27 -1.686172548106204160e+18 -2.127579352291416721e+25 -2.748362960803207208e+25 -5.535892493674149120e+17 -6.591046758816993968e+28 -3.576781460625414472e+28 -5.333607128462328960e+17 -1.314613075327269256e+25 1.769193159332115169e+25 -1.594787930041897920e+17 1.020151121310790886e+26 -2.446315978469153474e+26 2.600799404456012800e+17 -5.961060442784075979e+22 -6.231922821257831331e+24 1.192872164588492800e+18 -2.842325471592034274e+24 9.327913842009864817e+25 1.199337075596740608e+18 -1.563495982244691960e+24 -1.769420191019495558e+25 -2.560869879845102080e+18 7.380620572782169678e+24 3.058800610009470189e+24 9.914180497270231040e+17 -5.475548552427571142e+24 7.102374889254447349e+24 3.657510212971079680e+17 -4.063137029511880437e+24 4.714903933154388917e+24 -2.096094141586988160e+17 -3.982885036286017727e+25 -2.442942358142359882e+24 -1.820405013278334720e+17 -1.042280056248928439e+25 -2.900404402752168663e+24 6.295572732101301760e+17 -5.910230751813273400e+24 1.495823240297683080e+25 9.225564254752854400e+16 -2.665974737251532600e+25 -4.518595741111948394e+25 1.918233679694727168e+18 -4.718389202238117786e+25 -8.246034327573637265e+24 2.046105361467771136e+18 5.557208586588897939e+25 -5.856160455026630736e+26 -3.019094912932912640e+17 1.243507459426381599e+25 -7.102828999582782958e+24 2.330427079653245952e+18 2.359659786052647358e+29 1.345903804197736457e+29 -2.475087159501627200e+17 -6.697131364296662618e+25 -1.524588098032027280e+25 8.530182097085696000e+15 -1.291447322967496758e+26 8.775098527812561777e+26 -4.438656134275215360e+17 -1.238683097351817831e+25 4.708514466118993703e+24 -3.641441579972075520e+17 -5.952401108196795627e+25 -1.638027658630022822e+25 -7.943155321399372800e+17 3.812505178482847955e+25 4.779586735770766199e+25 -1.784927158732765696e+18 -3.970316487498325689e+25 1.116569485920109320e+24 -1.107992303857372160e+18 -6.439845978024561398e+25 8.327920388858177640e+24 -1.224441062826813440e+18 1.308365650310532354e+26 -4.474396163539419684e+25 2.360380744017491200e+16
4.029659349277529318e+25 9.413318675193575405e+24 5.376516723486033920e+17 9.937950209339409781e+26 -6.342271475912415462e+25 -6.424616417733341440e+17 3.591994009913145688e+24 -1.385824666287523265e+24 3.919547092508033280e+17 1.279513190056628350e+25 -2.244131785151584546e+25 2.449153755260962304e+18 -3.133119568012117377e+24 -1.569071713648853261e+26 1.683363433862513280e+17 2.629445211140990302e+25 -1.576447470118422092e+27 7.741951935626004480e+17 -3.810035344071577827e+25 -1.335493547105601473e+25 -1.711321090316864960e+17 2.434089167310231804e+27 2.397657284176398660e+27 -2.614431355073699840e+17 -4.220377084577031391e+26 1.340228979199554136e+26 -5.136801647392419200e+16 -2.019802860606867169e+25 2.824694736440449984e+25 -1.697346852455554304e+18 -6.397674610399913299e+27 -1.452613076580752211e+27 -9.227472679875400960e+17 -5.312890617671616289e+25 -1.274207610838247319e+25 -4.027688485976650240e+17 -3.564485492778749141e+28 -3.875671353240040670e+28 -1.941035000456634560e+17 8.024425680531304714e+24 -2.514970095219049140e+24 -5.829411890595110400e+17 -2.381508662150417266e+25 2.201026548393369629e+26 -8.376067233672117760e+17 -2.029974385657203213e+25 -9.319999367787937484e+24 -5.021858137835910400e+17 -4.475463793681256767e+25 -1.507377468528712108e+25 -2.255978170303574784e+18 -1.438573801230164461e+25 -1.636122317607395249e+24 -1.616227764516233984e+18 -3.969901625956773641e+25 1.421097030955959529e+25 -1.256384472467828224e+18 2.047004405067869392e+25 1.331568557373185245e+25 3.446522745694580480e+17 1.035675226344952473e+25 -1.664591302925464164e+25 -6.512321135632538880e+17 3.503909887572124010e+25 -1.664848977735971234e+25 -1.318734795351403776e+18 1.255715616068091588e+25 1.910228043191653464e+25 4.114133891499193600e+16 -1.908512974760036545e+25 -9.119575738720956914e+24 -1.109747999578252672e+18 2.688179729463973167e+25 -7.956951121982386668e+25 -9.109817641896794880e+17 -6.617114583030032448e+25 -6.406401588705790632e+25 -3.009341091458805248e+18 5.345434274811826699e+26 5.155706030752193434e+26 -3.070087548906142720e+18 1.784746025274009052e+25 1.386686702781456607e+25 -1.242435697915379456e+18 1.345903804197736457e+29 1.357193611973378186e+29 -1.642916600437621248e+18 -5.592630909469139346e+25 -1.550374755787409537e+25 4.342252994756364800e+17 -4.759509521849085282e+25 -3.667965062499949054e+26 -2.282259596472134400e+18 1.113547995902393677e+25 -1.858178383376614607e+25 7.433536425326737920e+17 -1.636261247823409417e+25 1.419804924427736649e+25 -1.989465913000040448e+18 -1.259499004560357432e+25 -7.580282406479298156e+25 8.941799803364736000e+16 1.360820300533125853e+25 -2.544097157989954249e+24 -5.847881708441760000e+16 6.634131538876260684e+25 -4.702353922015483100e+25 -1.256634170193340928e+18 -4.600831409648987971e+25 1.180167114308400836e+25 9.108342200719468544e+18
6.639261707823836160e+17 -1.136971678006781952e+18 2.391752030880291333e+25 1.787199393278264064e+18 5.759295245443896320e+17 1.007406197892225738e+27 4.782785644732894080e+17 1.614227322500264192e+18 -6.192569808190143071e+24 -2.034239078011502720e+17 -1.307381272486912000e+18 3.884823556521420218e+24 -1.707365727532123136e+18 5.488138062269153280e+17 -2.200136558617215024e+26 1.056101308462190464e+18 -3.681945975213603200e+16 1.864879308461252785e+27 -2.444563726874074560e+17 8.263192463561689600e+16 -4.194941315015276916e+25 -1.009819170624432512e+18 1.189475848752655040e+17 -4.454395531353058742e+26 -2.936751055816493440e+17 -1.006798695923805952e+18 1.639709785660434271e+26 -3.461608418337761280e+17 -5.086591653798351360e+17 -3.216168726517617564e+25 -1.493535503982763520e+17 -1.310198667390579712e+18 5.809317259778481818e+26 -8.525247504423641600e+16 4.444558464499242880e+17 9.853981845323173581e+24 1.106163596066259840e+18 -1.517327962199180800e+18 -7.432235556369450763e+27 -3.778813253315955200e+17 -6.573119941711356160e+17 1.278797896860306930e+25 3.874168822342683520e+17 -8.873531233915883520e+17 -3.763016494164363930e+26 -1.085433525889034624e+18 3.669856049658900000e+16 -4.422877405703247755e+24 -7.430547226007919360e+17 2.202151859080998400e+16 -1.737087653507601405e+25 -9.829425231337303040e+17 3.972803561972179200e+17 -4.262121266006412650e+23 -2.277681278942698880e+17 -1.522449752284923648e+18 1.096890547265056236e+25 -2.633483426351211520e+17 2.362325783032328640e+17 -6.190030638920448986e+24 7.292729119761049600e+17 -1.198745088016231936e+18 -1.055906364264816954e+24 -1.072349886211871744e+18 9.673867349667800000e+15 -2.044642552445735989e+25 -7.541906953761749760e+17 -1.364348977390718720e+18 1.034088922395610788e+25 1.620379231820421120e+17 5.539365366943499520e+17 2.917221574256507602e+24 1.411349814695334400e+17 7.968570445399700480e+17 2.970055510785578620e+26 3.358331768669740160e+17 -2.177722399468245760e+17 -1.030693264858647182e+25 2.020603929666788480e+17 1.333611447273467840e+17 -3.255684355795404054e+27 9.378115591619000320e+17 9.005732149397376000e+17 3.520798458838286240e+25 -2.475087159501627200e+17 -1.642916600437621248e+18 1.887576026530278364e+28 -5.739424022986768000e+17 1.032842817640057600e+17 -2.514800411908916508e+24 -3.381310385780860160e+17 -2.227462422424414208e+18 2.707514304799361595e+26 1.618629072348941568e+18 -1.212319352071130624e+18 -2.681937792995412681e+24 7.925113047421722880e+17 -2.830158065142845440e+17 1.282394213747118636e+25 -4.046129781096767360e+17 8.211766556240622080e+17 6.244893693046083622e+25 -1.524722867106525440e+18 -6.750148554561890560e+17 -1.673561112987843340e+25 -1.000668469541595264e+18 -1.599802936519764480e+17 -1.030857701536016276e+25 2.308269680265400832e+18 5.837386715189307392e+18 8.507506644675914877e+25
-8.962956056750401747e+26 1.002995278081636951e+27 -9.749693861909268480e+17 -3.791696540090802354e+25 -1.703976725753473183e+25 4.785717158158040320e+17 -1.684831420439560674e+25 5.748901175922561196e+26 6.931657122617935360e+17 -1.856764652452907254e+24 -1.953999531003537416e+25 -1.078536625392973056e+18 -1.436172700593710980e+26 -5.279568509396504901e+26 1.651318756788966400e+18 2.078331835244801665e+25 -3.092251588869401100e+25 1.497574420123365120e+17 -4.821892933269448803e+27 -5.854570145853774923e+27 -3.326284478339930240e+17 -8.999485309328560461e+24 -1.123795945574051059e+25 -3.467963669215965440e+17 -7.308020528672436509e+25 1.877848881429346088e+26 -8.331832472632537600e+17 4.002724997760317533e+25 1.547165034430792226e+26 1.121894137826298624e+18 -1.356201779040165456e+25 -2.423877305612105558e+25 -2.960162225906117760e+17 2.429942624924762320e+26 -2.146517938922695463e+26 8.503861672768302080e+17 -1.131303310833323919e+25 -3.365353968402280921e+23 -2.896012544163004160e+17 -5.429342402311158429e+28 -3.623358119398229450e+28 -4.773767464747635200e+17 -1.791444299596519306e+25 2.387601154561732319e+25 8.814518166502922240e+17 1.940685882751612184e+27 1.511302234685660172e+27 3.011529098409424640e+17 1.390184977093782561e+25 -2.727436072180314718e+25 2.248006435041121280e+17 1.206666508779582839e+26 6.668134881358352473e+25 1.359938572934123520e+18 -5.199413164916438612e+25 -3.063903798677668730e+25 3.684576585409484800e+17 7.868686182266193742e+24 7.684162539627127567e+25 2.149664287641746176e+18 1.713429712859382815e+26 2.689109630521219682e+26 9.120946186776761600e+16 -3.233014499692787039e+25 1.222384382418358813e+25 -4.585552888961711360e+17 -2.511631073045840114e+25 -6.859308416607568923e+25 -2.083080703786356736e+18 2.242606155210324465e+25 1.366237771384156103e+25 -8.057487574634064000e+16 -1.941821660949820386e+26 -5.444676146615380985e+25 3.510549518651152000e+17 -7.940405394650382301e+25 4.561668321856617590e+25 6.614550579671559680e+17 -5.906779138308755677e+25 5.456384661759280483e+24 -1.291012052109372928e+18 -2.214627274965177524e+26 9.503638502680459200e+26 7.719859512853120000e+17 -6.697131364296662618e+25 -5.592630909469139346e+25 -5.739424022986768000e+17 2.008138610817946747e+29 1.334328421093063768e+29 -7.597001546374904320e+17 -5.094617784027697592e+25 -2.846141194832526031e+25 -6.124354024410699520e+17 -1.819155278753510821e+25 5.456444842181114605e+25 6.403607172576395520e+17 -1.292877244821619617e+26 -4.754345939414204104e+25 -1.463860771113093888e+18 -5.894617120339140201e+24 -1.202008797096937124e+25 -1.481569283285810944e+18 -1.615013903379740949e+25 -5.956873050312793360e+25 -1.057061018302795520e+18 -1.868905630274134144e+25 -4.796582561140405134e+24 -3.423203047264071680e+17 1.098039422361541004e+25 1.131671462980355212e+26 2.005583719911992000e+17
6.675333823093457463e+26 -1.747693306796725490e+26 -6.334877479620611840e+17 -1.913729626681031926e+25 9.246754959811982377e+24 1.018128494513313024e+18 9.035256647634786495e+26 -1.049952627573291893e+27 1.511954967064883456e+18 -1.444903270448826337e+25 -2.120116548384254470e+25 3.441129152537905280e+17 8.324187012140302028e+25 1.834945874188717257e+26 -1.671598381972552192e+18 -4.252654860012356470e+25 -4.141529407095049355e+25 1.010193029307075840e+18 2.227393644608898117e+27 2.417092271095878139e+27 1.056218914860312704e+18 -2.307097129806720312e+25 2.611494918951417346e+25 6.543105768541562880e+17 8.177208181927144017e+25 -6.703926605674808011e+24 -7.031530631080126720e+17 -1.114255440200495468e+26 -6.815786822118069527e+24 -6.001254411987438080e+17 1.450591131769723348e+25 2.095965625259932536e+25 -2.373607968365068160e+17 2.595950054082154047e+26 1.760565107977270269e+26 9.822402418427193600e+16 1.040207967081664816e+25 -2.477381887034086080e+25 -4.511570340533171200e+17 -3.617025626548699986e+28 -4.700888415821553423e+28 6.361378287146019840e+17 3.169073337525645165e+25 -2.182422995284607731e+25 1.752715797002603520e+18 -6.580481697467303745e+27 -4.329279052859230974e+27 -4.771983449659834880e+17 -1.355739303669645170e+25 2.404200552553305996e+24 -5.146546676323221120e+17 -5.543330899508684181e+26 -8.299869792442641748e+25 1.342148953158900800e+17 -1.779299891704211546e+25 4.387069023786280595e+25 1.828031311698222848e+18 1.740261047095756356e+26 -6.313227190213356409e+25 -5.594838449029457280e+17 -1.957149958702361539e+26 3.026262688772176516e+26 5.435408472965859200e+17 -1.688154812300721685e+25 -1.277678813246299279e+25 2.832664413237729920e+17 1.706764223325421262e+26 8.301535495265163900e+24 -5.024918550896514560e+17 -5.573473022422003590e+24 3.938216101754693535e+24 -6.179658192106406400e+17 2.442097192068020511e+25 -1.849588501074996830e+25 2.563560610502433792e+18 -2.683080215257468216e+25 -2.608133906144642871e+25 6.204310999221096960e+17 -2.722361216885087078e+25 2.585729806817730864e+24 1.243199903646350080e+17 -1.254090727701575609e+26 -1.481089028668260588e+26 3.179194565535286272e+18 -1.524588098032027280e+25 -1.550374755787409537e+25 1.032842817640057600e+17 1.334328421093063768e+29 1.723741493846337786e+29 3.353605525662925824e+18 -2.846840773018232743e+25 -7.109167046333639518e+24 -8.215915253050223360e+17 -2.410665090290668535e+25 -1.934286890556600785e+26 5.419587226821483520e+17 8.773202171245626427e+26 -3.667605276775005164e+26 4.482433971498329600e+17 5.951954177686493485e+25 1.230322826447009898e+25 4.116381123548232960e+17 1.042434229335912272e+25 1.516932556449062558e+26 1.212418314675424768e+18 -1.111935046303206936e+25 -1.205684755698443680e+25 -2.178911218060678656e+18 1.095614590380729286e+26 -3.301617420860711802e+24 -5.871117796513157120e+18
-4.163861450479416960e+17 -1.519874771064416640e+17 1.371592333129595446e+27 9.970584826874475520e+17 1.358623900489862144e+18 -2.728962250964119296e+25 2.891740782881461760e+17 2.016333102656962048e+18 1.371755748440248193e+27 3.661341662129627200e+16 1.377746060536759808e+18 -2.724901994946202780e+25 -1.498543809094738176e+18 1.353629046274365920e+17 3.093267149260075002e+26 1.008937845755912576e+18 8.570045174028185600e+17 3.716357066781221250e+25 -1.047111732907494144e+18 4.596223784861716480e+17 1.212951187653574865e+26 1.142486005710973056e+18 3.937997322063706880e+17 8.253711000901471980e+24 3.203411520447651840e+17 3.610930914970213760e+17 -1.680800289002929820e+26 3.444949178298561280e+17 1.115820616969984512e+18 1.581877007733972319e+26 -5.304982046752775680e+17 6.125502093522771200e+17 1.346802051750942603e+25 -3.752035388151790080e+17 9.133289694235266560e+17 -9.679876915568367663e+26 -5.795920091301708800e+17 9.867160641892894720e+17 -1.527305383377151824e+24 2.639206361867142080e+17 1.057656533776887936e+18 -7.727423827936233261e+27 -3.560635637210237440e+17 3.680290740465784960e+17 -3.565478570867360444e+24 -1.086410153039685760e+17 -7.867482513966729600e+16 1.234844821289135533e+26 -3.097855099147210240e+17 6.116818184086758400e+17 7.999107071538046337e+24 6.828949529265640960e+17 -1.224758238745238720e+17 3.068626252828159955e+26 7.171973141324591360e+17 3.060107263740819840e+17 3.715840574366309690e+25 -5.171440405879610240e+17 5.953044057663616000e+17 -1.671793875934340991e+26 5.476359859954868480e+17 -3.935855993941575680e+17 -9.483806243697269052e+26 2.416492217388250240e+17 7.943806746421132800e+17 4.997556927689220900e+24 -5.209014482190579200e+16 -8.404598292713845760e+17 1.420258890990284324e+26 1.867627897410857600e+17 1.269753212825439488e+18 1.092145062554761373e+25 -5.815201579334370560e+17 2.165117329593105408e+18 -2.726400055999414335e+26 -2.739776020047963200e+17 2.006287590561934592e+18 2.972251661677670275e+26 -7.753348879205117440e+17 2.711451095833868800e+18 -1.256470334476616588e+25 -5.498602959402036480e+17 2.751503550063646720e+18 3.333086462292117416e+26 8.530182097085696000e+15 4.342252994756364800e+17 -2.514800411908916508e+24 -7.597001546374904320e+17 3.353605525662925824e+18 1.943044351413519179e+28 -1.085496680207759872e+18 3.097049930826919936e+18 -3.301249753135329996e+25 -2.040617369896289792e+18 -7.708384163453593600e+16 -2.724661800164801503e+26 8.836535008761457920e+17 2.936247749637714944e+18 2.708124353704589193e+26 -1.759755490851374720e+17 6.785241069110513920e+17 -2.254385869885316375e+25 -7.497946822196057600e+17 1.879156346259766272e+18 3.492148501290435020e+26 1.500595869994123520e+17 1.311666810749889024e+18 -2.690835133132603834e+24 5.859814665439294720e+17 -1.360667246987408179e+19 -8.818204259311525860e+24
-1.848556612768580996e+24 -1.950773077252384395e+25 -2.149715852765917760e+17 -1.687948027813102760e+25 5.750242573915373081e+26 -3.687755146867168000e+15 -3.789297820390715669e+25 -1.705494375827416005e+25 -1.419652472843382272e+18 -8.965816771009355822e+26 1.003199775390137419e+27 3.465525277044023040e+17 -5.196514009264930446e+25 -3.065881096745445422e+25 1.239905879900588288e+18 1.207060946171575479e+26 6.668179611223501505e+25 3.308815115716713600e+17 1.393520148883808208e+25 -2.728206355989010959e+25 1.232991719420761600e+17 1.941066313815148918e+27 1.511442325440050086e+27 -1.692501667756612096e+18 7.993115316802991237e+24 7.674303254810858288e+25 7.936675629002566400e+17 2.243645348515929446e+25 1.367507519632348031e+25 1.149827193112325120e+18 -2.368666965862548900e+25 -6.864745010818563634e+25 -1.180661665177200384e+18 -3.230169700287335618e+25 1.086241956623611716e+25 -9.026344505333171200e+16 1.713043790550574446e+26 2.691751267665350035e+26 6.798425965817582080e+17 -1.791521659748916929e+25 2.391222665000028898e+25 -1.012119538099349376e+18 -5.429276239726418244e+28 -3.623715771702291813e+28 -2.480233925573001216e+18 -8.960542886334116030e+24 -1.123807458457441893e+25 -1.048316534696916480e+17 -4.824752046030019589e+27 -5.855749572989549283e+27 5.745800947497172480e+17 2.082004376769799028e+25 -3.084697156093459808e+25 1.188713457330168064e+18 -1.435630146043419419e+26 -5.282123771111928811e+26 8.502549808776410880e+17 -7.336066077758324088e+25 1.878658229340711827e+26 1.302804726969900800e+18 -1.129822004379999952e+25 -3.075554476673452023e+23 -2.960807096705808640e+17 2.430749173205712360e+26 -2.158627968797791325e+26 9.618695420027982080e+17 -1.220803825997712231e+25 -2.422375330356642711e+25 -5.610798416373276160e+17 4.012990174532618560e+25 1.547210690876840295e+26 1.388914318363769600e+16 -1.858530395991958497e+25 5.498203927274598638e+25 8.855322249889592320e+17 -1.862341765666059818e+25 -4.753358509730863627e+24 5.460956057406595200e+17 -1.639314784328557862e+25 -5.922325131590526355e+25 -8.912734221582050560e+17 -5.897882494792881544e+24 -1.201136593039728931e+25 9.307666635324744960e+17 -1.291447322967496758e+26 -4.759509521849085282e+25 -3.381310385780860160e+17 -5.094617784027697592e+25 -2.846840773018232743e+25 -1.085496680207759872e+18 2.008197830992301196e+29 1.334453436218794349e+29 -1.570908811148961920e+17 -1.936013040347969454e+26 -5.475733679980823017e+25 -2.600323816050718720e+17 -6.697762906876519057e+25 -5.589671081756119378e+25 -1.464839956027258368e+18 -2.214070532616491561e+26 9.504454262781699994e+26 -1.166729940773137920e+18 -5.897059896225158104e+25 5.422402991649502802e+24 -1.390340428971782912e+18 -7.932194171085543671e+25 4.563373567709928193e+25 -9.782822217122851840e+17 1.099724313476260387e+25 1.131931868642515964e+26 1.626351270349420288e+18
-1.441278961248055568e+25 -2.120260866240547273e+25 -1.706407928674343040e+17 9.036145409641416977e+26 -1.049634687868931256e+27 1.646320140255933952e+18 -1.912166739894515489e+25 9.246765350907480084e+24 -1.033972462538579968e+18 6.676510726187951511e+26 -1.745895933654858625e+26 1.791119839609613824e+18 -1.779137292758107268e+25 4.386494134138858639e+25 -2.122365184558599040e+17 -5.543216359821410517e+26 -8.295942090641618096e+25 7.015972804593241600e+17 -1.353663889963515217e+25 2.383944330838036770e+24 -1.097784889381655552e+18 -6.580517365412691182e+27 -4.330547173810464899e+27 -1.057776784505418240e+18 1.739377227236691426e+26 -6.299829141056849881e+25 6.014008787239333120e+17 -5.554640067541843323e+24 3.955081057542532070e+24 -2.994496577922948480e+17 1.719161881968215405e+26 8.430160801209638824e+24 -1.121144037445144576e+18 -1.682818671051065130e+25 -1.397509765352978510e+25 3.842339807882249600e+17 -1.957845742120548502e+26 3.026940233684426292e+26 -7.174740508928426240e+17 3.170300055465421187e+25 -2.178481824446507661e+25 -6.460154531550013440e+17 -3.617465661097834413e+28 -4.701507966972639824e+28 2.803290546004148224e+18 -2.305395602655349935e+25 2.610853306583809577e+25 -3.921455880371047680e+17 2.227351578940898710e+27 2.417091503113239385e+27 -1.948341234335264000e+18 -4.250769465826476916e+25 -4.141003460297763315e+25 -5.113793615387242880e+17 8.315124669657114326e+25 1.834763776802372230e+26 6.919485138713848800e+16 8.197034738944498543e+25 -6.759889658521433141e+24 9.451275572844736000e+16 1.042011794021523339e+25 -2.476813743912250916e+25 -9.424238476394647040e+17 2.599452887641778256e+26 1.748108615851192010e+26 -7.463958159058531840e+17 1.577992181488061423e+25 2.096011201405724476e+25 4.986518013523927040e+17 -1.114095229679706058e+26 -6.874735963921868508e+24 6.048756699279833600e+17 -2.376592339971562285e+25 -1.937616771039562696e+26 5.294492783266352640e+17 -1.107079623891352468e+25 -1.207153593735597885e+25 -6.028089100263124480e+17 1.076163333472385679e+25 1.513990844452324295e+26 -2.554810574010279936e+18 5.937232985787620192e+25 1.222456115711634328e+25 1.904847761670177280e+18 8.775098527812561777e+26 -3.667965062499949054e+26 -2.227462422424414208e+18 -2.846141194832526031e+25 -7.109167046333639518e+24 3.097049930826919936e+18 1.334453436218794349e+29 1.723966776080688916e+29 -3.117428350679791616e+18 2.401109145962827383e+25 -1.807844494322603367e+25 1.008493094077173248e+18 -1.518785059946049612e+25 -1.544984437462823565e+25 5.275401392784597760e+17 -1.255922852816259028e+26 -1.480897324745337304e+26 -1.040576621218243072e+18 -2.720926740615514436e+25 2.694830257967716643e+24 1.405975402587235072e+18 -2.673968549835417397e+25 -2.600982743758347472e+25 -2.071030553506843136e+18 1.095784230381563530e+26 -3.270072876603956772e+24 1.142078024450585728e+18
1.493100251728130560e+18 1.092178433741938688e+18 -2.724236781882090608e+25 -9.928378547567324800e+16 -7.087189114740418560e+17 1.372010978460471505e+27 1.889546154896069632e+18 -2.954190148625073664e+18 -2.729698181886285745e+25 3.040950272569413120e+17 -8.001800315851912000e+16 1.372067740652699634e+27 2.617412164388228800e+16 7.690583612667920640e+17 3.711559733909853155e+25 1.099169749485169792e+18 -6.290711861336797600e+16 3.067581374904313883e+26 -2.745174498042196800e+17 -4.811360913486112000e+15 8.007370276003918303e+24 9.921554486329117440e+17 -7.222023562417454080e+17 1.237454861207454249e+26 -2.853916965713184640e+17 6.133763757346266880e+17 -1.671561588821406829e+26 -6.656094703696787200e+16 -3.290413090539147200e+16 1.091859896881542454e+25 -3.789825843342928000e+17 -1.220709502575498240e+18 1.420794252669575066e+26 -1.678344736779237120e+17 -6.086200404657794560e+17 5.003531784952833844e+24 7.872557803197657600e+16 -4.001122022219972480e+17 -9.486746307799767371e+26 3.764940330522457600e+17 1.400061170896287360e+17 -3.571935137752088530e+24 -1.338818381315339520e+17 -1.171509609690239744e+18 -7.728946305080681445e+27 -4.063231978479436800e+17 -1.856545824392818880e+17 8.260853360605296824e+24 -4.174430082533226240e+17 -4.139960319735322240e+17 1.227919561077102606e+26 -3.426482575559678080e+17 -3.649154822926165120e+17 3.713975003739563364e+25 3.194013169251804160e+17 -1.204983117456066048e+18 3.090481364737324274e+26 5.172337842428016640e+17 1.150631982685420800e+16 -1.681791741053053478e+26 8.217057848100716800e+17 -6.679145496454224640e+17 -1.523869055821929519e+24 -1.049545961727860224e+18 2.104033083118083200e+17 -9.682534182597279548e+26 2.177309930953239040e+17 -4.315781501562142720e+17 1.348111542532448815e+25 6.675480951299779840e+17 3.491889575461150720e+17 1.582965003305300414e+26 7.962382437825374400e+16 1.265211108326743040e+17 -2.723779214114186061e+26 9.318902165132407040e+17 -1.073420345957389824e+18 -2.699551584419160657e+24 6.929782669566117120e+17 -1.107677483668884736e+18 3.492393456697545376e+26 1.347423731354195968e+18 -3.694313726486502400e+16 -2.254218122774507102e+25 -4.438656134275215360e+17 -2.282259596472134400e+18 2.707514304799361595e+26 -6.124354024410699520e+17 -8.215915253050223360e+17 -3.301249753135329996e+25 -1.570908811148961920e+17 -3.117428350679791616e+18 1.942982398922164845e+28 2.361134698036776448e+18 -2.512950354934467072e+18 -2.724426330706876784e+26 8.471478471206192640e+17 -9.076682592643417600e+16 -2.536686227007198181e+24 3.628877889204484480e+17 -9.439594174237388800e+16 3.333494519629621327e+26 -1.242735990968692736e+18 -9.221490318219409920e+17 -1.256287663529580390e+25 6.706206284482800000e+16 -7.897412321044473600e+17 2.971936085479480700e+26 -4.305060385000341504e+18 7.539500774507754496e+18 -8.829954295164226136e+24
9.237450237870514496e+24 1.910638277518929321e+25 2.435215674821278720e+18 -2.126701643222195138e+25 1.444170677950817044e+25 -1.582617440804981504e+18 -1.744752260705960627e+26 -6.674005479912738606e+26 -2.198577401602994688e+18 -1.050849098984710915e+27 -9.036162141016597434e+26 1.566952471356670464e+18 2.610018823483949492e+25 2.307199522312161482e+25 8.845215343153626880e+17 2.377451929952867668e+24 1.355948844886669973e+25 1.683517816091063552e+18 -4.141086418436300759e+25 4.249277752981483337e+25 -1.323548153022192000e+16 4.383441834689584713e+25 1.777490754637044832e+25 -2.061193398348762624e+18 -2.168468868741098076e+25 -3.179510156262197300e+25 -8.046572067888992000e+16 -2.476283271044187154e+25 -1.043117358398397929e+25 2.560581562087972352e+18 -1.409474300001943526e+25 1.694642735430526786e+25 -1.052071852228736768e+18 2.099226931197506788e+25 -1.453438894381997431e+25 9.519389915830088960e+17 3.988096696699503780e+24 5.570884413707242890e+24 5.237583967894426240e+17 -6.741139254568412961e+24 -8.194177677501902028e+25 -2.273259368632249920e+17 -6.328203106988069362e+25 -1.739954835474060420e+26 -8.264865807808124160e+17 1.832824208223950982e+26 -8.322687429855549807e+25 -7.725808225436172800e+16 -8.299724918126602209e+25 5.542059941934688221e+26 3.092705709424201600e+16 2.415897471313254660e+27 -2.225960651501262189e+27 8.484830920503429120e+17 -4.330114844641821572e+27 6.579969534930853590e+27 5.344018583317424000e+16 -4.704211307045950390e+28 3.618625951983217348e+28 6.926718244788160000e+17 -6.821684365617165672e+24 1.112875695672107481e+26 -7.140308726111056640e+17 8.271659837230676942e+24 -1.704370111216741809e+26 3.401021896492528000e+15 1.747547895324995972e+26 -2.605803997159947659e+26 1.731708615886844928e+18 3.029824038039772972e+26 1.953218082147445590e+26 -5.432531045184108800e+16 -7.540181106675940537e+24 2.878825733892635797e+25 6.625022638207896320e+17 -1.545451513229826636e+25 1.516746735399749444e+25 -6.726968517001049600e+17 1.249653566190520878e+25 -5.966134827673953700e+25 -2.999782871371174400e+16 2.593105475485600429e+24 2.700304950177639652e+25 -6.037791364428782080e+17 -1.238683097351817831e+25 1.113547995902393677e+25 1.618629072348941568e+18 -1.819155278753510821e+25 -2.410665090290668535e+25 -2.040617369896289792e+18 -1.936013040347969454e+26 2.401109145962827383e+25 2.361134698036776448e+18 1.724997107921317537e+29 -1.334845881956920785e+29 1.389202850895954688e+18 -2.625627842827197779e+25 2.670774698126668573e+25 -2.127031120152879104e+18 1.510631669371975539e+26 -1.108385504430164210e+25 1.680163947003710464e+18 -1.472756891855624853e+26 1.253949400869855136e+26 -7.175488288770990080e+17 -3.678989637083029192e+26 -8.772184837273188116e+26 1.548676771662142464e+18 -3.255829819573602643e+24 -1.096093402721974416e+26 -3.405284866107147776e+18
1.703398939997882569e+25 -3.787543917271346299e+25 -9.804893886017561600e+17 1.952063671856794001e+25 -1.843186540950539962e+24 -2.880809554860078080e+17 -1.003009916205079888e+27 -8.959176808072960676e+26 5.446135802794918400e+17 -5.752427620560206959e+26 -1.700981342280226237e+25 -8.652921309223372800e+17 1.122675597588058989e+25 -8.989722870472846191e+24 -1.521548298049689856e+18 2.725829439096184673e+25 1.394837260052281342e+25 -5.915011601814297600e+17 3.091333028492108832e+25 2.079000493188915941e+25 1.439584820943253248e+18 3.063555757900701814e+25 -5.200678966676746127e+25 4.297553534694250240e+17 -2.404988034904106957e+25 -1.781481274616015213e+25 -1.394702833721565696e+18 2.576890835077298420e+23 -1.134411241512809774e+25 -5.998826176669937600e+16 -1.084451120516567694e+25 -3.232822179209685734e+25 4.058632109367031040e+17 2.425841426338873989e+25 -1.353956592435853065e+25 -1.438200651897302400e+17 -1.368533565863762465e+25 2.243549782546745517e+25 -1.490770391197441024e+18 -1.878751390973005581e+26 -7.326223002460503810e+25 -1.488423485349679872e+18 -7.692406578609877245e+25 7.830620800226804267e+24 2.487644355838153600e+17 5.281700108523879780e+26 -1.436272766521889042e+26 2.086475180605145600e+17 -6.664252082396403312e+25 1.209234027183410026e+26 -4.705102773741653760e+17 5.857032691051479851e+27 -4.824311871095685610e+27 8.280406450552691200e+17 -1.513585090847488723e+27 1.942852167253236913e+27 1.122324265268823808e+18 3.624873759936323051e+28 -5.427976885098745167e+28 2.354520360999536640e+17 -1.548629855744324388e+26 4.016450186837858824e+25 1.893411659505181760e+17 6.875981516483957472e+25 -2.503817673675969133e+25 -1.203594959775197120e+17 2.164382341801588554e+26 2.426787163255448546e+26 -8.583441447766421760e+17 -2.683347827917208782e+26 1.712366540769737450e+26 -4.000297223759141760e+17 2.889338832755775577e+25 -5.127145858400706475e+25 6.597899822255877120e+17 5.605159140918170606e+25 -6.686193092154747019e+25 -1.777398536610020608e+18 1.190057923518253425e+25 -5.778673118679802178e+24 -1.400499315893615616e+18 -5.532629691950678831e+24 -5.919673436740313115e+25 2.599677753933337600e+16 4.708514466118993703e+24 -1.858178383376614607e+25 -1.212319352071130624e+18 5.456444842181114605e+25 -1.934286890556600785e+26 -7.708384163453593600e+16 -5.475733679980823017e+25 -1.807844494322603367e+25 -2.512950354934467072e+18 -1.334845881956920785e+29 2.007659947848391273e+29 -2.549110529268886528e+18 -4.558580109452559110e+25 -7.920953755592332867e+25 -3.078034966920173056e+18 5.891556577666834373e+25 -1.660913951316193638e+25 -1.439083826432454144e+18 -9.512411993652034108e+26 -2.204481380663597694e+26 -2.397500445442379264e+18 4.710702123674175270e+25 -1.300022107232671892e+26 -4.603093221424132096e+18 -1.132290194606693203e+26 1.093583783816090853e+25 6.733869667080419328e+18
-3.603849449134548480e+17 -6.970536685600112640e+17 -2.736569751708240792e+25 -1.258040937832034048e+18 1.896454050121065472e+18 -2.716444543634815776e+25 3.753182974288177920e+17 1.106051795993651968e+18 1.371844692963206994e+27 8.664303335606714880e+17 4.086527088600173440e+17 1.372089038793888626e+27 -2.131553999022035456e+18 5.489736833057191680e+17 8.294108482479144141e+24 6.880937752619811840e+17 9.688209600161040640e+17 7.959794958988406539e+24 2.818882612185230080e+17 4.433759830419932160e+17 3.709161569710903564e+25 -5.666392300168501120e+17 -8.985884711034022400e+17 3.720678539625258450e+25 9.260350657839882240e+17 -4.930294080983116800e+16 -3.585709555255758576e+24 -6.359681660521408000e+17 -7.061956085709239040e+17 -1.522589741143553261e+24 -1.798518825172901120e+17 -4.931607056891446400e+17 5.007114552896609556e+24 1.257340184025586688e+18 1.475051059859695360e+18 1.349260063851763373e+25 1.775704830218070528e+18 -3.304807637357890560e+17 1.089940229137626386e+25 1.086386187153835840e+17 -7.498969743733271040e+17 -1.681727386768104479e+26 -6.555661482587855360e+17 -9.388818222478254080e+17 -1.671895243845477149e+26 -2.299475303152267200e+17 4.435773140521372160e+17 3.093225037779932483e+26 -2.520435509364756480e+18 -3.917819390504310400e+17 3.066867928268081302e+26 1.661510324750691584e+18 9.700949850375440000e+15 1.220937330960240661e+26 -3.405385978474883200e+17 2.261312975823920640e+17 1.239816264135579093e+26 7.357374149449547520e+17 -1.872666538145125760e+17 -7.726177367646087408e+27 9.843543789449648640e+17 -7.221696340714717440e+17 1.583885591593315644e+26 -1.145316034322937088e+18 1.393458305283169536e+18 1.419098060049007544e+26 -1.909012589030024640e+17 1.675072392122738944e+18 -9.687758048042810414e+26 4.575332872608812800e+17 1.466706068135099520e+17 -9.480944498193688789e+26 1.331274143359150848e+18 2.353356738274584576e+18 -3.291675685019387424e+25 3.263298366712559616e+18 1.075613802572161024e+18 -2.517096723655370180e+24 1.848200747091122176e+18 1.439550904952146176e+18 -2.253356027266227713e+25 2.950552889062157824e+18 1.260724679888182784e+18 -1.254900242357015027e+25 -3.641441579972075520e+17 7.433536425326737920e+17 -2.681937792995412681e+24 6.403607172576395520e+17 5.419587226821483520e+17 -2.724661800164801503e+26 -2.600323816050718720e+17 1.008493094077173248e+18 -2.724426330706876784e+26 1.389202850895954688e+18 -2.549110529268886528e+18 1.942180181321910632e+28 1.936670489145044224e+18 2.353349066069415936e+18 2.972588831651349448e+26 8.445077483512611840e+17 1.052065077484559872e+18 3.492038475781905467e+26 -2.891712724350060800e+17 4.279039060587985920e+17 3.333088402035045891e+26 1.402077358477950208e+18 8.331864191997565440e+17 2.706198146327779468e+26 -2.268372843275656448e+18 -6.031322311304325120e+18 -8.817954858290337364e+24
1.465790883411250164e+25 3.038811971065042088e+25 4.826573983179625600e+17 -2.685805222531326067e+25 9.195196998342579421e+24 4.426536622976883200e+17 -1.274095939265578273e+27 -1.218678780259221971e+26 1.778218762971075584e+18 -9.307936441452668467e+25 -5.653044114075935198e+25 -8.706231627831365120e+17 7.411225560330310315e+24 3.046413510004809499e+24 1.935838138340682240e+18 -1.568632161015374042e+24 -1.769625721404835386e+25 -8.421631908489550080e+17 -2.900566896039707068e+24 9.321349367514615111e+25 1.615654975027373120e+17 -6.518308896313857540e+22 -6.217556536045115269e+24 -5.969646483616245760e+17 -5.330293936096610282e+24 6.979190790027038486e+24 -1.825900428391346432e+18 -5.908583438652475781e+24 1.495116464956366812e+25 1.525527348656292352e+18 -1.134760150402570943e+25 -2.948167147394911594e+24 1.181604573292902400e+18 -3.978791860113130568e+25 -1.427216906631302869e+24 -6.222207510325607680e+17 -4.091911537841943645e+24 4.718217577303098796e+24 6.092638954184734720e+17 1.020660270935805848e+26 -2.445275868305634561e+26 8.725564339350628800e+16 -1.316133816013291559e+25 1.766589193345280070e+25 1.672990066739018752e+18 -2.248561180848307184e+27 -4.639205965632914345e+27 4.153428880718360320e+17 5.057944741488375947e+25 -2.726713505399079287e+24 1.859568021216240960e+17 -3.747473146692972386e+26 6.185482711064673369e+26 -2.782197083066028800e+17 1.143646543268967432e+25 5.337170201992656528e+25 -3.970966503017203200e+17 6.699316766142696398e+25 -7.392540935629087284e+25 -5.896792682940674560e+17 -6.590434513910728397e+28 -3.576341053821693251e+28 4.790794553149803520e+17 -2.132275632970158155e+25 -2.653420082553254793e+25 3.787319315803484800e+17 1.454338898758927896e+27 1.132363507880858746e+27 6.937078204205885440e+17 -9.634731805126752538e+24 -1.285896081639672345e+25 8.122500257132441600e+17 -1.295649715217698177e+25 5.060066516941841862e+24 1.865389069365932032e+18 -6.440630780064547354e+25 8.325673118481291174e+24 2.131293961115801088e+18 -3.986757567427727753e+25 1.251259198210273217e+24 4.240323866629248000e+15 3.792330831280716115e+25 4.775282636002807907e+25 2.442232615569572352e+18 -5.952401108196795627e+25 -1.636261247823409417e+25 7.925113047421722880e+17 -1.292877244821619617e+26 8.773202171245626427e+26 8.836535008761457920e+17 -6.697762906876519057e+25 -1.518785059946049612e+25 8.471478471206192640e+17 -2.625627842827197779e+25 -4.558580109452559110e+25 1.936670489145044224e+18 2.359479108076593368e+29 1.345766231093856146e+29 2.546982841369975040e+17 1.250538563327477963e+25 -7.076314646516400627e+24 -1.702242280515006720e+17 5.567263814301417686e+25 -5.859772794818135932e+26 5.203202071034519680e+17 -4.726899873168583459e+25 -8.262479682873172007e+24 9.495690550111818240e+17 1.308444992416224347e+26 -4.473888348158716746e+25 -6.306065240352303104e+18
1.276576732600130068e+25 -2.246692163839454451e+25 -2.264947012372028160e+17 3.579806756876491594e+24 -1.378783838865056244e+24 -5.747408661371914240e+17 9.937244224628318732e+26 -6.350553421471078405e+25 4.188587049322321920e+17 4.024079932797499286e+25 9.411857111862879806e+24 2.099834828035475968e+18 -3.969626056056047072e+25 1.422434223045010929e+25 1.214300189071192576e+18 -1.438469904554576252e+25 -1.644234176110822146e+24 4.114458388152654080e+17 -4.470398388165041768e+25 -1.506191149044234278e+25 1.192588148218009344e+18 -2.029949572335477450e+25 -9.315313375673327930e+24 5.621562674341350400e+17 2.030250343699286873e+25 1.343523783919532026e+25 -1.906953784724424960e+17 -1.906543975604838871e+25 -9.090782767106204082e+24 1.360680560514204672e+18 1.189963157700568141e+25 1.909469215507203760e+25 1.157045950291388160e+18 3.496602006188668833e+25 -1.591495582455709338e+25 -1.369368627806719360e+17 1.035134676005506172e+25 -1.664142402687249052e+25 5.755600767051813120e+17 -2.380610906870804500e+25 2.200159212393924593e+26 1.021634253141592576e+18 8.003751787180602293e+24 -2.530222292462616223e+24 2.133459740013481984e+18 2.434136068010589759e+27 2.397773125609172673e+27 5.059813211646398080e+17 -3.807850345237295539e+25 -1.332422416887215738e+25 -6.395467393413329920e+17 2.639693480790925803e+25 -1.576254346859920303e+27 -5.310712983277333760e+17 -3.109510889390822232e+24 -1.568807344625958207e+26 7.639967211144573440e+17 -4.219567181858240424e+26 1.339324911456216685e+26 -3.080299739334231040e+17 -3.564163586502939416e+28 -3.875594114418519378e+28 8.327695294177295360e+17 -5.319805650349497396e+25 -1.215139356425757841e+25 6.454013606151961600e+17 -6.397523784006098585e+27 -1.451680361533826579e+27 4.824406422527436800e+16 -2.019100376721826886e+25 2.824566302853549993e+25 -3.304018067863656960e+17 1.165019537629976855e+25 -1.899817004611024547e+25 9.832966866687179520e+17 6.631520874900284953e+25 -4.706239532406889000e+25 -1.383823610731832576e+18 1.358701882007803005e+25 -2.540660383203171578e+24 -1.242723223632562944e+18 -1.244842724612151888e+25 -7.591225403106850771e+25 1.710845284835224832e+18 -1.638027658630022822e+25 1.419804924427736649e+25 -2.830158065142845440e+17 -4.754345939414204104e+25 -3.667605276775005164e+26 2.936247749637714944e+18 -5.589671081756119378e+25 -1.544984437462823565e+25 -9.076682592643417600e+16 2.670774698126668573e+25 -7.920953755592332867e+25 2.353349066069415936e+18 1.345766231093856146e+29 1.357123795524036040e+29 1.237673004948274176e+18 1.808151352322619949e+25 1.396956685266470276e+25 2.135690701677847552e+18 5.340560694990622691e+26 5.160299269527645086e+26 2.801445886600894976e+18 -6.619886058592196387e+25 -6.402796720625956800e+25 -5.696474008068633600e+16 -4.601892303703194202e+25 1.180570534677664540e+25 -1.194448928226840576e+19
6.661282555865472000e+17 -1.832281699430523136e+18 3.868913860933314647e+24 -7.997862844914580480e+17 -4.697413673331770240e+17 -6.191943230478038398e+24 8.451199389742087680e+17 -1.170967367777936384e+18 1.007339797020210320e+27 -2.134259726971757824e+18 4.745969647912917760e+17 2.390426143023641201e+25 -1.013212698231540352e+18 2.836710628495203840e+17 1.097949340071448724e+25 1.050313103743750656e+18 -7.011726630488704000e+16 -4.288256404099572286e+23 -7.236153428124492800e+17 -6.726371445263371520e+17 -1.734924156887930707e+25 1.044432268632931840e+18 4.993046515749840000e+16 -4.424134159909255538e+24 2.862531375996943360e+17 -4.115141224258007680e+17 -6.189309117089598444e+24 -8.749071595777857280e+17 1.016747429350729728e+18 2.912692161227364443e+24 -6.810064416210816000e+17 -1.199395964972099840e+18 1.033287653419271730e+25 2.869465824577582720e+17 -2.969469865934554240e+17 -2.042593536308960940e+25 8.512092413072913920e+17 -1.184106902673522432e+18 -1.070717893479410755e+24 2.036260416762576320e+17 -6.116511145742906880e+17 -3.762907972039427992e+26 -8.140069827791546880e+17 -7.649903332060225280e+17 1.279036399157789743e+25 -1.049347885787642880e+18 -7.653106593506392320e+17 -4.453547449601934148e+26 -2.306954745129837056e+18 -1.427961846221472512e+18 -4.193318243440189942e+25 -1.524995594048878080e+18 -6.097076204143174400e+17 1.864919262153982017e+27 5.917939609656917760e+17 2.600280009256584320e+17 -2.200781968852742080e+26 -1.683237423327917824e+18 1.346052075540640000e+17 1.639841126539034173e+26 4.974346117903077120e+17 -1.121493210190479488e+18 -7.432914405704939413e+27 1.159630644841579360e+17 -9.538383466911630080e+17 9.852768805214186166e+24 -1.862136522762165120e+17 -8.667434901066849280e+17 5.804803281806081823e+26 7.594776993182432000e+16 7.549641427336593920e+17 -3.214345910361577417e+25 -9.579410111187774720e+17 -4.235737763882551680e+17 -2.682314588494716331e+24 -1.122635600204208640e+17 -7.799698665942983680e+17 -1.028730617739922630e+25 -9.185708273821232640e+17 -3.775501764005337600e+17 -1.675723730647024181e+25 -8.228189004209113600e+17 -4.822880054997657600e+16 6.249646689636040039e+25 -7.943155321399372800e+17 -1.989465913000040448e+18 1.282394213747118636e+25 -1.463860771113093888e+18 4.482433971498329600e+17 2.708124353704589193e+26 -1.464839956027258368e+18 5.275401392784597760e+17 -2.536686227007198181e+24 -2.127031120152879104e+18 -3.078034966920173056e+18 2.972588831651349448e+26 2.546982841369975040e+17 1.237673004948274176e+18 1.887922966934750979e+28 -2.725715364809945600e+16 -1.831707431663439872e+18 3.519351129667714670e+25 -1.329249592365764096e+18 -1.948438740387667840e+17 -3.255731950060155810e+27 4.771131886142260480e+17 -1.038612949284876544e+18 -1.030062626628708544e+25 7.425501732481497088e+18 1.062996451921267098e+19 8.507755885836283225e+25
1.060639927604759113e+25 6.201986468454351644e+24 -1.541055883160824576e+18 5.717362728922696632e+24 5.033782535057640509e+24 5.317142006800483840e+17 2.704509607584561395e+25 4.178674906923460196e+25 -1.224677759055497216e+18 4.903611419775096445e+25 8.645108650091880969e+26 -1.879789386688517376e+18 2.299623901028002619e+24 -1.566608367222475172e+25 -4.518075268040447360e+17 2.431601787394710934e+25 -4.660172261575708025e+25 4.005260168728508800e+17 -6.035811749276304500e+24 -7.814469481200504996e+24 -2.825164822652167680e+17 2.139276783216009860e+25 -5.894931171039453526e+25 9.931801083130526720e+17 2.244266171376269452e+25 3.379041667172310429e+23 -1.965829874164835840e+17 1.095989976747132638e+25 1.275307741837502034e+25 -1.845046187816134400e+17 -5.318676169810173726e+24 -2.734589438740587159e+24 5.456590577971143680e+17 -9.759405218074516213e+24 2.216098894146003533e+25 6.972731168731672320e+17 1.318911431351489554e+25 -1.273138568474380568e+25 -8.776702167348290560e+17 1.064107315093086114e+25 1.708683704224453052e+25 -8.284986602021024000e+16 2.520533790853155293e+26 -3.231322373379554850e+25 2.641300260401644480e+17 4.697441764282807469e+24 -3.117529773563433890e+24 7.969229454359942400e+17 2.148255470146224288e+27 1.966906746420884023e+27 9.946252863375070720e+17 -1.195618809845770913e+26 3.417112582396693651e+25 8.205978446813401600e+16 -1.445084060528234978e+27 1.540795421449288312e+26 3.707966014213509120e+17 9.730081005119280386e+25 -3.886709997846157973e+26 8.640004050740372480e+17 1.876511932875539663e+25 1.448153294375549368e+25 2.613961731138129600e+17 -4.751477037470664302e+28 -3.792453807509754102e+28 -6.077836816654320640e+17 5.315787900033342855e+25 -2.045349484967592909e+25 -2.833726103585917440e+17 -1.871320308108403088e+27 -6.040016511438817807e+27 -1.372380011749539328e+18 2.233815595693219493e+24 -5.240608251373189857e+24 8.657968612677721600e+17 -2.540038318898209146e+24 -1.428103225758737376e+24 4.603030901348344320e+17 5.720622493969249111e+25 -1.448020099322219005e+26 -1.086231080622967680e+18 -3.292433454224903975e+25 2.624280972782011233e+25 1.509940648095898624e+18 3.812505178482847955e+25 -1.259499004560357432e+25 -4.046129781096767360e+17 -5.894617120339140201e+24 5.951954177686493485e+25 -1.759755490851374720e+17 -2.214070532616491561e+26 -1.255922852816259028e+26 3.628877889204484480e+17 1.510631669371975539e+26 5.891556577666834373e+25 8.445077483512611840e+17 1.250538563327477963e+25 1.808151352322619949e+25 -2.725715364809945600e+16 1.657023208242469542e+29 1.422327656954116361e+29 -3.107935757963233280e+17 4.616822747791446091e+25 1.444973585652420750e+26 2.359223777414970880e+17 5.157500718489273592e+26 5.852801416421719498e+26 2.286749397370982400e+16 2.044465106305747563e+25 -2.669431186014880443e+25 1.900180643431565056e+18
1.396131108401017774e+25 -2.079969746480858852e+25 -1.133084063185774336e+18 3.694601123745259486e+25 1.377799775871859667e+25 7.863256035042099200e+17 -6.262989922549213179e+25 -8.086615367515131634e+25 -7.809683929934540800e+16 -2.466072149403060485e+26 -1.345339035138162911e+27 -7.428503668254599680e+17 -1.553706820332386609e+25 9.871463256775990536e+24 -3.745079838595065600e+17 9.334874368779139439e+24 9.275496330854719824e+24 7.644898815679731200e+17 -5.223004827731580080e+24 9.182830456534387774e+24 -1.899294841494190720e+17 1.029191354373369793e+26 4.078125052074123403e+24 -8.107525232567480320e+17 3.288328102945766458e+24 1.232451305312969145e+25 1.171652965822118912e+18 -2.054225412822936570e+24 6.298630886631228603e+23 7.999912669065560000e+15 2.904871207601939842e+25 -3.899142878028937511e+25 9.313211332679998720e+17 -8.022406070267504780e+24 -7.299682278992275759e+24 -5.384521806723992320e+17 1.369845045232151546e+25 -8.215651113856795924e+24 -7.097178257884663040e+17 1.988355134240465359e+25 -1.435338590627053065e+25 1.898631354324007424e+18 -2.500924119135540739e+26 1.188903636401623735e+26 -6.250983442083152640e+17 1.139401022840718719e+25 6.819606805617217785e+25 9.688501452931301120e+17 -5.091078763919571712e+27 -1.951242446023936883e+27 -1.211562613246385280e+17 8.010801557679722416e+25 1.191556134488944750e+25 -7.671403391519189760e+17 7.459415451101311210e+26 -4.447851243401223429e+26 1.018974673989870720e+18 -6.285990751678264102e+25 1.388532312710476739e+26 2.157731357673036800e+18 -1.684094956904648524e+25 1.384380119485050492e+25 -5.825052198226787840e+17 -3.807433748664390890e+28 -5.836755358686416542e+28 -4.569028058133923200e+16 -3.775436894821862982e+24 -7.973663001996614045e+24 1.421418833356019200e+18 1.494252104187635728e+27 1.996841495610287862e+27 -2.091174522596157184e+18 2.732575628686831775e+25 -5.945338020193115367e+25 9.957542907074158080e+17 -1.354783289050941862e+25 -3.975883102057200398e+25 -1.871704109867294464e+18 -9.143803997069884283e+24 4.632401582438855767e+25 -6.191066133834649600e+17 2.615717239304021247e+25 8.639131882695451482e+24 -3.564885563947701760e+17 4.779586735770766199e+25 -7.580282406479298156e+25 8.211766556240622080e+17 -1.202008797096937124e+25 1.230322826447009898e+25 6.785241069110513920e+17 9.504454262781699994e+26 -1.480897324745337304e+26 -9.439594174237388800e+16 -1.108385504430164210e+25 -1.660913951316193638e+25 1.052065077484559872e+18 -7.076314646516400627e+24 1.396956685266470276e+25 -1.831707431663439872e+18 1.422327656954116361e+29 2.065339397548807378e+29 1.923413804550609920e+18 8.701073011238104595e+24 5.710449514786526166e+25 2.392298507725104640e+17 -5.346441175778354967e+26 5.599720618423424434e+25 -4.096098419481578240e+17 -2.849886412045384547e+25 1.443258290853368287e+26 -2.386854075625160192e+18
4.473098526060108800e+17 1.035519391341011200e+18 -6.730206141526010851e+24 2.824831914234332160e+17 -7.946973802704346880e+17 1.031623225942834784e+25 4.661331632222894720e+17 1.561806813661213440e+18 2.833304181294477834e+25 5.303939664047116160e+17 1.347079094621628160e+18 1.019343019293024030e+27 9.771266366884994560e+17 1.271142907768668928e+18 -3.833795380160716270e+24 -3.995058417243948800e+16 6.583667300683928320e+17 1.354084047237952337e+25 -6.646839216241054720e+17 -6.164466954207576320e+17 -7.702977182563412275e+24 -3.700790157948288000e+16 1.062665388071600256e+18 -3.557680739373333325e+24 -3.887062968619733760e+17 -5.822053899755684800e+16 -5.747320223815216874e+24 -2.751565583946135040e+17 1.001887728399119360e+17 -7.634696402689597419e+24 -7.691790450161821440e+17 2.865832822682424960e+17 7.079291769204907096e+23 -3.308958275763121920e+17 -3.979950776497364480e+17 2.920720448278701676e+24 6.507849390320134400e+17 1.790234692959164928e+18 4.365119253984333124e+24 -8.992703705985589760e+17 8.740356477974835200e+16 9.122303310190898798e+24 3.468407210906412800e+16 -6.667099603013744640e+17 -3.584801937021863259e+26 5.178172513605320960e+17 8.822977834611598080e+17 -4.015900862632832197e+25 3.251255902546054400e+16 -2.127739263918010240e+17 -4.339427063564316645e+26 4.675812293380168960e+17 2.971904124972954880e+17 -2.116296951537328433e+26 4.090750173753523840e+17 3.186098452252403200e+17 1.880206728605980219e+27 -1.412401248129124160e+17 4.448466917436718400e+16 1.758625770231070574e+26 4.685622720365187840e+17 -1.179507535815805440e+17 1.047555502469822764e+25 -9.899679969085588480e+17 6.188966621984535040e+17 -7.666496195091986143e+27 -1.081040840820558592e+18 3.881999715302387200e+17 -3.071206844623449845e+25 -3.610106032989226240e+17 -6.383007518731304960e+17 6.229047429374498738e+26 -4.110647385288028800e+17 2.017167342905239808e+18 -1.254243056903088387e+25 1.026695202526832128e+18 7.447316326737707520e+17 -1.678057562721839943e+25 4.483351205839562880e+17 4.671087171336977920e+17 3.222579771734104435e+25 1.201155365413324800e+18 1.478447477531520256e+18 -6.503129847188626714e+25 -1.784927158732765696e+18 8.941799803364736000e+16 6.244893693046083622e+25 -1.481569283285810944e+18 4.116381123548232960e+17 -2.254385869885316375e+25 -1.166729940773137920e+18 -1.040576621218243072e+18 3.333494519629621327e+26 1.680163947003710464e+18 -1.439083826432454144e+18 3.492038475781905467e+26 -1.702242280515006720e+17 2.135690701677847552e+18 3.519351129667714670e+25 -3.107935757963233280e+17 1.923413804550609920e+18 1.905281085561785420e+28 -2.204640443083099648e+18 8.318650947544078080e+17 3.222556179170318174e+25 -4.824005203191799040e+17 1.151257293988042752e+18 -3.256254907739689659e+27 1.767437227995769600e+18 -9.036146126690921472e+18 8.972191971140940264e+25
-8.071506377752206440e+25 6.255809013960677339e+25 -9.266966714826794240e+17 -2.077310759642461171e+25 -1.398743569774971850e+25 1.160223968202976800e+17 -1.345772362787584332e+27 2.464152380197770435e+26 -7.602447175287836160e+17 1.386102652087090930e+25 -3.703702458988282945e+25 5.478112938316896000e+17 6.836672867256671405e+25 -1.144573585538695155e+25 -3.621025198563807360e+17 9.315785114503702995e+24 5.162446954547334758e+24 2.424696570606161600e+17 1.198855688093742352e+25 -8.024205232518117911e+25 9.766057918480564480e+17 9.959458157181401551e+24 1.551160391162139387e+25 2.067653742940418560e+18 -1.405449266190707809e+25 -2.004212341169524323e+25 -6.417705711457344000e+17 1.404120470506860512e+25 1.674682001756646787e+25 2.734975196700727680e+17 -7.292667783865547811e+24 8.076344464616976521e+24 -6.600800672681489920e+17 -7.711011173066491449e+24 4.635033552214678122e+24 1.166648266554894080e+17 7.450663596664861502e+23 2.044914468086207721e+24 -2.730006504535395200e+16 1.390887774189384544e+26 6.266170394794670946e+25 -1.410275045792628224e+18 1.224917881436177408e+25 -3.390530308757720436e+24 9.675001185369381120e+17 -4.446565415944863244e+26 -7.460773709215331177e+26 1.136290375661122432e+18 9.354102751213159925e+24 -9.385296729584239091e+24 -4.452051026673227520e+17 -1.953741363414339047e+27 5.093015584559139107e+27 -4.560645517049624320e+17 4.124668376430132821e+24 -1.030451682296649848e+26 5.526038259316597120e+17 1.194652336238603096e+26 2.504641463035481872e+26 3.158406720748931840e+17 1.997915094808539744e+27 -1.494914853486155272e+27 -1.900436091329984640e+17 -3.895757828671094957e+25 -2.815032364594143359e+25 -1.516598695051108608e+18 -5.838204204190174289e+28 3.809706838802315140e+28 6.123779998840258560e+17 -8.154005317160001440e+24 -1.384959542924444948e+25 -6.221745014617697280e+17 1.232966016333367762e+25 1.219307778214594483e+25 3.845274554762508800e+16 1.459064478999088409e+25 6.834486836327319805e+24 2.211666606555192640e+17 9.328753809742325061e+24 -2.642606617851815542e+25 -2.010602012390571520e+18 5.749078286801061294e+25 -9.389469807237283889e+24 9.744862927093603840e+17 -3.970316487498325689e+25 1.360820300533125853e+25 -1.524722867106525440e+18 -1.615013903379740949e+25 1.042434229335912272e+25 -7.497946822196057600e+17 -5.897059896225158104e+25 -2.720926740615514436e+25 -1.242735990968692736e+18 -1.472756891855624853e+26 -9.512411993652034108e+26 -2.891712724350060800e+17 5.567263814301417686e+25 5.340560694990622691e+26 -1.329249592365764096e+18 4.616822747791446091e+25 8.701073011238104595e+24 -2.204640443083099648e+18 2.065780078735220167e+29 -1.423066366292115231e+29 -1.181304018424950784e+18 -7.603347908718804356e+25 -4.814081708886889856e+25 -1.305836507285679616e+18 1.443963519504543521e+26 2.839181586392721467e+25 3.192305409037777920e+18
-4.189021747662666140e+25 2.711903150440752738e+25 6.457316709839550720e+17 -6.300959089164117107e+24 1.066098628476026609e+25 -2.494708900325698048e+18 -8.642824214654035801e+26 4.910050775909980720e+25 1.922871518776173568e+18 -5.100775376513259887e+24 5.836158131367595366e+24 -6.309222632586790400e+17 2.953973904960316710e+24 4.727899217660200415e+24 1.161600576542462976e+18 7.706373087929720826e+24 -6.024507780860981142e+24 -2.127192275751849280e+17 -3.428506754181652803e+25 -1.194817671226208540e+26 -6.210373444547759360e+17 1.558476007821649666e+25 2.335023466275435167e+24 -1.567821095266539200e+17 -1.738474790610848993e+25 1.080337190362404412e+25 1.122882185366489600e+18 -1.469295000790980606e+25 1.880128323538971160e+25 2.415041593540645120e+17 -2.227381108494657386e+25 -9.746499437349805926e+24 3.883615617258753280e+17 2.026481507261596958e+25 5.256240274372574414e+25 -9.937370398520030720e+17 -1.283873415455224106e+25 1.099472613770130335e+25 4.171300899870579200e+16 3.885219917950427058e+26 9.728884630921967675e+25 -4.621802614893436800e+17 -5.284460326995250307e+23 2.240506110690424889e+25 2.063167279478314752e+18 -1.540495179259322618e+26 -1.444952510137844830e+27 1.753902872618508160e+17 4.659119699435286665e+25 2.436811317310038044e+25 -8.110253547016595200e+17 -1.967705798217469631e+27 2.148214776383171460e+27 -4.485234910653227520e+17 5.887929561775263759e+25 2.152132713892033022e+25 -8.684194426837527040e+17 3.213780342480644354e+25 2.523416993621412053e+26 -6.634794003455088640e+17 6.039729937023178085e+27 -1.871463682736451560e+27 2.207503931160088960e+17 2.770129481072660888e+24 -5.934418133998026699e+24 1.005144845336490752e+18 3.795015292884757024e+28 -4.753921356731002595e+28 9.854303363925611520e+17 1.273680387991498513e+25 1.319375900528025083e+25 3.119054077773500160e+17 -5.944307979924541750e+25 -6.112908179656324262e+24 7.607370527315664640e+17 -1.847396826270503074e+25 1.280551548579817022e+25 -1.546993593984556032e+18 -2.667083304603696986e+25 -3.290527357279046375e+25 -1.341152069805665024e+18 -1.450214172601943453e+26 4.645859913523944966e+25 1.121928391812096640e+18 1.116569485920109320e+24 -2.544097157989954249e+24 -6.750148554561890560e+17 -5.956873050312793360e+25 1.516932556449062558e+26 1.879156346259766272e+18 5.422402991649502802e+24 2.694830257967716643e+24 -9.221490318219409920e+17 1.253949400869855136e+26 -2.204481380663597694e+26 4.279039060587985920e+17 -5.859772794818135932e+26 5.160299269527645086e+26 -1.948438740387667840e+17 1.444973585652420750e+26 5.710449514786526166e+25 8.318650947544078080e+17 -1.423066366292115231e+29 1.657784785283812629e+29 9.991992128289474560e+17 1.248066636370418526e+25 3.868050061486575209e+25 -1.831736674783489536e+18 2.652776405769319101e+25 2.044228489955365007e+25 -2.517835706757675008e+18
-1.899250694646546880e+17 2.401921806011801600e+17 2.834840006843302910e+25 -1.607167385368402944e+18 1.484000557469607936e+18 -6.729520521985753669e+24 7.585461187144303360e+17 -2.101646444437448960e+18 1.019602020648568140e+27 1.753989656194903680e+17 9.884101265183029760e+17 1.036771758898797031e+25 6.965737651752629760e+17 1.151519983703744256e+18 -4.018073461420688500e+25 -7.675582569960652800e+17 1.054717605978779264e+18 -7.708962019283246214e+24 -6.804842933824837120e+17 -1.002971450084716800e+16 -2.116683728707392161e+26 -1.619962331252163840e+17 -9.298056071491424000e+16 -3.836260973468141545e+24 -5.987991194826402560e+17 5.278881181727406400e+16 9.108315229267965390e+24 -6.192123970788087040e+17 2.084670816672651520e+17 1.047268794127696466e+25 -6.854955215800133120e+17 1.046040891890842112e+18 2.923392990764930628e+24 5.193399065165136640e+17 2.394794252036415360e+17 -3.069790795940925746e+25 -6.100095633952258560e+17 5.374133360716698880e+17 -7.651032090848810592e+24 3.502673293855964800e+17 3.513869591687500800e+16 1.758352395396912303e+26 3.711730334242769920e+17 -6.963149881323720960e+17 -5.748873506203720418e+24 6.549217835382254080e+17 1.814024747643850880e+17 1.880448157220480627e+27 -3.276223595943182720e+17 -1.267818618717691904e+18 1.354534665330107434e+25 1.124024666365141632e+18 2.187344285279657280e+17 -4.327708718618108640e+26 -2.514737681357924480e+17 -2.528405873178761600e+17 -3.524214247357122309e+24 1.038837383832902912e+18 -3.654906781246622080e+17 -3.588261564974164771e+26 -5.304799044305548800e+16 -1.072719536068500224e+18 6.226470611101204802e+26 -3.288070162988435200e+17 -3.691475864501047040e+17 7.028819613326448305e+23 6.421533865005073600e+16 8.564551831295662080e+17 -7.662934268765862461e+27 3.118732349102612480e+17 4.229721481804708480e+17 4.374990615017201624e+24 -4.032933116117679360e+17 1.413753731656918528e+18 -2.247180726024340244e+25 1.065625926028157696e+18 7.523312609499398400e+17 3.518104442074489113e+25 7.325815789632224000e+16 8.087629740394635520e+17 -6.505229449096024848e+25 5.151564539332864000e+17 1.053052627504745856e+18 3.222141837555504292e+25 -1.107992303857372160e+18 -5.847881708441760000e+16 -1.673561112987843340e+25 -1.057061018302795520e+18 1.212418314675424768e+18 3.492148501290435020e+26 -1.390340428971782912e+18 1.405975402587235072e+18 -1.256287663529580390e+25 -7.175488288770990080e+17 -2.397500445442379264e+18 3.333088402035045891e+26 5.203202071034519680e+17 2.801445886600894976e+18 -3.255731950060155810e+27 2.359223777414970880e+17 2.392298507725104640e+17 3.222556179170318174e+25 -1.181304018424950784e+18 9.991992128289474560e+17 1.903595999235434027e+28 8.460857956252128000e+17 6.453601075885542400e+17 6.250209518254445665e+25 1.703403596564328704e+18 -3.462082938078842880e+18 8.975943218955756345e+25
-1.404769236111749682e+24 -3.547019594716628918e+24 8.631790702245265600e+16 9.359815436839048087e+24 -4.026274247951228446e+25 5.736277866925728640e+17 -2.253364670324421512e+25 -1.278701907175397907e+25 -2.832396361591181312e+18 -6.368105752226876146e+25 -9.942685347523032445e+26 -4.406322951369804000e+16 -9.280986153254503223e+24 2.032215031299506447e+25 8.157731067708513280e+17 -1.334702608373035334e+25 3.817207399110456498e+25 -7.496391783102897920e+17 -1.659112598313547472e+24 1.439658281709122255e+25 1.243658184221180160e+18 -1.569774067302108224e+26 3.190737956327969174e+24 2.309498134408389760e+17 -2.464695701621206218e+24 -8.085932063928932035e+24 -3.506301780927964800e+17 -1.664322075326386666e+25 -1.030379336540989777e+25 5.899383788127764480e+17 -1.288765481699960528e+25 5.330144334424004928e+25 1.445084685376610240e+17 1.909272326210331398e+25 -1.187754932589361199e+25 3.208027708451506560e+17 2.827750313469439896e+25 2.029386077022173919e+25 1.098473465775216512e+18 1.330618690921824239e+25 -2.046529844824549532e+25 7.097134731488570880e+17 1.340043336553753540e+26 4.221852371544247277e+26 -7.119708425928444800e+16 1.421821279943760656e+25 3.970451599630212274e+25 5.977413580022928640e+17 -1.576987278444078039e+27 -2.592029864887732987e+25 1.274841578140182528e+18 -1.517579907661846894e+25 4.475171484704934144e+25 1.225476176645986304e+18 2.398299296578433282e+27 -2.433121568674272170e+27 -1.211338389367379200e+17 2.198727342346675942e+26 2.411713708469726008e+25 7.897039600584132800e+16 -9.124993510640761661e+24 1.899913548217955071e+25 9.782658991816436480e+17 -1.454133700901465176e+27 6.400536808834897613e+27 2.056784356165898240e+18 -1.665671910822080991e+25 -3.504938456008113126e+25 -1.247938087502607616e+18 -3.873558805805791515e+28 3.563199776508149524e+28 -1.500520882729715456e+18 -1.581417968618909925e+25 5.639877016938950376e+25 3.100223596072498560e+17 1.429469700180939146e+25 1.644505050309706627e+25 3.229732854025765120e+17 1.422232921484261577e+25 -1.810388395290473908e+25 -1.703759640878185984e+18 -2.491937643333919573e+24 -1.357334291349485860e+25 1.666054721692864000e+18 -6.439845978024561398e+25 6.634131538876260684e+25 -1.000668469541595264e+18 -1.868905630274134144e+25 -1.111935046303206936e+25 1.500595869994123520e+17 -7.932194171085543671e+25 -2.673968549835417397e+25 6.706206284482800000e+16 -3.678989637083029192e+26 4.710702123674175270e+25 1.402077358477950208e+18 -4.726899873168583459e+25 -6.619886058592196387e+25 4.771131886142260480e+17 5.157500718489273592e+26 -5.346441175778354967e+26 -4.824005203191799040e+17 -7.603347908718804356e+25 1.248066636370418526e+25 8.460857956252128000e+17 1.356558756008349642e+29 -1.345598886232103318e+29 2.148267493606079360e+17 1.184134696426230440e+25 4.610235186488872212e+25 -3.272586355872188416e+18
-9.178890988046317666e+24 -2.675134575025678850e+25 -1.108906567058358080e+17 5.650789700308692768e+25 -9.301540605807892288e+25 -1.404234686494108160e+18 -3.039511618684686473e+25 1.459482607025556981e+25 -8.511411162489501440e+17 1.218392122454144642e+26 -1.273787320810432969e+27 1.616879853805568000e+15 6.244855740776116373e+24 -3.086373186509493554e+22 -8.948797144496371200e+16 2.733534987266793067e+24 5.060539242688177790e+25 1.247511189213180672e+18 1.767769350980453249e+25 -1.526376695999967716e+24 9.516810615621949440e+17 -5.329896385822847331e+25 1.152361823317493060e+25 6.159869138354009600e+17 -1.777180647052169374e+25 -1.302413673419477928e+25 -8.507644996042071040e+17 -4.745301129659433773e+24 -4.059057059655805772e+24 9.970805683425244800e+16 2.753051026280110162e+25 -2.130979281710727689e+25 3.693989175564595200e+17 2.970182590091447121e+24 -1.121634338122511097e+25 -1.137839985578187008e+18 1.284023450946003111e+25 -9.610094590788687622e+24 9.008491254451916800e+16 -7.081295296657501488e+24 -5.466529808054752840e+24 1.033815949488778752e+18 7.394960960992446431e+25 6.695397298386833271e+25 -2.267447503025980160e+17 -3.022441815013781141e+24 7.452353705959705861e+24 -9.523777929855060800e+16 -6.181369798765187895e+26 -3.745537484820941867e+26 5.451234257934305280e+17 -9.317210480469640934e+25 -2.782692693848066686e+24 5.386066115550087680e+17 4.636804977463829115e+27 -2.243102715777629715e+27 -1.296967444571458816e+18 2.439920878947403157e+26 1.015103128363022792e+26 -9.599546516883063040e+17 -1.498084697953191516e+25 -5.877928766190743196e+24 5.624093503178563200e+17 -1.131847589693958989e+27 1.453380248507366362e+27 -4.804958607378886400e+17 2.581608143670512116e+24 -3.988791671717299985e+25 1.038831293459886208e+18 3.576076664801969159e+28 -6.592842098251983740e+28 4.996277153659244800e+17 1.555070709494880329e+25 -6.719820742815037901e+25 8.692150108556527360e+17 1.644063903184860619e+25 -5.922026715860680713e+25 -1.644380879797931008e+18 6.955730777244374135e+24 1.270968629480957598e+25 -1.150614340634907136e+18 -1.430014205934873247e+24 -3.983661468503366002e+25 3.842962272520145280e+17 8.327920388858177640e+24 -4.702353922015483100e+25 -1.599802936519764480e+17 -4.796582561140405134e+24 -1.205684755698443680e+25 1.311666810749889024e+18 4.563373567709928193e+25 -2.600982743758347472e+25 -7.897412321044473600e+17 -8.772184837273188116e+26 -1.300022107232671892e+26 8.331864191997565440e+17 -8.262479682873172007e+24 -6.402796720625956800e+25 -1.038612949284876544e+18 5.852801416421719498e+26 5.599720618423424434e+25 1.151257293988042752e+18 -4.814081708886889856e+25 3.868050061486575209e+25 6.453601075885542400e+17 -1.345598886232103318e+29 2.360107755911049328e+29 -1.167175934578924032e+18 4.468799905945060092e+25 1.309179632697913390e+26 -6.282667687325424640e+17
-8.701521225019787520e+17 -6.683059069083742720e+17 -6.191416706920426301e+24 -1.143383613605627008e+18 -7.396620364323696640e+17 2.390559954390495111e+25 -1.316941791742133248e+18 -8.572880400325568000e+17 3.798456438553336483e+24 -5.369760985288301440e+17 5.390434233853115520e+17 1.007380584913579502e+27 -1.308606469437734912e+18 -7.467234650459351040e+17 -4.418031861301789199e+24 1.838794716068282368e+18 -8.014055474674406400e+17 -4.192322088249086319e+25 -2.310662263283218432e+18 -8.456578345714846720e+17 -4.291941079834687439e+23 2.538764007907847360e+17 2.318316107429859200e+16 -2.200894332065066366e+26 1.720384649384299520e+17 -1.779570792104113600e+17 1.276144590303207256e+25 2.154217897726664320e+17 -8.004305913014398720e+17 -1.060706413186916364e+24 -1.147431749513080960e+17 -6.023376542520496640e+17 9.866675872382228953e+24 7.899305393873536000e+17 1.984511783685472960e+17 1.033634679407094520e+25 1.759083099302709760e+18 -3.682791048998464000e+16 -3.215353342049577656e+25 7.809977835865241600e+17 -1.421342287705981952e+18 -6.190122286637008676e+24 1.748149084527180800e+17 -7.389189577040736000e+17 1.640049097223228411e+26 1.414962364456883968e+18 1.156808915899208400e+16 1.098367382914348293e+25 -1.014915710791016960e+17 -1.828291711589068800e+18 1.864805973363480658e+27 9.336027819981832960e+17 -9.475815501104317440e+17 -1.734042009977154916e+25 -8.315098725267727360e+17 -1.293081920271226368e+18 -4.474745010259195396e+26 1.690516711084974720e+17 -9.240659539362101760e+17 -3.759348511676982414e+26 6.587385587428167680e+17 -8.904198227873367040e+17 2.929821336950880579e+24 -8.416893379228522240e+17 -1.156730651444207872e+18 5.822308153207010679e+26 -5.586810261003952640e+17 1.129983485273568896e+18 -2.046291693063939655e+25 1.144835169328655232e+18 5.229154139381459200e+17 -7.431872381671435352e+27 7.588406273467205120e+17 2.450649677808432640e+17 -2.452812218229356241e+24 2.795746643806141440e+18 -1.187796209686855936e+18 1.279062885796369276e+25 1.505144447341241856e+18 -1.049774583358770560e+18 3.521064054427704576e+25 2.747527686576045056e+18 -1.140967028952188672e+18 -1.675932330529668077e+25 -1.224441062826813440e+18 -1.256634170193340928e+18 -1.030857701536016276e+25 -3.423203047264071680e+17 -2.178911218060678656e+18 -2.690835133132603834e+24 -9.782822217122851840e+17 -2.071030553506843136e+18 2.971936085479480700e+26 1.548676771662142464e+18 -4.603093221424132096e+18 2.706198146327779468e+26 9.495690550111818240e+17 -5.696474008068633600e+16 -1.030062626628708544e+25 2.286749397370982400e+16 -4.096098419481578240e+17 -3.256254907739689659e+27 -1.305836507285679616e+18 -1.831736674783489536e+18 6.250209518254445665e+25 2.148267493606079360e+17 -1.167175934578924032e+18 1.887685863308728274e+28 -7.162027348364536320e+17 1.151858328670760960e+19 8.508437081283182313e+25
-5.733563808672177743e+26 -1.297520416703794125e+26 -1.506286361241641984e+18 -3.118339305582704539e+27 1.340892122419997807e+26 8.213040546850004480e+17 -3.116463050583495050e+27 1.340613648060275002e+26 2.408259010823266816e+18 -5.733731169431692236e+26 -1.292220037804359813e+26 6.793655407467951360e+17 1.977985378819666767e+26 2.394092390125008834e+26 -8.727266996700572160e+17 -5.468238472338520060e+26 7.278599142115592920e+26 -3.479675510875137280e+17 9.221721066074327118e+25 -3.224584734582576642e+26 -1.674801992484640000e+17 -6.491965179957086735e+26 -6.490427209720049302e+26 -2.161345921665566464e+18 -1.081908658176254692e+26 -2.791542979126559936e+25 6.576052012761772800e+17 -3.593887726420760544e+25 7.955157560154111150e+25 -2.866270142190816256e+18 3.540494260873344285e+26 1.393249114625392322e+26 5.341103718178433280e+17 -6.486840452012222639e+25 -3.875917652147862526e+25 2.631113501378720000e+17 3.317261306116320697e+26 -1.807223258247017248e+26 -6.887703566437708800e+17 -1.028900274220444770e+26 3.069634172105547306e+25 -1.884977216740792320e+18 -1.028202873969140945e+26 3.063991804051724481e+25 -1.400640130651442720e+17 -6.491233124216017416e+26 -6.490760451228294690e+26 -1.969128783870371328e+18 9.223486518402933299e+25 -3.224428103770271134e+26 9.555416594615646720e+17 -5.465371396872088666e+26 7.277161331109512166e+26 1.303540188597322240e+18 1.977252451956594532e+26 2.394076400508148201e+26 -8.224289274453777920e+17 -1.081785269961745830e+26 -2.783153476777912214e+25 -8.909656578842716160e+17 3.317457699042688833e+26 -1.807347690809189562e+26 1.444614640404003328e+18 -6.486698349645568592e+25 -3.879087845799866944e+25 4.153928315154423680e+17 3.540534429985274001e+26 1.392850756780035661e+26 -1.600169637749028864e+18 -3.594440752893638484e+25 7.952029417142601268e+25 -7.021711044061016000e+16 -3.367744245672011673e+24 -1.131657863770211778e+26 -3.633483765071430656e+18 1.184481272274881662e+25 4.471171035532522471e+25 -3.590744026200545280e+18 1.443447249413879782e+26 2.655183155747221706e+25 4.639195759477975040e+18 2.040971009659462407e+25 -2.847901591974566865e+25 -5.203410357965154304e+18 1.308365650310532354e+26 -4.600831409648987971e+25 2.308269680265400832e+18 1.098039422361541004e+25 1.095614590380729286e+26 5.859814665439294720e+17 1.099724313476260387e+25 1.095784230381563530e+26 -4.305060385000341504e+18 -3.255829819573602643e+24 -1.132290194606693203e+26 -2.268372843275656448e+18 1.308444992416224347e+26 -4.601892303703194202e+25 7.425501732481497088e+18 2.044465106305747563e+25 -2.849886412045384547e+25 1.767437227995769600e+18 1.443963519504543521e+26 2.652776405769319101e+25 1.703403596564328704e+18 1.184134696426230440e+25 4.468799905945060092e+25 -7.162027348364536320e+17 6.222992970306345973e+27 -1.085904628391254941e+24 7.229096462704089600e+17
-1.334287125221659473e+26 -3.107796437872590063e+27 1.591263092191654400e+17 1.303334077602256806e+26 -5.724365499428661609e+26 -7.526859911967865600e+16 1.301255001926507392e+26 -5.726118756414120514e+26 5.940560682966905600e+17 -1.333314799531260612e+26 -3.106719075982316910e+27 -3.284809065127462400e+17 6.489876033077609491e+26 -6.485243386451467359e+26 1.622209636782230016e+18 3.226757189230459300e+26 9.208334643027378678e+25 -2.338356841152827392e+18 -7.279088191566032764e+26 -5.461604152897076006e+26 1.329524936712249344e+18 -2.396159573668700081e+26 1.976236417120639517e+26 1.627423416882706176e+18 -3.058092824972503209e+25 -1.028873613645766344e+26 -1.806859946157427968e+18 1.806017388520772330e+26 3.317158902285610831e+26 -1.164492916965819904e+18 3.881005672329310456e+25 -6.491793830758567191e+25 9.550193042399124480e+17 -1.391935548376857678e+26 3.540888539016644321e+26 2.471227686928288256e+18 -7.961034817558289860e+25 -3.595342361341544396e+25 4.845244804220446720e+17 2.782593008801830015e+25 -1.083852862933301828e+26 2.015076679437724800e+17 2.764766168618648583e+25 -1.082305351709517898e+26 -2.701048830134351360e+18 -2.394922859817896558e+26 1.977622979128136826e+26 -8.158569842264554240e+17 -7.276237196725504402e+26 -5.460076395945369584e+26 3.370157647847271424e+18 3.226007759820726275e+26 9.217114774964811580e+25 -1.441503614062110976e+18 6.492691824396723614e+26 -6.486710639631575133e+26 -3.441871101573996800e+17 -3.068442195082935198e+25 -1.030473995214050889e+26 -1.549479401174555840e+17 -7.957803639551003118e+25 -3.595813572229170084e+25 -9.141835164544552960e+17 -1.391600749422370037e+26 3.540610325328022225e+26 1.199649159602195968e+18 3.882131195412204896e+25 -6.491373993954744589e+25 -2.441062153536979456e+18 1.806543373596187658e+26 3.317765305964688637e+26 1.613386508779812608e+18 -1.095043557314964232e+26 1.084452697537618865e+25 -6.864543730092986368e+18 4.610232146458155069e+25 1.308919824957051722e+26 6.673014277703313408e+18 2.842181518210647322e+25 2.040099837563318400e+25 1.038166321253969510e+19 -2.665898286890519288e+25 1.443459076940429482e+26 -7.241890151970331648e+18 -4.474396163539419684e+25 1.180167114308400836e+25 5.837386715189307392e+18 1.131671462980355212e+26 -3.301617420860711802e+24 -1.360667246987408179e+19 1.131931868642515964e+26 -3.270072876603956772e+24 7.539500774507754496e+18 -1.096093402721974416e+26 1.093583783816090853e+25 -6.031322311304325120e+18 -4.473888348158716746e+25 1.180570534677664540e+25 1.062996451921267098e+19 -2.669431186014880443e+25 1.443258290853368287e+26 -9.036146126690921472e+18 2.839181586392721467e+25 2.044228489955365007e+25 -3.462082938078842880e+18 4.610235186488872212e+25 1.309179632697913390e+26 1.151858328670760960e+19 -1.085904628391254941e+24 6.205331478552108766e+27 -2.321088062155517440e+17
-4.175018926539951104e+18 1.249170469708929536e+18 -4.685911596671756317e+26 -4.734817489520120320e+17 5.294024798988416000e+16 -4.678564558043087862e+26 1.478269973080448000e+18 -3.313926638271708672e+18 -4.679468291978942842e+26 2.681972840506556160e+17 -1.022685044844314368e+18 -4.686605963273580179e+26 9.387750296701683200e+17 -3.187324447730022912e+18 -6.786598039101038383e+24 -6.069716360784221440e+17 -1.381815877089471744e+18 -6.568980803766749936e+24 1.572175841074510848e+18 2.587441869200731648e+18 -6.584728486243454983e+24 -1.530296678950937344e+18 2.865328067422000960e+17 -6.755238313841162138e+24 -7.634883595023219200e+17 -1.635893793058068736e+18 -2.190139500414982738e+25 2.842568231056686720e+17 1.194266770807225344e+18 2.934944180768900929e+25 1.978773111378109696e+18 3.953788883495243520e+17 2.777239263797683165e+25 -7.776006420281738240e+17 -1.424676916821507840e+17 2.777023992282680561e+25 -1.507628244571882752e+18 -1.523697794207056320e+17 2.936688155905183431e+25 -1.275919196490182912e+18 1.860996058941550592e+18 -2.191258241444379754e+25 2.227159408677664768e+18 3.262613727840663552e+18 -2.189410185738296373e+25 9.131683874030584320e+17 1.503487438998469120e+18 -6.805070409822360180e+24 2.506190206685491200e+18 2.667464606790733312e+18 -6.574318755480018088e+24 -1.712119484852090880e+17 1.052154592604310144e+18 -6.597601871698619208e+24 -2.860538368641536512e+18 1.733264299239518720e+18 -6.777618158960235443e+24 -9.162813352346264000e+16 1.083829192374148608e+18 -2.190853334058814344e+25 7.091041326271388160e+17 3.703808227972632960e+17 2.937945759426884787e+25 2.138769065948959744e+18 -1.850585272458833664e+18 2.773783526734343961e+25 1.371709281740571520e+17 -1.967558252364945920e+18 2.775805502865917378e+25 -8.261734246640014080e+17 -4.092790054122200064e+18 2.937893722153493010e+25 1.620492022901060352e+18 -2.273836016854067712e+18 -8.836040828388337452e+24 -1.997599395324996096e+18 -2.476688259042159616e+18 8.507230447262443820e+25 5.797412300403511296e+18 -6.509701180240202752e+18 8.976075344422557582e+25 -2.845170404774162944e+18 -3.481125238112039936e+18 8.973870447036821785e+25 2.360380744017491200e+16 9.108342200719468544e+18 8.507506644675914877e+25 2.005583719911992000e+17 -5.871117796513157120e+18 -8.818204259311525860e+24 1.626351270349420288e+18 1.142078024450585728e+18 -8.829954295164226136e+24 -3.405284866107147776e+18 6.733869667080419328e+18 -8.817954858290337364e+24 -6.306065240352303104e+18 -1.194448928226840576e+19 8.507755885836283225e+25 1.900180643431565056e+18 -2.386854075625160192e+18 8.972191971140940264e+25 3.192305409037777920e+18 -2.517835706757675008e+18 8.975943218955756345e+25 -3.272586355872188416e+18 -6.282667687325424640e+17 8.508437081283182313e+25 7.229096462704089600e+17 -2.321088062155517440e+17 1.225215849370893776e+27
